firstdate;marketcode;segmentcode;isincode;description;currencycode;minimumlot;status;issuedate;issueprice;redemptiondate;redemptionprice;
07/05/2026;EUROTLX;EUROTLX;XS3318840223;Lottomaticag Fx 4.625% Apr32 Call Eur;EUR;100000;;;;30/04/2032;;
07/05/2026;EUROTLX;EUROTLX;XS2433136194;Israel Fx 0.625% Jan32 Eur;EUR;1000;;;;18/01/2032;;
07/05/2026;EUROTLX;EUROTLX;XS1936101291;Israel Fx 2.5% Jan49 Eur;EUR;1000;;;;16/01/2049;;
07/05/2026;EUROTLX;EUROTLX;XS1936100483;Israel Fx 1.5% Jan29 Eur;EUR;1000;;;;16/01/2029;;
07/05/2026;EUROTLX;EUROTLX;US46513JB593;Israel Fx 4.5% Apr20 Usd;USD;200000;;;;03/04/2120;;
07/05/2026;EUROTLX;EUROTLX;US066716AB78;Cb Tunisia Fx 8.25% Sep27 Usd;USD;1000;;;;19/09/2027;;
05/05/2026;EUROTLX;EUROTLX;XS3341155771;Barclaysbank Indlink May38 Autocall Eur;EUR;1000;;;;05/05/2038;;
05/05/2026;EUROTLX;EUROTLX;XS3199026785;Deutschebank Mc May31 Eur;EUR;1000;;;;05/05/2031;;
04/05/2026;EUROTLX;EUROTLX;XS3349823941;Gg12 Spa Fx 6.25% Apr33 Call Eur;EUR;100000;;;;28/04/2033;;
04/05/2026;EUROTLX;EUROTLX;IT0005706871;Isp Mc Apr36 Usd;USD;2000;;;;29/04/2036;;
04/05/2026;MOT;EUROMOT;XS3362255237;Italy Fr Oct41 Eur;EUR;100000;Senior;30/04/2026;;30/10/2041;;
04/05/2026;MOT;EUROMOT;IT0005706871;Isp Mc Apr36 Usd;USD;2000;Senior;29/04/2026;;29/04/2036;;
30/04/2026;EUROTLX;EUROTLX;XS3323924251;Bnpparibasis Fr Apr30 Eur;EUR;1000;;;;24/04/2030;;
30/04/2026;EUROTLX;EUROTLX;XS3305127337;Deutschebank Oc Ind Link Apr31 Eur;EUR;1000;;;;30/04/2031;;
30/04/2026;EUROTLX;EUROTLX;XS3199545545;Bnpparibasis Mc Apr31 Eur;EUR;1000;;;;16/04/2031;;
30/04/2026;EUROTLX;EUROTLX;IT0005707085;Bancasellaho Mc Apr31 Call Eur;EUR;100000;;;;28/04/2031;;
30/04/2026;MOT;EUROMOT;EU000A4ETUZ1;Bei Fx 2.625% Oct29 Eur;EUR;1000;Senior;28/04/2026;;15/10/2029;;
30/04/2026;MOT;BTP;IT0005707614;Btp Fx 3.15% Jun31 Eur;EUR;1000;Senior;04/05/2026;;01/06/2031;;
29/04/2026;EUROTLX;EUROTLX;IT0005706244;Bmps Fx 3.059% Apr29 Est Covered Cal Eur;EUR;100000;;;;29/04/2029;;
29/04/2026;MOT;EUROMOT;DE000BU22130;Schatz Fx 2.5% Jun28 Eur;EUR;1;Senior;23/04/2026;;14/06/2028;;
28/04/2026;EUROTLX;EUROTLX;IT0005707291;Unicredit Spa Fr Eur3m+0.35% Oct29 Eur;EUR;150000;;;;27/10/2029;;
27/04/2026;MOT;EUROMOT;XS3344416287;Kfw Green Fx 2.875% Jun31 Eur;EUR;1000;Senior;16/04/2026;;30/06/2031;;
27/04/2026;MOT;EUROMOT;US298785KR65;Bei Fx 3.75% May29 Usd;USD;1000;Senior;21/04/2026;;15/05/2029;;
27/04/2026;MOT;EUROMOT;FI4000602891;Finland Fx 3.35% Sep36 Eur;EUR;1000;Senior;16/04/2026;;15/09/2036;;
24/04/2026;MOT;EUROMOT;FR0014017Z10;Oat Green Fx 3.8% Jun37 Eur;EUR;1;Senior;25/06/2025;;25/06/2037;;
24/04/2026;MOT;EUROMOT;EU000A4ES497;Eu Safe Fx 4% Oct46 Eur;EUR;1;Senior;21/04/2026;;12/10/2046;;
23/04/2026;EUROTLX;EUROTLX;XS3337015450;Sg Issuer Mc Ind Link Apr36 Call Eur;EUR;1000;;;;23/04/2036;;
23/04/2026;EUROTLX;EUROTLX;US22541LAE39;Ubs Americas Fx 7.125% Jul32 Call Usd;USD;1000;;;;15/07/2032;;
22/04/2026;EUROTLX;EUROTLX;US38141GFD16;Gs Group Fx 6.75% Oct37 T2 Call Usd;USD;2000;;;;01/10/2037;;
22/04/2026;EUROTLX;EUROTLX;US172967HA25;Citigroup  Fx 6.675% Sep43 T2 Usd;USD;1000;;;;13/09/2043;;
21/04/2026;EUROTLX;EUROTLX;US38141GGM06;Gs Group Fx 6.25% Feb41 Usd;USD;2000;;;;01/02/2041;;
21/04/2026;EUROTLX;EUROTLX;US404280AM17;Hsbc Holdings Fx 6.1% Jan42 Usd;USD;2000;;;;14/01/2042;;
20/04/2026;EUROTLX;EUROTLX;IT0005704900;Unicredit Spa Mc Apr32 Call Eur;EUR;150000;;;;16/04/2032;;
20/04/2026;MOT;EUROMOT;XS3339839154;Ebrd Zc Apr33 Try;TRY;10000;Senior;14/04/2026;;14/04/2033;;
20/04/2026;MOT;BTP;IT0005706285;Btp Fx 3.8% Jul36 Eur;EUR;1000;Senior;22/04/2026;;01/07/2036;;
20/04/2026;MOT;BTP;IT0005706293;Btpi Fx Feb46 Eur;EUR;1000;Senior;15/02/2026;;15/02/2046;;
17/04/2026;EUROTLX;EUROTLX;XS2576550086;Enel Spa Mc Perpetual Sub Call Eur;EUR;100000;;;;;;
17/04/2026;EUROTLX;EUROTLX;XS2312746345;Enel Spa Mc Perpetual Sub Call Eur;EUR;100000;;;;;;
17/04/2026;EUROTLX;EUROTLX;XS2312744217;Enel Spa Mc Perpetual Sub Call Eur;EUR;100000;;;;;;
17/04/2026;EUROTLX;EUROTLX;XS2228373671;Enel Spa Mc Perpetual Sub Call Eur;EUR;100000;;;;;;
17/04/2026;EUROTLX;EUROTLX;XS1713463559;Enel Spa Mc Nov81 Sub Call Eur;EUR;100000;;;;24/11/2081;;
17/04/2026;EUROTLX;EUROTLX;IT0005705097;Unicredit Spa Mc Ind Link Apr36 Eur;EUR;1000;;;;17/04/2036;;
17/04/2026;MOT;DOMESTICMOT;IT0005705097;Unicredit Spa Mc Ind Link Apr36 Eur;EUR;1000;Senior;17/04/2026;;17/04/2036;;
16/04/2026;EUROTLX;EUROTLX;XS2975137964;Enel Spa Mc Perpetual Sub Call Eur;EUR;100000;;;;;;
16/04/2026;EUROTLX;EUROTLX;XS2975137618;Enel Spa Mc Perpetual Sub Call Eur;EUR;100000;;;;;;
16/04/2026;EUROTLX;EUROTLX;XS2576550243;Enel Spa Mc Perpetual Sub Call Eur;EUR;100000;;;;;;
16/04/2026;MOT;DOMESTICMOT;IT0005704207;Italgas Spa Fx 3.625% Apr32 Call Eur;EUR;100000;Senior;16/04/2026;;16/04/2032;;
15/04/2026;MOT;EUROMOT;US857524AL62;Poland Fx 6.125% Apr56 Call Usd;USD;1000;Senior;14/04/2026;;14/04/2056;;
15/04/2026;MOT;EUROMOT;US857524AK89;Poland Fx 5.375% Apr36 Call Usd;USD;1000;Senior;14/04/2026;;14/04/2036;;
15/04/2026;MOT;EUROMOT;US857524AJ17;Poland Fx 4.625% Apr31 Call Usd;USD;1000;Senior;14/04/2026;;14/04/2031;;
14/04/2026;EUROTLX;EUROTLX;US105756CN87;Brazil Fx 7.25% Jan56 Call Usd;USD;200000;;;;12/01/2056;;
14/04/2026;EUROTLX;EUROTLX;US105756CL22;Brazil Fx 6.625% Mar35 Call Usd;USD;200000;;;;15/03/2035;;
14/04/2026;EUROTLX;EUROTLX;US105756CJ75;Brazil Fx 7.125% May54 Call Usd;USD;200000;;;;13/05/2054;;
14/04/2026;EUROTLX;EUROTLX;US105756CH10;Brazil Fx 6.125% Mar34 Call Usd;USD;200000;;;;15/03/2034;;
14/04/2026;EUROTLX;EUROTLX;US105756CG37;Brazil Sustain Fx 6.25% Mar31 Call Usd;USD;200000;;;;18/03/2031;;
14/04/2026;EUROTLX;EUROTLX;US105756CF53;Brazil Fx 6% Oct33 Call Usd;USD;200000;;;;20/10/2033;;
14/04/2026;EUROTLX;EUROTLX;US105756CB40;Brazil Fx 4.75% Jan50 Call Usd;USD;200000;;;;14/01/2050;;
14/04/2026;EUROTLX;EUROTLX;US105756BB58;Brazil Fx 8.25% Jan34 Usd;USD;1000;;;;20/01/2034;;
13/04/2026;EUROTLX;EUROTLX;XS3316102162;Sg Issuer Mc Ind Link Apr36 Call Eur;EUR;1000;;;;13/04/2036;;
13/04/2026;EUROTLX;EUROTLX;XS3316102089;Sg Issuer Mc Ind Link Apr36 Call Usd;USD;1000;;;;13/04/2036;;
13/04/2026;MOT;EUROMOT;PTOTVNOE0009;Portugal Fr Jul31 Eur;EUR;1000;Senior;18/07/2025;;18/07/2031;;
13/04/2026;MOT;BTP;IT0005704868;Btp Fx 3.3% Jun33 Eur;EUR;1000;Senior;15/04/2026;;15/06/2033;;
10/04/2026;EUROTLX;EUROTLX;US105756CP36;Brazil Sustainable Fx 5.5% Feb33 Call Usd;USD;200000;;;;04/02/2033;;
10/04/2026;EUROTLX;EUROTLX;US105756CK49;Brazil Sustainable Fx 6.125% Jan32 Call Usd;USD;200000;;;;22/01/2032;;
10/04/2026;MOT;BOT;IT0005704447;Bot Zc Apr27 A Eur;EUR;1000;Senior;;;14/04/2027;;
10/04/2026;MOT;BOT;IT0005704454;Bot Zc Jul26 Q Eur;EUR;1000;Senior;;;14/07/2026;;
09/04/2026;EUROTLX;EUROTLX;XS3315213614;Bnpparibasis Fr Oct27 Eur;EUR;1000;;;;07/10/2027;;
09/04/2026;EUROTLX;EUROTLX;XS3278058782;Bnpparibasis Mc Mar33 Eur;EUR;1000;;;;31/03/2033;;
09/04/2026;EUROTLX;EUROTLX;XS3278001089;Bnp Is Mc Indlink Mar34 Autocall Eur;EUR;1000;;;;31/03/2034;;
09/04/2026;EUROTLX;EUROTLX;XS3266397291;Bnpparibasis Oc Ind Link Mar31 Call Eur;EUR;1000;;;;10/03/2031;;
09/04/2026;EUROTLX;EUROTLX;XS3252943298;Cacib Fs Fx 2.8% Mar29 Eur;EUR;100000;;;;26/03/2029;;
09/04/2026;EUROTLX;EUROTLX;IT0005697583;Mediobanca Mc Apr31 Eur;EUR;1000;;;;08/04/2031;;
09/04/2026;EUROTLX;EUROTLX;IT0005695108;Unicredit Spa Mc Ind Link Mar32 Eur;EUR;1000;;;;31/03/2032;;
09/04/2026;MOT;EUROMOT;XS3306525786;Iadb Sustainable Zc Mar46 Mxn;MXN;100000;Senior;06/03/2026;;06/03/2046;;
09/04/2026;MOT;EUROMOT;XS3298855001;Kfw Green Fx 3.5% Feb28 Pln;PLN;500000;Senior;17/02/2026;;17/02/2028;;
09/04/2026;MOT;EUROMOT;XS3295815511;Adb Fx 2% Feb38 Cny;CNY;500000;Senior;26/02/2026;;26/02/2038;;
07/04/2026;EUROTLX;EUROTLX;XS3253291572;Gs Fin Corp Mc Ind Link Mar32 Eur;EUR;1000;;;;31/03/3032;;
01/04/2026;EUROTLX;EUROTLX;US105756CM05;Brazil Fx 5.5% Nov30 Call Usd;USD;200000;;;;06/11/2030;;
01/04/2026;EUROTLX;EUROTLX;US105756CC23;Brazil Fx 3.875% Jun30 Call Usd;USD;200000;;;;12/06/2030;;
01/04/2026;EUROTLX;EUROTLX;US105756CE88;Brazil Fx 3.75% Sep31 Call Usd;USD;200000;;;;12/09/2031;;
01/04/2026;EUROTLX;EUROTLX;US105756CA66;Brazil Fx 4.5% May29 Call Usd;USD;200000;;;;30/05/2029;;
01/04/2026;EUROTLX;EUROTLX;US105756BZ27;Brazil Fx 4.625% Jan28 Call Usd;USD;200000;;;;13/01/2028;;
31/03/2026;EUROTLX;EUROTLX;XS2176897754;Egypt Fx 7.625% May32 Usd;USD;200000;;;;29/05/2032;;
31/03/2026;EUROTLX;EUROTLX;XS1953057061;Egypt Fx 7.6003% Mar29 Usd;USD;200000;;;;01/03/2029;;
31/03/2026;EUROTLX;EUROTLX;XS1775618439;Egypt Fx 6.588% Feb28 Usd;USD;200000;;;;21/02/2028;;
31/03/2026;MOT;EUROMOT;XS3298822688;World Bank Sust Fx 1.95% Mar31 Call Eur;EUR;1000;Senior;31/03/2026;;31/03/2031;;
30/03/2026;EUROTLX;EUROTLX;XS3305125802;Deutschebank Sc Mar38 Call Eur;EUR;1000;;;;26/03/2038;;
30/03/2026;EUROTLX;EUROTLX;XS3305125984;Deutschebank Sc Mar38 Call Usd;USD;2000;;;;26/03/2038;;
27/03/2026;EUROTLX;EUROTLX;XS2391395154;Egypt Fx 7.3% Sep33 Usd;USD;200000;;;;30/09/2033;;
27/03/2026;EUROTLX;EUROTLX;XS2391394348;Egypt Fx 5.8% Sep27 Usd;USD;200000;;;;30/09/2027;;
27/03/2026;EUROTLX;EUROTLX;XS2297226545;Egypt Fx 5.875% Feb31 Usd;USD;200000;;;;16/02/2031;;
27/03/2026;EUROTLX;EUROTLX;XS1807305328;Egypt Fx 5.625% Apr30 Eur;EUR;100000;;;;16/04/2030;;
27/03/2026;MOT;EUROMOT;XS3325443227;World Bank Sustainable Zc Mar31 Brl;BRL;10000;Senior;24/03/2026;;24/03/2031;;
27/03/2026;MOT;EUROMOT;XS3315495765;Gs Fin Corp Fx 5.8% Mar41 Call Usd;USD;100;Senior;26/03/2026;;26/03/2041;;
27/03/2026;MOT;EUROMOT;XS3315491186;Gs Fin Corp Fx 4.5% Mar41 Call Eur;EUR;100;Senior;26/03/2026;;26/03/2041;;
27/03/2026;MOT;EUROMOT;XS3271042254;Enel Spa Mc Perpetual Sub Call Eur;ERR;100000;Q;14/01/2026;;;;
27/03/2026;MOT;EUROMOT;XS3271042098;Enel Spa Mc Perpetual Sub Call Eur;ERR;100000;Q;14/01/2026;;;;
27/03/2026;MOT;BOT;IT0005702656;Bot Zc Sep26 S Eur;EUR;1000;Senior;;;30/09/2026;;
26/03/2026;EUROTLX;EUROTLX;IT0005692543;Mediobanca Fx 3.65% Mar29 Usd;USD;2000;;;;25/03/2029;;
26/03/2026;MOT;EUROMOT;XS3317523044;Adb Zc Jan37 Brl;BRL;10000;Senior;20/03/2026;;05/01/2037;;
25/03/2026;EUROTLX;EUROTLX;XS2990500766;Egypt Fx 9.45% Feb33 Usd;USD;200000;;;;04/02/2033;;
25/03/2026;EUROTLX;EUROTLX;XS2989586941;Egypt Fx 8.625% Feb30 Usd;USD;200000;;;;04/02/2030;;
25/03/2026;MOT;DOMESTICMOT;IT0005700825;Marziofinanc Fx 2.25% Dec50 Amort Call;EUR;100000;O;25/03/2026;;31/12/2050;;
25/03/2026;MOT;DOMESTICMOT;IT0005700817;Marziofinanc Fr Eur1m+0.69% Dec50 Amort;EUR;100000;Senior;25/03/2026;;31/12/2050;;
24/03/2026;EUROTLX;EUROTLX;XS3298383319;Isp Mc Perpetual Sub Call Eur;EUR;200000;;;;;;
24/03/2026;EUROTLX;EUROTLX;XS3295422466;Barclaysbank Oc Mar51 Call Gbp;GBP;1000;;;;24/03/2051;;
24/03/2026;EUROTLX;EUROTLX;US900123CG37;Turkey Fx 6.625% Feb45 Usd;USD;200000;;;;17/02/2045;;
24/03/2026;EUROTLX;EUROTLX;US900123CB40;Turkey Fx 4.875% Apr43 Usd;USD;200000;;;;16/04/2043;;
24/03/2026;EUROTLX;EUROTLX;US900123BJ84;Turkey Fx 6% Jan41 Usd;USD;200000;;;;14/01/2041;;
24/03/2026;EUROTLX;EUROTLX;US900123BG46;Turkey Fx 6.75% May40 Usd;USD;100000;;;;30/05/2040;;
24/03/2026;EUROTLX;EUROTLX;US900123AY60;Turkey Fx 6.875% Mar36 Usd;USD;2000;;;;17/03/2036;;
24/03/2026;EUROTLX;EUROTLX;IT0005700379;Isp Fx 2.91% Mar28 Eur;EUR;100000;;;;24/03/2028;;
24/03/2026;EUROTLX;EUROTLX;IT0005700387;Isp Fx 3.2% Mar31 Eur;EUR;100000;;;;24/03/2031;;
23/03/2026;EUROTLX;EUROTLX;XS3079581479;Isp Mc Perpetual Sub Call Eur;EUR;200000;;;;;;
23/03/2026;EUROTLX;EUROTLX;XS2824056522;Isp Mc Perpetual Sub Call Eur;EUR;200000;;;;;;
23/03/2026;EUROTLX;EUROTLX;XS2678939427;Isp Mc Perpetual Sub Call Eur;EUR;200000;;;;;;
23/03/2026;EUROTLX;EUROTLX;XS2463450408;Isp Mc Perpetual Sub Call Eur;EUR;200000;;;;;;
23/03/2026;EUROTLX;EUROTLX;IT0005667933;Bcc Pianfei Fx 2.25% Mar28 Eur;EUR;1000;;;;10/03/2028;;
20/03/2026;EUROTLX;EUROTLX;XS3278013258;Bnpparibasis Fr Mar29 Eur;EUR;1000;;;;16/03/2029;;
20/03/2026;EUROTLX;EUROTLX;XS3080684551;Grenkefinanc Fx 5.25% Apr30 Eur;EUR;1000;;;;08/04/2030;;
20/03/2026;EUROTLX;EUROTLX;XS2905582479;Grenke Social Fx 5.125% Jan29 Eur;EUR;1000;;;;04/01/2029;;
20/03/2026;EUROTLX;EUROTLX;XS2828685631;Grenkefinanc Fx 5.75% Jul29 Eur;EUR;1000;;;;06/07/2029;;
20/03/2026;EUROTLX;EUROTLX;XS2695009998;Grenke Green Fx 7.875% Apr27 Eur;EUR;1000;;;;06/04/2027;;
20/03/2026;EUROTLX;EUROTLX;XS2356217039;Unicredit Spa Mc Perpetual Call Eur;EUR;200000;;;;;;
20/03/2026;EUROTLX;EUROTLX;XS2121441856;Unicredit Spa Mc Perpetual Call Eur;EUR;200000;;;;;;
20/03/2026;EUROTLX;EUROTLX;XS1963834251;Unicredit Spa Mc Perpetual Call Eur;EUR;200000;;;;;;
20/03/2026;EUROTLX;EUROTLX;IT0005690471;Unicredit Spa Mc Perpetual Call Eur;EUR;200000;;;;;;
20/03/2026;EUROTLX;EUROTLX;IT0005636532;Unicredit Spa Mc Perpetual Call Eur;EUR;200000;;;;;;
20/03/2026;EUROTLX;EUROTLX;IT0005611758;Unicredit Spa Mc Perpetual Call Eur;EUR;200000;;;;;;
20/03/2026;MOT;EUROMOT;NL0015073VV8;Netherlands Fx 2.75% Jul36 Eur;EUR;1;Senior;05/03/2026;;15/07/2036;;
20/03/2026;MOT;EUROMOT;EU000A4ERVC2;Eu Next Gen Fx 3.25% Dec36 Eur;EUR;1;Senior;17/03/2026;;12/12/2036;;
19/03/2026;EUROTLX;EUROTLX;XS3298382931;Isp Mc Perpetual Sub Call Eur;EUR;200000;;;;;;
19/03/2026;EUROTLX;EUROTLX;XS3178086230;Symrise Ag Fx 3.25% Sep32 Call Eur;EUR;1000;;;;24/09/2032;;
19/03/2026;EUROTLX;EUROTLX;XS2195096420;Symrise Ag Fx 1.375% Jul27 Call Eur;EUR;1000;;;;01/07/2027;;
19/03/2026;EUROTLX;EUROTLX;XS2124980256;Isp Mc Perpetual Sub Call Eur;EUR;250000;;;;;;
19/03/2026;MOT;EUROMOT;EU000A2SCAY6;Efsf Fx 2.5% Mar31 Eur;EUR;1000;Senior;03/03/2026;;03/03/2031;;
18/03/2026;EUROTLX;EUROTLX;XS2832873355;Fraportfrank Fx 4.25% Jun32 Call Eur;EUR;1000;;;;11/06/2032;;
18/03/2026;EUROTLX;EUROTLX;XS2324724645;Fraportfrank Fx 1.875% Mar28 Call Eur;EUR;1000;;;;31/03/2028;;
18/03/2026;EUROTLX;EUROTLX;XS2198879145;Fraportfrank Fx 2.125% Jul27 Call Eur;EUR;1000;;;;09/07/2027;;
18/03/2026;EUROTLX;EUROTLX;US260543CL56;Dow Chemical Fx 4.625% Oct44 Call Usd;USD;2000;;;;01/10/2044;;
18/03/2026;EUROTLX;EUROTLX;US260543CK73;Dow Chemical Fx 4.25% Oct34 Call Usd;USD;2000;;;;01/10/2034;;
18/03/2026;EUROTLX;EUROTLX;US260543CE14;Dow Chemical Fx 5.25% Nov41 Call Usd;USD;2000;;;;15/11/2041;;
18/03/2026;EUROTLX;EUROTLX;US260543BY86;Dow Chemical Mc C.P May39 Call Usd;USD;2000;;;;15/05/2039;;
18/03/2026;EUROTLX;EUROTLX;AT0000A37249;Wienerberger Sdg Fx 4.875%Oct28 Call Eur;EUR;1000;;;;04/10/2028;;
17/03/2026;EUROTLX;EUROTLX;XS2938562068;Kion Group Ag Fx 4% Nov29 Call Eur;EUR;1000;;;;20/11/2029;;
17/03/2026;EUROTLX;EUROTLX;XS2905504754;Knorrbremsea Green Fx 3.25% Sep32 Call Eur;EUR;1000;;;;30/09/2032;;
17/03/2026;EUROTLX;EUROTLX;XS2905504671;Knorrbremsea Fx 3% Sep29 Call Eur;EUR;1000;;;;30/09/2029;;
17/03/2026;EUROTLX;EUROTLX;XS2383886947;Lanxess Ag Fx 0% Sep27 Call Eur;EUR;1000;;;;08/09/2027;;
17/03/2026;EUROTLX;EUROTLX;XS2047479469;Hella Gmbh Fx 0.5% Jan27 Call Eur;EUR;1000;;;;26/01/2027;;
17/03/2026;EUROTLX;EUROTLX;DE000A2YB7B5;Schaeffler Ag Fx 2.875% Mar27 Call Eur;EUR;1000;;;;26/03/2027;;
16/03/2026;EUROTLX;EUROTLX;XS3293879923;Bnpparibasis Mc Ind Link Mar36 Call Eur;EUR;1000;;;;16/03/2036;;
16/03/2026;EUROTLX;EUROTLX;XS3293879840;Bnpparibasis Mc Ind Link Mar36 Call Eur;EUR;1000;;;;17/03/2036;;
16/03/2026;EUROTLX;EUROTLX;XS3282071417;Sg Issuer Mc Mar31 Autocall Eur;EUR;1000;;;;11/03/2031;;
16/03/2026;EUROTLX;EUROTLX;XS3282024929;Sg Issuer Oc Eq Link Mar30 Autocall Eur;EUR;1000;;;;13/03/2030;;
16/03/2026;EUROTLX;EUROTLX;XS3282024846;Sg Issuer Oc Ind Link Mar30 Autocall Eur;EUR;1000;;;;13/03/2030;;
16/03/2026;EUROTLX;EUROTLX;XS3236821784;Bnpparibasis Fr Jan31 Eur;EUR;1000;;;;30/01/2031;;
16/03/2026;EUROTLX;EUROTLX;IT0005696650;Mediobanca Fr Eur3m+0.45% Mar29 Eur;EUR;1000;;;;13/03/2029;;
13/03/2026;EUROTLX;EUROTLX;XS3281182629;Barclaysbank Ind Link Mar36 Autocall Eur;EUR;1000;;;;13/03/2036;;
13/03/2026;EUROTLX;EUROTLX;XS3281697469;Deutschebank Oc Ind Link Mar31 Eur;EUR;1000;;;;13/03/2031;;
13/03/2026;EUROTLX;EUROTLX;XS2643320109;Porscheautom Fx 4.25% Sep30 Call Eur;EUR;1000;;;;27/09/2030;;
13/03/2026;EUROTLX;EUROTLX;DE000A3E5S00;Hochtief Ag Fx 0.625% Apr29 Call Eur;EUR;1000;;;;26/04/2029;;
13/03/2026;EUROTLX;EUROTLX;DE000A351WB9;Sixt Se Fx 5.125% Oct27 Call Eur;EUR;1000;;;;09/10/2027;;
13/03/2026;EUROTLX;EUROTLX;DE000A2YN2V0;Hochtief Ag Fx 1.25% Sep31 Call Eur;EUR;1000;;;;03/09/2031;;
13/03/2026;EUROTLX;EUROTLX;DE000A2YN2U2;Hochtief Ag Fx 0.5% Sep27 Call Eur;EUR;1000;;;;03/09/2027;;
12/03/2026;EUROTLX;EUROTLX;XS3309874132;World Bank Fx 2.3% Mar33 Call Eur;EUR;1000;;;;12/03/2033;;
12/03/2026;EUROTLX;EUROTLX;XS3251189463;Bnp Paribas Credit Linked Jan36 Call Eur;EUR;1000;;;;08/01/2036;;
12/03/2026;MOT;EUROMOT;DE000BU3F007;Bund Green Bond Fx 2.6% May41 Eur;EUR;1;Senior;15/05/2025;;15/05/2041;;
12/03/2026;MOT;EUROMOT;AT0000A3T279;Austria Fx 3.75% Mar56 Eur;EUR;100;Senior;10/03/2026;;20/03/2056;;
12/03/2026;MOT;BOT;IT0005699340;Bot Zc Mar27 A Eur;EUR;1000;Senior;;;12/03/2027;;
11/03/2026;EUROTLX;EUROTLX;XS3251192418;Bnpparibas Ind Link Feb33 Autocall Eur;EUR;1000;;;;28/02/2033;;
11/03/2026;EUROTLX;EUROTLX;XS3251176643;Bnpparibasis Fr Feb29 Eur;EUR;1000;;;;16/02/2029;;
11/03/2026;EUROTLX;EUROTLX;IT0005697872;Cr Bolzano Mc Mar32 Call Eur;EUR;100000;;;;10/03/2032;;
11/03/2026;MOT;BTP;IT0005696338;Btp Valore Sc Mar32 Eur;EUR;1000;Senior;10/03/2026;;10/03/2032;;
09/03/2026;EUROTLX;EUROTLX;IT0005698458;Unicredit Spa Oc Mar46 Call Eur;EUR;1000;;;;09/03/2046;;
09/03/2026;EUROTLX;EUROTLX;IT0005686297;Unicredit Spa Mc Ind Link Feb32 Eur;EUR;1000;;;;27/02/2032;;
09/03/2026;MOT;DOMESTICMOT;IT0005698458;Unicredit Spa Oc Mar46 Call Eur;EUR;1000;Senior;09/03/2026;;09/03/2046;;
09/03/2026;MOT;EUROMOT;XS3307981491;Romania Fx 5.75% Jul36 Usd;USD;2000;Senior;04/03/2026;;04/07/2036;;
09/03/2026;MOT;EUROMOT;XS3307442197;Romania Fx 4.625% Mar33 Eur;EUR;1000;Senior;04/03/2026;;04/03/2033;;
09/03/2026;MOT;EUROMOT;EU000A4EQY56;Bei Green Fx 2.625% Mar34 Eur;EUR;1000;Senior;03/03/2026;;15/03/2034;;
05/03/2026;EUROTLX;EUROTLX;XS3307977622;Danske Bank Green Mc Mar38 T2 Call Eur;EUR;100000;;;;03/03/2038;;
05/03/2026;EUROTLX;EUROTLX;XS3280731020;Barclaysbank Ind Link Mar36 Autocall Eur;EUR;1000;;;;05/03/2036;;
05/03/2026;MOT;EUROMOT;ES0000012R56;Obligaciones Fx 3.95% Oct56 Eur;EUR;1000;Senior;03/03/2026;;31/10/2056;;
04/03/2026;EUROTLX;EUROTLX;XS3267899923;Saudi Arabia Fx 5.875% Jan56 Usd;USD;200000;;;;12/01/2056;;
04/03/2026;EUROTLX;EUROTLX;XS2814291915;Gs Fin Corp Mc Ind Link Feb32 Eur;EUR;1000;;;;27/02/2032;;
04/03/2026;EUROTLX;EUROTLX;XS2800678224;Air Baltic Fx 14.5% Aug29 Call Eur;EUR;100000;;;;14/08/2029;;
04/03/2026;EUROTLX;EUROTLX;XS2408613136;Saudi Arabia Fx 3.25% Nov51 Usd;USD;200000;;;;17/11/2051;;
04/03/2026;EUROTLX;EUROTLX;XS2294323386;Saudi Arabia Fx 3.45% Feb61 Usd;USD;200000;;;;02/02/2061;;
02/03/2026;EUROTLX;EUROTLX;XS3136496521;Citigroup Gm Sc Feb41 Call Eur;EUR;1000;;;;27/02/2041;;
02/03/2026;EUROTLX;EUROTLX;XS3015246922;Saudi Arabia Fx 3.75% Mar37 Eur;EUR;100000;;;;05/03/2037;;
02/03/2026;EUROTLX;EUROTLX;XS2999659886;Nissan Motor Fx 6.375% Jul33 Call Eur;EUR;100000;;;;17/07/2033;;
02/03/2026;EUROTLX;EUROTLX;XS2974969482;Saudi Arabia Fx 5.625% Jan35 Usd;USD;200000;;;;13/01/2035;;
02/03/2026;EUROTLX;EUROTLX;XS2747599509;Saudi Arabia Fx 5.75% Jan54 Usd;USD;200000;;;;16/01/2054;;
02/03/2026;EUROTLX;EUROTLX;XS2577136109;Saudi Arabia Fx 5% Jan53 Usd;USD;200000;;;;18/01/2053;;
02/03/2026;EUROTLX;EUROTLX;XS2159975882;Saudi Arabia Fx 4.5% Apr60 Usd;USD;200000;;;;22/04/2060;;
02/03/2026;EUROTLX;EUROTLX;XS2109770151;Saudi Arabia Fx 3.75% Jan55 Usd;USD;200000;;;;21/01/2055;;
02/03/2026;EUROTLX;EUROTLX;XS2024543055;Saudi Arabia Fx 2% Jul39 Eur;EUR;100000;;;;09/07/2039;;
27/02/2026;EUROTLX;EUROTLX;XS3194941111;Ion Platform Fx 6.875% Sep32 Call Eur;EUR;100000;;;;30/09/2032;;
25/02/2026;EUROTLX;EUROTLX;XS3303603057;Isp Fr Feb41 Eur;EUR;100000;;;;25/02/2041;;
25/02/2026;MOT;EUROMOT;FR0014016G71;Oat Fx 2.4% Sep29 Eur;EUR;1;Senior;24/09/2025;;24/09/2029;;
25/02/2026;MOT;EUROMOT;ES0000012Q16;Bonos Fx 2.6% May31 Eur;EUR;1000;Senior;24/02/2026;;31/05/2031;;
24/02/2026;EUROTLX;EUROTLX;XS2239829216;Morocco Fx 2% Sep30 Eur;EUR;100000;;;;30/09/2030;;
24/02/2026;EUROTLX;EUROTLX;XS2080771806;Morocco Fx 1.5% Nov31 Eur;EUR;100000;;;;27/11/2031;;
24/02/2026;EUROTLX;EUROTLX;IT0005695850;Isp Sc Feb38 Usd;USD;2000;;;;20/02/2038;;
24/02/2026;MOT;EUROMOT;XS3292846030;Kfw Green Fx 2.75% Apr33 Eur;EUR;1000;Senior;11/02/2026;;01/04/2033;;
24/02/2026;MOT;EUROMOT;IT0005695850;Isp Sc Feb38 Usd;USD;2000;Senior;20/02/2026;;20/02/2038;;
20/02/2026;EUROTLX;EUROTLX;XS3262986204;Barclaysbank Ind Link Feb36 Autocall Eur;EUR;1000;;;;20/02/2036;;
20/02/2026;EUROTLX;EUROTLX;IT0005685562;Cdp Mc Feb33 Eur;EUR;1000;;;;16/02/2033;;
19/02/2026;MOT;DOMESTICMOT;IT0005696023;Cdp Fx 3.432% Feb36 Eur;EUR;100000;Senior;19/02/2026;;19/02/2036;;
19/02/2026;MOT;BTP;IT0005683468;Btpstripital Zc Feb36 Eur;EUR;1;Senior;03/11/2025;;01/02/2036;;
19/02/2026;MOT;BTP;IT0005611238;Btpstripital Zc Feb35 Eur;EUR;1;Senior;01/08/2024;;01/02/2035;;
19/02/2026;MOT;BTP;IT0005367906;Btpstripital Zc Feb29 Eur;EUR;1;Senior;02/03/2020;;01/02/2029;;
19/02/2026;MOT;BTP;IT0005367898;Btpstripital Zc Aug28 Eur;EUR;1;Senior;02/03/2020;;01/08/2028;;
19/02/2026;MOT;BTP;IT0005278202;Btpstripital Zc Aug27 Eur;EUR;1;Senior;01/07/2014;;01/08/2027;;
18/02/2026;EUROTLX;EUROTLX;XS3256662852;Barclaysbank Ind Link Feb36 Autocall Eur;EUR;1000;;;;18/02/2036;;
18/02/2026;EUROTLX;EUROTLX;XS3256660302;Barclaysbank Oc Feb51 Call Gbp;GBP;1000;;;;20/02/2051;;
18/02/2026;EUROTLX;EUROTLX;IT0005695454;Banco Bpm Social Fx 3% Feb31 Call Eur;EUR;100000;;;;16/02/2031;;
18/02/2026;EUROTLX;EUROTLX;IT0005695447;Isp Fr Eur3m+0.27% Feb29 Eur;EUR;100000;;;;18/02/2029;;
18/02/2026;MOT;EUROMOT;FR0014016CV2;Oat Fx 4.4% May57 Eur;EUR;1;Senior;25/05/2025;;25/05/2057;;
17/02/2026;MOT;DOMESTICMOT;IT0005694382;Amco Fx 3.875% Mar38 Call Eur;EUR;100000;Senior;09/02/2026;;01/03/2038;;
17/02/2026;MOT;EUROMOT;XS3269619220;Ebrd Zc Jan38 Call Mxn;MXN;200000;Senior;20/01/2026;;20/01/2038;;
17/02/2026;MOT;EUROMOT;XS3215491955;Ifc Green Fx 2.185% Oct28 Sek;SEK;1000000;Senior;23/10/2025;;23/10/2028;;
17/02/2026;MOT;EUROMOT;XS2643829711;Bei Fx 6% Jul27 Pln;PLN;1000;Senior;04/07/2023;;25/07/2027;;
16/02/2026;MOT;DOMESTICMOT;IT0005695553;Cdp Social Fx 3.375% Feb34 Eur;EUR;100000;Senior;16/02/2026;;16/02/2034;;
16/02/2026;MOT;DOMESTICMOT;IT0005685562;Cdp Mc Feb33 Eur;EUR;1000;Senior;16/02/2026;;16/02/2033;;
16/02/2026;MOT;EUROMOT;XS3296797643;Ifc Fx 27.5% Feb31 Try;TRY;1000;Senior;11/02/2026;;19/02/2031;;
16/02/2026;MOT;EUROMOT;XS3295137262;Aiib Zc Feb36 Brl;BRL;10000;Senior;11/02/2026;;11/02/2036;;
13/02/2026;MOT;EUROMOT;XS3253291069;Gs Fin Corp Fx 4.1% Feb41 Call Eur;EUR;100;Senior;13/02/2026;;13/02/2041;;
13/02/2026;MOT;EUROMOT;XS3253269560;Gs Fin Corp Fx 5.5% Feb41 Call Usd;USD;100;Senior;13/02/2026;;13/02/2041;;
13/02/2026;MOT;EUROMOT;EU000A1Z99Y1;Esm Fx 3% Feb36 Eur;EUR;1;Senior;10/02/2026;;25/02/2036;;
12/02/2026;EUROTLX;EUROTLX;XS3224272800;Bnpparibasis Mc Jan34 Call Eur;EUR;1000;;;;30/01/2034;;
12/02/2026;MOT;EUROMOT;BE0000367764;Belgium Fx 4.35% Jun56 Eur;EUR;1;Senior;11/02/2026;;22/06/2056;;
12/02/2026;MOT;BOT;IT0005695256;Bot Zc Feb27 A Eur;EUR;1000;Senior;;;12/02/2027;;
11/02/2026;MOT;DOMESTICMOT;IT0005690547;Amco Fx 2.75% Mar29 Call Eur;EUR;100000;Senior;21/01/2026;;15/03/2029;;
11/02/2026;MOT;EUROMOT;XS2671017874;Kfw Fx 4.25% Jan29 Nok;NOK;10000;Senior;22/08/2023;;30/01/2029;;
11/02/2026;MOT;EUROMOT;US298785KP00;Bei Fx 4.25% Feb36 Usd;USD;1000;Senior;10/02/2026;;08/02/2036;;
10/02/2026;EUROTLX;EUROTLX;FR001400U2E7;Worldline Fx 5.25% Nov29 Call Eur;EUR;100000;;;;27/11/2029;;
09/02/2026;EUROTLX;EUROTLX;XS2878534598;Sg Issuer Oc Ind Link Jan31 Eur;EUR;1000;;;;28/01/2031;;
09/02/2026;EUROTLX;EUROTLX;IT0005694564;Unicredit Spa Sc Feb41 Call Eur;EUR;1000;;;;09/02/2041;;
09/02/2026;MOT;DOMESTICMOT;IT0005694564;Unicredit Spa Sc Feb41 Call Eur;EUR;1000;Senior;09/02/2026;;09/02/2041;;
09/02/2026;MOT;EUROMOT;XS3282202293;Ebrd Zc Jan46 Call Zar;ZAR;100000;Senior;30/01/2026;;30/01/2046;;
09/02/2026;MOT;EUROMOT;XS3278744894;Adb Fx 30% Aug27 Try;TRY;10000;Senior;04/02/2026;;04/08/2027;;
09/02/2026;MOT;EUROMOT;XS3104391936;Adb Zc Jul35 Call Huf;HUF;100000;Senior;02/07/2025;;02/07/2035;;
09/02/2026;MOT;BTP;IT0005694630;Btp Fx 3.95% Oct41 Eur;EUR;1000;Senior;10/02/2026;;01/10/2041;;
06/02/2026;EUROTLX;EUROTLX;XS3281952088;Sg Issuer Mc Feb39 Call Usd;USD;1000;;;;05/02/2039;;
06/02/2026;EUROTLX;EUROTLX;XS3281951783;Sg Issuer Mc Feb39 Call Eur;EUR;1000;;;;05/02/2039;;
06/02/2026;EUROTLX;EUROTLX;XS3213330791;Alerionclean Green Fx4.625%Feb32call Eur;EUR;1000;;;;06/02/2032;;
06/02/2026;EUROTLX;EUROTLX;IT0005691081;Iccrea Banca Social Fx 3.25% Jan31 Eur;EUR;100000;;;;30/01/2031;;
06/02/2026;EUROTLX;EUROTLX;IT0005680423;Unicredit Spa Mc Ind Link Jan32 Eur;EUR;1000;;;;30/01/2032;;
06/02/2026;MOT;EUROMOT;EU000A4EPCA0;Bei Fx 2.625% Jun31 Eur;EUR;1000;Senior;03/02/2026;;16/06/2031;;
05/02/2026;EUROTLX;EUROTLX;GB00BTXS1K06;Unitedkingdo Fx 4.75% Oct35 Gbp;GBP;1;;;;22/10/2035;;
05/02/2026;EUROTLX;EUROTLX;GB00BZB26Y51;Unitedkingdo Fx 1.75% Sep37 Gbp;GBP;1;;;;07/09/2037;;
05/02/2026;EUROTLX;EUROTLX;GB00BLPK7334;Unitedkingdo Fx 1.125% Jan39 Gbp;GBP;1;;;;31/01/2039;;
05/02/2026;MOT;DOMESTICMOT;IT0005693236;Cdp Fr Feb41 Eur;EUR;100000;Senior;05/02/2026;;05/02/2041;;
05/02/2026;MOT;EUROMOT;FI4000598776;Finland Fx 3.55% Apr41 Eur;EUR;1000;Senior;28/01/2026;;15/04/2041;;
04/02/2026;EUROTLX;EUROTLX;XS3028225657;Gs Fi Mc Ind Link Jan31 Autocall Eur;EUR;1000;;;;05/01/2031;;
04/02/2026;EUROTLX;EUROTLX;IT0005683393;Mediobanca Mc Ind Link Jan32 Eur;EUR;1000;;;;30/01/2032;;
04/02/2026;EUROTLX;EUROTLX;GB00B6460505;Unitedkingdo Fx 4.25% Dec40 Gbp;GBP;1;;;;07/12/2040;;
04/02/2026;EUROTLX;EUROTLX;GB00B00NY175;Unitedkingdo Fx 4.75% Dec38 Gbp;GBP;1;;;;07/12/2038;;
04/02/2026;MOT;EUROMOT;XS3281856446;Ebrd Fx 27.5% Jan32 Try;TRY;10000;Senior;27/01/2026;;27/01/2032;;
04/02/2026;MOT;EUROMOT;XS3275404591;Iadb Fx 12% Jan31 Brl;BRL;10000;Senior;27/01/2026;;27/01/2031;;
03/02/2026;EUROTLX;EUROTLX;IT0005660060;Cr Fossano Fx 2.05% Aug28 Eur;EUR;1000;;;;04/08/2028;;
03/02/2026;MOT;EUROMOT;DE000BU2T000;Bund Fx 3.4% May47 Eur;EUR;1;Senior;03/02/2026;;15/05/2047;;
02/02/2026;EUROTLX;EUROTLX;XS3246727880;Barclaysbank Oc Feb51 Call Gbp;GBP;1000;;;;02/02/2051;;
02/02/2026;EUROTLX;EUROTLX;IT0005685117;Mediobanca Mc Jan33 Eur;EUR;1000;;;;30/01/2033;;
02/02/2026;MOT;EUROMOT;XS3281650823;Terna Green Mc Perpetual Sub Call Eur;ERR;100000;Q;02/02/2026;;;;
02/02/2026;MOT;EUROMOT;XS3271072087;Ifc Fx 11.25% Jan31 Brl;BRL;5000;Senior;13/01/2026;;13/01/2031;;
02/02/2026;MOT;EUROMOT;XS3270973855;Iadb Fx 6.75% Jan36 Inr;INR;1000000;Senior;22/01/2026;;22/01/2036;;
02/02/2026;MOT;EUROMOT;XS3253238334;Ebrd Fx 4.75% Jun31 Php;PHP;100000;Senior;16/12/2025;;16/06/2031;;
30/01/2026;EUROTLX;EUROTLX;XS3280519078;Bmw Fin Fx 3.25% Jan32 Eur;EUR;1000;;;;27/01/2032;;
30/01/2026;EUROTLX;EUROTLX;XS3280519318;Bmw Fin Fx 3.75% Jan36 Eur;EUR;1000;;;;27/01/2036;;
30/01/2026;EUROTLX;EUROTLX;XS3280518856;Bmw Fin Fx 2.625% Jan29 Eur;EUR;1000;;;;27/01/2029;;
30/01/2026;MOT;EUROMOT;SI0002105227;Slovenia Fx 3.275% Mar36 Eur;EUR;1000;Senior;12/01/2026;;12/03/2036;;
30/01/2026;MOT;EUROMOT;SI0002104873;Slovenia Fx 3.5% Apr55 Eur;EUR;1000;Senior;14/01/2025;;14/04/2055;;
30/01/2026;MOT;EUROMOT;SI0002105052;Slovenia Sdglink Fx 3.125% Jul35 Eur;EUR;1000;Senior;02/07/2025;;02/07/2035;;
30/01/2026;MOT;EUROMOT;DE000BU22122;Schatz Fx 2.1% Mar28 Eur;EUR;1;Senior;29/01/2026;;15/03/2028;;
29/01/2026;EUROTLX;EUROTLX;XS3136544783;Citigroup Gm Zc Jan51 Call Usd;USD;1000;;;;28/01/2051;;
29/01/2026;MOT;BOT;IT0005692485;Bot Zc Jul26 S Eur;EUR;1000;Senior;;;31/07/2026;;
28/01/2026;MOT;EUROMOT;XS3213330791;Alerionclean Green Fx4.625%Feb32call Eur;EUR;1000;Senior;06/02/2026;;06/02/2032;;
28/01/2026;MOT;EUROMOT;NL0015073TQ2;Netherlands Fx 2.5% Jan31 Eur;EUR;1;Senior;15/01/2026;;15/01/2031;;
28/01/2026;MOT;EUROMOT;BE0000366758;Belgium Fx 3.4% Jun36 Eur;EUR;1;Senior;14/01/2026;;22/06/2036;;
28/01/2026;MOT;EUROMOT;AT0000A3RVH9;Austria Fx 3.2% Feb36 Eur;EUR;100;Senior;28/01/2026;;20/02/2036;;
28/01/2026;MOT;BTP;IT0005692410;Btp Fx 2.2% Feb28 Eur;EUR;1000;Senior;29/01/2026;;28/02/2028;;
27/01/2026;EUROTLX;EUROTLX;IT0005691305;Unicredit Spa Fx 2.95% Jan31 Eur;EUR;100000;;;;26/01/2031;;
27/01/2026;EUROTLX;EUROTLX;FR0014015LM4;Banquestella Fx 2.875% Jan29 Call Eur;EUR;100000;;;;19/01/2029;;
27/01/2026;MOT;EUROMOT;XS3276320358;Lithuania Fx 3% Jan31 Eur;EUR;1000;Senior;22/01/2026;;22/01/2031;;
27/01/2026;MOT;EUROMOT;XS3276321752;Lithuania Fx 4.125% Jan41 Eur;EUR;1000;Senior;22/01/2026;;22/01/2041;;
27/01/2026;MOT;EUROMOT;ES0000012Q08;Obligaciones Fx 3.3% Apr36 Eur;EUR;1000;Senior;27/01/2026;;30/04/2036;;
26/01/2026;MOT;EUROMOT;XS3272371520;Ifc Fx 11.5% Jan29 Brl;BRL;5000;Senior;16/01/2026;;16/01/2029;;
26/01/2026;MOT;EUROMOT;PTOTEDOE0010;Portugal Fx 3.25% Jun36 Eur;EUR;1;Senior;15/01/2026;;13/06/2036;;
23/01/2026;EUROTLX;EUROTLX;IT0005690869;Banca Ifis Mc Apr36 T2 Call Eur;EUR;200000;;;;21/04/2036;;
23/01/2026;MOT;EUROMOT;XS3269555234;Hungary Fx 4.875% Mar38 Eur;EUR;1000;Senior;14/01/2026;;25/03/2038;;
23/01/2026;MOT;EUROMOT;XS3269554690;Hungary Fx 4.25% May33 Eur;EUR;1000;Senior;14/01/2026;;26/05/2033;;
23/01/2026;MOT;EUROMOT;IE000O6GBYC9;Ireland Fx 3.1% Jun36 Eur;EUR;1;Senior;21/01/2026;;18/06/2036;;
23/01/2026;MOT;EUROMOT;GR0124042764;Greece Fx 3.375% Jun36 Eur;EUR;1000;Senior;20/01/2026;;16/06/2036;;
23/01/2026;MOT;EUROMOT;EU000A4ENP68;Eu Next Gen Fx 2.375% Jul29 Eur;EUR;1;Senior;20/01/2026;;12/07/2029;;
23/01/2026;MOT;EUROMOT;ES0000012P90;Bonos Fx 2.35% Mar29 Eur;EUR;1000;Senior;20/01/2026;;31/03/2029;;
22/01/2026;EUROTLX;EUROTLX;XS3274805376;E On Se Fx 3.448% Jan34 Call Eur;EUR;1000;;;;19/01/2034;;
22/01/2026;EUROTLX;EUROTLX;XS3274805459;E On Se Green Fx 3.895% Jan38 Call Eur;EUR;1000;;;;19/01/2038;;
22/01/2026;EUROTLX;EUROTLX;IT0005690026;Banca Mediol Mc Jan31 Call Eur;EUR;100000;;;;31/01/2031;;
22/01/2026;EUROTLX;EUROTLX;FR0014010A08;Worldline Fx 5.5% Jun30 Call Eur;EUR;100000;;;;10/06/2030;;
22/01/2026;MOT;EUROMOT;FR0014015MU5;Oat Fx 4.1% May46 Eur;EUR;1;Senior;25/05/2025;;25/05/2046;;
21/01/2026;MOT;EUROMOT;XS2814522319;Gs Fin Corp Sc Jan41 Call Usd;ERR;0;;;;;;
21/01/2026;MOT;EUROMOT;XS2688619555;Gs Fin Corp Sc Jan41 Call Eur;EUR;100;Senior;20/01/2026;;20/01/2041;;
21/01/2026;MOT;EUROMOT;EU000A2SCAX8;Efsf Fx 3.125% Feb36 Eur;ERR;0;;;;;;
21/01/2026;MOT;EUROMOT;EU000A2SCAW0;Efsf Fx 2.375% Feb29 Eur;EUR;1000;Senior;19/01/2026;;02/02/2029;;
20/01/2026;EUROTLX;EUROTLX;XS3257292105;Sg Issuer Mc Jan38 Call Eur;EUR;1000;;;;16/01/2038;;
20/01/2026;EUROTLX;EUROTLX;XS2878537856;Sg Issuer Mc Jan38 Call Eur;EUR;1000;;;;16/01/2038;;
20/01/2026;EUROTLX;EUROTLX;IT0005689978;Unicredit Spa Fx 3.8% Jan36 Call Eur;EUR;100000;;;;15/01/2036;;
20/01/2026;EUROTLX;EUROTLX;IT0005689986;Unicredit Spa Mc Jul30 Call Eur;EUR;100000;;;;15/07/2030;;
20/01/2026;MOT;EUROMOT;EU000A3LUC58;Bei Fx 5.25% Jan31 Pln;PLN;1000;Senior;24/01/2024;;24/01/2031;;
19/01/2026;MOT;EUROMOT;XS3272206593;Aiib Fx 30% Jan27 Try;TRY;20000;Senior;14/01/2026;;14/01/2027;;
19/01/2026;MOT;EUROMOT;XS3262549754;Eni Spa Mc Perpetual Sub Call Eur;ERR;100000;Q;19/01/2026;;;;
19/01/2026;MOT;EUROMOT;XS3268040964;Poland Fx 2.875% Jan31 Eur;EUR;1000;Senior;15/01/2026;;15/01/2031;;
19/01/2026;MOT;EUROMOT;XS3268043554;Poland Fx 3.625% Jun36 Eur;EUR;1000;Senior;15/01/2026;;15/06/2036;;
19/01/2026;MOT;BTP;IT0005425829;Btpstripital Zc Oct30 Eur;EUR;1;Senior;01/10/2020;;01/10/2030;;
19/01/2026;MOT;BTP;IT0005387201;Btpstripital Zc Oct29 Eur;EUR;1;Senior;02/09/2019;;01/10/2029;;
19/01/2026;MOT;BTP;IT0004976756;Btpstripital Zc Mar40 Eur;EUR;1;Senior;22/05/2013;;01/03/2040;;
19/01/2026;MOT;BTP;IT0004976772;Btpstripital Zc Mar41 Eur;EUR;1;Senior;22/05/2013;;01/03/2041;;
19/01/2026;MOT;BTP;IT0003268924;Btpstripital Zc Feb29 Eur;EUR;1;Senior;18/03/2002;;01/02/2029;;
19/01/2026;MOT;BTP;IT0003268908;Btpstripital Zc Aug28 Eur;EUR;1;Senior;18/03/2002;;01/08/2028;;
16/01/2026;MOT;EUROMOT;US298785KN51;Bei Fx 3.75% Mar31 Usd;USD;1000;Senior;13/01/2026;;13/03/2031;;
16/01/2026;MOT;EUROMOT;EU000A4EM8H8;Bei Fx 3% Jan36 Eur;EUR;1000;Senior;14/01/2026;;14/01/2036;;
15/01/2026;EUROTLX;EUROTLX;XS3270893822;Generali Fx 4.126% Jan36 T2 Call Eur;EUR;200000;;;;14/01/2036;;
15/01/2026;EUROTLX;EUROTLX;US68389XBG97;Oracle Fx 4.375% May55 Call Usd;USD;2000;;;;15/05/2055;;
15/01/2026;EUROTLX;EUROTLX;US68389XBF15;Oracle Fx 4.125% May45 Call Usd;USD;2000;;;;15/05/2045;;
15/01/2026;EUROTLX;EUROTLX;US68389XBE40;Oracle Fx 3.9% May35 Call Usd;USD;2000;;;;15/05/2035;;
15/01/2026;MOT;EUROMOT;XS3166721913;Kfw Green Fx 2.625% Nov32 Eur;EUR;1000;Senior;26/08/2025;;15/11/2032;;
15/01/2026;MOT;EUROMOT;DE000BU25067;Bobl Fx 2.5% Apr31 Eur;EUR;1;Senior;15/01/2026;;16/04/2031;;
14/01/2026;EUROTLX;EUROTLX;IT0005689895;Unicredit Spa Fx 2.75% Jan30 Eur;EUR;150000;;;;13/01/2030;;
14/01/2026;EUROTLX;EUROTLX;IT0005689861;Unicredit Spa Oc Jan51 Call Eur;EUR;1000;;;;14/01/2051;;
14/01/2026;MOT;DOMESTICMOT;IT0005689861;Unicredit Spa Oc Jan51 Call Eur;EUR;1000;Senior;14/01/2026;;14/01/2051;;
14/01/2026;MOT;EUROMOT;DE000A460AK5;Kfw Fx 2.5% Nov30 Eur;EUR;1000;Senior;30/09/2025;;15/11/2030;;
14/01/2026;MOT;BTP;IT0005689960;Btp Fx 2.4% Mar29 Eur;EUR;1000;Senior;15/01/2026;;15/03/2029;;
13/01/2026;EUROTLX;EUROTLX;XS2769586236;Gs Fin Corp Mc Ind Link Dec30 Call Eur;EUR;1000;;;;04/12/2030;;
13/01/2026;MOT;BTP;IT0005689994;Btp Fx 3.15% Mar33 Eur;EUR;1000;Senior;15/01/2026;;15/03/2033;;
12/01/2026;EUROTLX;EUROTLX;XS3222075908;Barclaysbank Oc Jan51 Call Usd;USD;1000;;;;12/01/2051;;
12/01/2026;EUROTLX;EUROTLX;XS3222075817;Barclaysbank Oc Jan51 Call Eur;EUR;1000;;;;12/01/2051;;
12/01/2026;MOT;EUROMOT;XS3099809306;Coe Fx 2.75% Jun35 Eur;EUR;1000;Senior;19/06/2025;;19/06/2035;;
12/01/2026;MOT;BOT;IT0005689887;Bot Zc Jan27 A Eur;EUR;1000;Senior;;;14/01/2027;;
09/01/2026;MOT;EUROMOT;DE000BU2Z064;Bund Fx 2.9% Feb36 Eur;EUR;1;Senior;09/01/2026;;15/02/2036;;
07/01/2026;EUROTLX;EUROTLX;IT0005666125;Bcc Sangiovannirotondo Fx 3% Dec30 Eur;EUR;1000;;;;12/12/2030;;
07/01/2026;EUROTLX;EUROTLX;IT0005666117;Bcc Sangiovannirotondo Fx 2.7% Dec28 Eur;EUR;1000;;;;12/12/2028;;
02/01/2026;EUROTLX;EUROTLX;XS3218485327;Bnpparibasis Fr Dec30 Call Eur;EUR;1000;;;;23/12/2030;;
29/12/2025;EUROTLX;EUROTLX;XS3171324091;Bnp Iss Mc Indlink Dec32 Autocall Eur;EUR;1000;;;;15/12/2032;;
29/12/2025;EUROTLX;EUROTLX;IT0005678583;Unicredit Spa Mc Ind Link Dec31 Eur;EUR;1000;;;;17/12/2031;;
23/12/2025;EUROTLX;EUROTLX;IT0005678443;Mediobanca Mc Dec30 Eur;EUR;1000;;;;22/12/2030;;
23/12/2025;MOT;EUROMOT;SE0021308541;Sweden Fx 2.25% May35 Sek;SEK;5000;Senior;11/05/2023;;11/05/2035;;
23/12/2025;MOT;EUROMOT;SE0017830730;Sweden Fx 1.75% Nov33 Sek;SEK;5000;Senior;11/11/2021;;11/11/2033;;
23/12/2025;MOT;EUROMOT;SE0013935319;Sweden Fx 0.125% May31 Sek;SEK;5000;Senior;12/05/2019;;12/05/2031;;
23/12/2025;MOT;EUROMOT;SE0011281922;Sweden Fx 0.75% Nov29 Sek;SEK;5000;Senior;12/11/2017;;12/11/2029;;
23/12/2025;MOT;EUROMOT;SE0004517290;Sweden Fx 2.25% Jun32 Sek;SEK;5000;Senior;01/06/2011;;01/06/2032;;
22/12/2025;EUROTLX;EUROTLX;IT0005680365;Mediobanca Fr Eur3m+0.35% Jun28 Eur;EUR;1000;;;;19/06/2028;;
19/12/2025;EUROTLX;EUROTLX;XS3136863456;Citigroup Gm Zc Dec50 Call Eur;EUR;1000;;;;19/12/2050;;
19/12/2025;EUROTLX;EUROTLX;XS2176785447;Eni Spa Fx 2% May31 Eur;EUR;100000;;;;18/05/2031;;
19/12/2025;EUROTLX;EUROTLX;XS2107315470;Eni Spa Fx 0.625% Jan30 Eur;EUR;100000;;;;23/01/2030;;
19/12/2025;EUROTLX;EUROTLX;IT0005660078;Cr Fossano Mc Aug28 Eur;EUR;1000;;;;04/08/2028;;
19/12/2025;EUROTLX;EUROTLX;IT0005624116;Bcc Felsinea Sc Dec27 Eur;EUR;1000;;;;10/12/2027;;
18/12/2025;EUROTLX;EUROTLX;XS3063314267;Cacib Fs Fx 3.02% Dec32 Eur;EUR;100000;;;;30/12/2032;;
15/12/2025;EUROTLX;EUROTLX;IT0005684623;Isp Fx 2.76% Dec29 Eur;EUR;100000;;;;15/12/2029;;
12/12/2025;MOT;EUROMOT;XS3239974978;Ebrd Fx 10.5% Dec28 Brl;BRL;25000;Senior;01/12/2025;;01/12/2028;;
12/12/2025;MOT;EUROMOT;CH1423948566;Kfw Fx 0.535% Sep33 Chf;CHF;5000;Senior;23/09/2025;;23/09/2033;;
12/12/2025;MOT;EUROMOT;CH0029008809;Kfw Fx 2.75% Feb37 Chf;CHF;5000;Senior;16/02/2007;;16/02/2037;;
11/12/2025;MOT;BOT;IT0005684888;Bot Zc Dec26 A Eur;EUR;1000;Senior;;;14/12/2026;;
10/12/2025;EUROTLX;EUROTLX;IT0005675449;Cdp Mc Dec32 Eur;EUR;1000;;;;10/12/2032;;
09/12/2025;EUROTLX;EUROTLX;XS3244707272;Deutschetele Fx 2.625% Dec29 Call Eur;EUR;1000;;;;04/12/2029;;
05/12/2025;EUROTLX;EUROTLX;XS3010066168;Bnpparibas Mc Eq Link Sep26 Autocall Eur;EUR;1000;;;;28/09/2026;;
04/12/2025;EUROTLX;EUROTLX;XS3189138202;Barclaysbank Oc Dec41 Call Usd;USD;1000;;;;04/12/2041;;
04/12/2025;EUROTLX;EUROTLX;XS3189138111;Barclaysbank Oc Dec41 Call Eur;EUR;1000;;;;04/12/2041;;
04/12/2025;EUROTLX;EUROTLX;XS3101375965;Teamsystem Fr Eur3m+3.25% Jul32 Call Eur;EUR;100000;;;;01/07/2032;;
04/12/2025;EUROTLX;EUROTLX;IT0005674558;Unicredit Spa Mc Ind Link Nov31 Eur;EUR;1000;;;;27/11/2031;;
03/12/2025;EUROTLX;EUROTLX;XS2945537467;Bnpparibasis Oc Ind Link Oct28 Eur;EUR;1000;;;;06/10/2028;;
03/12/2025;MOT;EUROMOT;XS3244877869;Poste Italiane Fx 3% Dec30 Call Eur;EUR;100000;Senior;03/12/2025;;03/12/2030;;
02/12/2025;EUROTLX;EUROTLX;XS3140743199;Bnpparibasis Mc Nov33 Call Eur;EUR;1000;;;;14/11/2033;;
02/12/2025;EUROTLX;EUROTLX;XS3136709378;Citigroup Gm Zc Dec50 Call Eur;EUR;1000;;;;02/12/2050;;
01/12/2025;EUROTLX;EUROTLX;XS3239338042;Cnhindustria Fx 3.625% Jan33 Call Eur;EUR;100000;;;;26/01/2033;;
01/12/2025;EUROTLX;EUROTLX;XS3063313707;Cacib Fs Mc Nov32 Call Eur;EUR;1000;;;;28/11/2032;;
01/12/2025;MOT;EUROMOT;XS3238398245;Ebrd Fx 11.75% Nov26 Brl;BRL;25000;Senior;25/11/2025;;25/11/2026;;
28/11/2025;MOT;EUROMOT;XS3232966773;Adb Zc Nov37 Call Mxn;MXN;100000;Senior;26/11/2025;;26/11/2037;;
28/11/2025;MOT;EUROMOT;HU0000407424;Hungary Fx 6% Nov29 Huf;HUF;10000;Senior;30/07/2025;;28/11/2029;;
27/11/2025;MOT;BOT;IT0005680639;Bot Zc May26 S Eur;EUR;1000;Senior;;;29/05/2026;;
26/11/2025;MOT;EUROMOT;XS3222578059;World Bank Sust Fx 3.25% Nov30 Call Usd;USD;1000;Senior;26/11/2025;;26/11/2030;;
26/11/2025;MOT;EUROMOT;XS3222579370;World Bank Sustain Fx 2% Nov30 Call Eur;EUR;1000;Senior;26/11/2025;;26/11/2030;;
26/11/2025;MOT;EUROMOT;EU000A1Z99X3;Esm Fx 2.125% Nov28 Eur;EUR;1;Senior;17/06/2025;;17/11/2028;;
25/11/2025;EUROTLX;EUROTLX;IT0005678955;Bmps Green Mc Feb32 Call Eur;EUR;100000;;;;20/02/2032;;
25/11/2025;MOT;EUROMOT;PL0000118519;Poland Fx 4.5% Jan31 Pln;PLN;1000;Senior;25/01/2025;;25/01/2031;;
25/11/2025;MOT;EUROMOT;PL0000118089;Poland Zc Jan28 Pln;PLN;1000;Senior;16/05/2025;;25/01/2028;;
25/11/2025;MOT;EUROMOT;PL0000118188;Poland Fx 5% Oct35 Pln;PLN;1000;Senior;25/10/2024;;25/10/2035;;
24/11/2025;MOT;EUROMOT;XS3238204062;A2a Spa Green Fx 3.25% May32 Call Eur;EUR;100000;Senior;24/11/2025;;24/05/2032;;
24/11/2025;MOT;EUROMOT;HU0000406624;Hungary Fx 7% Oct35 Huf;HUF;10000;Senior;13/09/2023;;24/10/2035;;
24/11/2025;MOT;EUROMOT;HU0000404165;Hungary Fx 3% Apr41 Huf;HUF;10000;Senior;22/01/2020;;25/04/2041;;
21/11/2025;EUROTLX;EUROTLX;IT0005679771;Isp Fr Eur1m+0.55% Nov27 Eur;EUR;100000;;;;21/11/2027;;
21/11/2025;EUROTLX;EUROTLX;IT0005675126;Banco Bpm Spa Green Mc Oct31 Call Eur;EUR;150000;;;;23/10/2031;;
21/11/2025;MOT;EUROMOT;XS2556255789;Afdb Zc Nov52 Zar;ZAR;100000;Senior;18/11/2022;;18/11/2052;;
20/11/2025;MOT;EUROMOT;XS3231227763;Aiib Zc Nov27 Try;TRY;100000;Senior;18/11/2025;;18/11/2027;;
20/11/2025;MOT;EUROMOT;XS3230599857;World Bank Sustainable Fx 6.5% Nov28 Zar;ZAR;100000;Senior;17/11/2025;;17/11/2028;;
20/11/2025;MOT;EUROMOT;XS3221976320;Ifc Fx 11.5% Oct28 Brl;BRL;5000;Senior;31/10/2025;;31/10/2028;;
20/11/2025;MOT;EUROMOT;XS3213207833;Adb Zc Oct44 Call Zar;ZAR;100000;Senior;29/10/2025;;29/10/2044;;
18/11/2025;EUROTLX;EUROTLX;XS3221873600;Dovalue Fx 5.375% Nov31 Call Eur;EUR;100000;;;;15/11/2031;;
18/11/2025;EUROTLX;EUROTLX;IT0005678518;Isp Fx 2.67% Nov29 Eur;EUR;100000;;;;18/11/2029;;
17/11/2025;EUROTLX;EUROTLX;XS3178397231;Barclaysbank Mc Nov35 Call Usd;USD;1000;;;;17/11/2035;;
17/11/2025;EUROTLX;EUROTLX;XS3178397074;Barclaysbank Mc Nov35 Call Eur;EUR;1000;;;;17/11/2035;;
17/11/2025;MOT;EUROMOT;EU000A2SCAV2;Efsf Fx 2.5% Nov30 Eur;EUR;1000;Senior;11/11/2025;;11/11/2030;;
14/11/2025;MOT;BTP;IT0005637803;Btpstripital Zc Aug35 Eur;EUR;1;Senior;15/01/2025;;01/08/2035;;
14/11/2025;MOT;BTP;IT0003268999;Btpstripital Zc Feb31 Eur;EUR;1;Senior;18/03/2002;;01/02/2031;;
14/11/2025;MOT;BTP;IT0003268973;Btpstripital Zc Aug30 Eur;EUR;1;Senior;18/03/2002;;01/08/2030;;
14/11/2025;MOT;BTP;IT0003268957;Btpstripital Zc Feb30 Eur;EUR;1;Senior;18/03/2002;;01/02/2030;;
14/11/2025;MOT;BTP;IT0003268932;Btpstripital Zc Aug29 Eur;EUR;1;Senior;18/03/2002;;01/08/2029;;
14/11/2025;MOT;BTP;IT0003268890;Btpstripital Zc Feb28 Eur;EUR;1;Senior;18/03/2002;;01/02/2028;;
14/11/2025;MOT;BTP;IT0003268882;Btpstripital Zc Aug27 Eur;EUR;1;Senior;18/03/2002;;01/08/2027;;
13/11/2025;EUROTLX;EUROTLX;XS3207981161;Maire Sdg Link Fx 4% Nov30 Call Eur;EUR;1000;;;;13/11/2030;;
13/11/2025;MOT;DOMESTICMOT;IT0005675449;Cdp Mc Dec32 Eur;EUR;1000;Senior;10/12/2025;;10/12/2032;;
13/11/2025;MOT;BOT;IT0005678492;Bot Zc Nov26 A Eur;EUR;1000;Senior;;;13/11/2026;;
11/11/2025;EUROTLX;EUROTLX;XS3063312139;Cacib Fs Mc Nov30 Call Eur;EUR;1000;;;;05/11/2030;;
11/11/2025;EUROTLX;EUROTLX;XS2768948627;Bnpparibasis Mc Ind Link Oct32 Call Eur;EUR;1000;;;;29/10/2032;;
10/11/2025;EUROTLX;EUROTLX;XS3221864013;Exor Nv Fx 3.75% Nov35 Call Eur;EUR;100000;;;;05/11/2035;;
10/11/2025;EUROTLX;EUROTLX;US91087BAB62;Mexico Fx 4.35% Jan47 Call Usd;USD;200000;;;;15/01/2047;;
10/11/2025;EUROTLX;EUROTLX;US91087BAF76;Mexico Fx 4.5% Apr29 Call Usd;USD;200000;;;;22/04/2029;;
10/11/2025;EUROTLX;EUROTLX;US91087BAD29;Mexico Fx 4.6% Feb48 Call Usd;USD;200000;;;;10/02/2048;;
10/11/2025;EUROTLX;EUROTLX;US91086QBF46;Mexico Fx 4.6% Jan46 Call Usd;USD;200000;;;;23/01/2046;;
07/11/2025;EUROTLX;EUROTLX;XS3177950170;Deutschebank Mc Ind Link Oct31 Eur;EUR;1000;;;;31/10/2031;;
07/11/2025;MOT;EUROMOT;US459058LY71;World Bank Sustain Fx 3.5% Oct30 Usd;USD;1000;Senior;28/10/2025;;28/10/2030;;
06/11/2025;EUROTLX;EUROTLX;XS3167549537;Barclaysbank Oc Nov50 Call Gbp;GBP;1000;;;;07/11/2050;;
06/11/2025;EUROTLX;EUROTLX;IT0005675019;Cassa Centr Green Fx 2.4% Oct30 Eur;EUR;1000;;;;31/10/2030;;
06/11/2025;EUROTLX;EUROTLX;IT0005672198;Cassa Centr Green Sc Oct28 Eur;EUR;1000;;;;31/10/2028;;
05/11/2025;EUROTLX;EUROTLX;XS3136829788;Citigroup Gm Zc Nov46 Call Eur;EUR;1000;;;;05/11/2046;;
05/11/2025;EUROTLX;EUROTLX;XS3033846000;Gs Fin Corp Mc Oct30 Call Usd;USD;1000;;;;31/10/2030;;
04/11/2025;MOT;EUROMOT;XS3207981161;Maire Sdg Link Fx 4% Nov30 Call Eur;EUR;1000;Senior;13/11/2025;;13/11/2030;;
03/11/2025;EUROTLX;EUROTLX;XS3212436813;San Donato Fx 6.5% Oct31 Call Eur;EUR;100000;;;;31/10/2031;;
31/10/2025;EUROTLX;EUROTLX;IT0005483349;Mps Tv Eur3m+0,27 Ot28 Covered Call Eur;EUR;100000;;;;30/10/2028;;
31/10/2025;MOT;EUROMOT;EU000A4EDR76;Bei Fx 11% Jan32 Brl;BRL;5000;Senior;27/10/2025;;12/01/2032;;
31/10/2025;MOT;BTP;IT0005676504;Btp Fx 3.45% Feb36 Eur;EUR;1000;Senior;03/11/2025;;01/02/2036;;
29/10/2025;MOT;EUROMOT;XS3206904636;Ebrd Zc Jan36 Brl;BRL;25000;Senior;17/10/2025;;09/01/2036;;
28/10/2025;EUROTLX;EUROTLX;XS3200900911;Sg Issuer Mc Oct40 Call Usd;USD;1000;;;;24/10/2040;;
28/10/2025;EUROTLX;EUROTLX;XS3200900838;Sg Issuer Mc Oct40 Call Eur;EUR;1000;;;;24/10/2040;;
28/10/2025;MOT;BTP;IT0005672024;Btp Valore Sc Ot32 Eur;EUR;1000;Senior;28/10/2025;;28/10/2032;;
27/10/2025;MOT;DOMESTICMOT;IT0005675597;Cdp Fx 3.5% Oct35 Eur;EUR;100000;Senior;27/10/2025;;27/10/2035;;
27/10/2025;MOT;EUROMOT;XS3033850374;Gs Fin Corp Mc Oct35 Call Usd;USD;100;Senior;24/10/2025;;24/10/2035;;
27/10/2025;MOT;EUROMOT;XS3033845960;Gs Fin Corp Mc Oct35 Call Eur;EUR;100;Senior;24/10/2025;;24/10/2035;;
24/10/2025;MOT;EUROMOT;XS3206904123;Ebrd Fx 30% Oct30 Try;TRY;100000;Senior;15/10/2025;;15/10/2030;;
24/10/2025;MOT;EUROMOT;XS3189757878;Ebrd Fx 12% Sep26 Brl;BRL;25000;Senior;25/09/2025;;25/09/2026;;
24/10/2025;MOT;EUROMOT;XS3119443557;World Bank Sustain Fx 4.125% Oct30 Gbp;GBP;1000;Senior;14/07/2025;;22/10/2030;;
24/10/2025;MOT;EUROMOT;XS2681943390;World Bank Sustain Fx 4.875% Aug30 Gbp;GBP;1000;Senior;13/09/2023;;15/08/2030;;
24/10/2025;MOT;EUROMOT;XS0094675641;Bei Zc Dec28 Gbp;GBP;1000;Senior;19/02/1999;;07/12/2028;;
23/10/2025;MOT;EUROMOT;XS3213247037;A2a Spa Blue Fx 2.875% Oct30 Call Eur;EUR;100000;Senior;23/10/2025;;23/10/2030;;
22/10/2025;EUROTLX;EUROTLX;XS3203027654;Astm Spa Fx 3.375% Feb32 Call Eur;EUR;100000;;;;16/02/2032;;
22/10/2025;MOT;BTP;IT0005550220;Btpstripital Zc Oct40 Eur;EUR;1;Senior;23/02/2023;;01/10/2040;;
22/10/2025;MOT;BTP;IT0004976723;Btpstripital Zc Sep38 Eur;EUR;1;Senior;22/05/2013;;01/09/2038;;
22/10/2025;MOT;BTP;IT0004976574;Btpstripital Zc Mar31 Eur;EUR;1;Senior;22/05/2013;;01/03/2031;;
22/10/2025;MOT;BTP;IT0004976566;Btpstripital Zc Sep30 Eur;EUR;1;Senior;22/05/2013;;01/09/2030;;
22/10/2025;MOT;BTP;IT0004976541;Btpstripital Zc Sep29 Eur;EUR;1;Senior;22/05/2013;;01/09/2029;;
22/10/2025;MOT;BTP;IT0004976533;Btpstripital Zc Mar29 Eur;EUR;1;Senior;22/05/2013;;01/03/2029;;
20/10/2025;EUROTLX;EUROTLX;XS3125129711;Citigroup Gm Mc Oct35 Eur;EUR;1000;;;;17/10/2035;;
20/10/2025;MOT;EUROMOT;DE000BU22114;Schatz Fx 2% Dec27 Eur;EUR;1;Senior;16/10/2025;;16/12/2027;;
17/10/2025;EUROTLX;EUROTLX;US91282CNT44;Usa Fx 4.25% Aug35 Usd;USD;100;;;;15/08/2035;;
17/10/2025;EUROTLX;EUROTLX;IT0005674236;Banco Di Desio Mc Jan31 Call Eur;EUR;100000;;;;24/01/2031;;
17/10/2025;EUROTLX;EUROTLX;IT0005603284;Cdp Fx 3.875% Jul31 Eur;EUR;100000;;;;12/07/2031;;
17/10/2025;MOT;EUROMOT;EU000A4EJF17;Eu Fx 3.625% Dec40 Eur;EUR;1;Senior;14/10/2025;;12/12/2040;;
16/10/2025;EUROTLX;EUROTLX;XS3183135717;Wiit Fx 4.375% Oct30 Call Eur;EUR;1000;;;;16/10/2030;;
14/10/2025;EUROTLX;EUROTLX;XS2768948890;Bnpparibasis Mc Oct28 Eur;EUR;1000;;;;02/10/2028;;
14/10/2025;EUROTLX;EUROTLX;IT0005674269;Isp Fr Eur3m+0.48% Oct28 Eur;EUR;100000;;;;14/10/2028;;
13/10/2025;MOT;EUROMOT;XS3201918318;Inwit Sdg Link Fx 3.625% Oct32 Call Eur;EUR;100000;Senior;13/10/2025;;13/10/2032;;
13/10/2025;MOT;EUROMOT;XS3200176298;Romania Fx 6.5% Oct45 Eur;EUR;1000;Senior;07/10/2025;;07/10/2045;;
13/10/2025;MOT;EUROMOT;XS3198384573;Romania Fx 5.375% Jun33 Eur;EUR;1000;Senior;07/10/2025;;07/06/2033;;
13/10/2025;MOT;EUROMOT;XS3198384813;Romania Fx 6.125% Oct37 Eur;EUR;1000;Senior;07/10/2025;;07/10/2037;;
13/10/2025;MOT;EUROMOT;XS3190749450;Adb Zc Oct40 Call Zar;ZAR;100000;Senior;06/10/2025;;06/10/2040;;
13/10/2025;MOT;EUROMOT;US298785JN70;Bei Green Fx 1.625% May31 Usd;USD;1000;Senior;13/05/2021;;13/05/2031;;
13/10/2025;MOT;EUROMOT;US298785JJ68;Bei Sustainable Fx 0.625% Oct27 Usd;USD;1000;Senior;21/10/2020;;21/10/2027;;
13/10/2025;MOT;EUROMOT;US298785JH03;Bei Green Fx 0.75% Sep30 Usd;USD;1000;Senior;23/09/2020;;23/09/2030;;
13/10/2025;MOT;EUROMOT;US298785JE71;Bei Sustainable Fx 0.875% May30 Usd;USD;1000;Senior;19/05/2020;;17/05/2030;;
13/10/2025;MOT;EUROMOT;EU000A4EDR50;Bei Fx 11% Sep31 Brl;BRL;5000;Senior;29/09/2025;;29/09/2031;;
13/10/2025;MOT;BOT;IT0005674335;Bot Zc Oct26 A Eur;EUR;1000;Senior;;;14/10/2026;;
10/10/2025;EUROTLX;EUROTLX;XS3063310190;Cacib Fs Mc Oct30 Call Eur;EUR;1000;;;;10/10/2030;;
10/10/2025;EUROTLX;EUROTLX;IT0005672487;Isp Fr Eur1m+0.67% Oct30 Eur;EUR;100000;;;;10/10/2030;;
09/10/2025;EUROTLX;EUROTLX;IT0005674111;Unicredit Spa Sc Oct38 Eur;EUR;1000;;;;09/10/2038;;
09/10/2025;EUROTLX;EUROTLX;IT0005674103;Unicredit Spa Sc Oct38 Usd;USD;2000;;;;09/10/2038;;
09/10/2025;EUROTLX;EUROTLX;IT0005672495;Isp Fr Eur3m+0.82% Oct32 Eur;EUR;100000;;;;09/10/2032;;
09/10/2025;EUROTLX;EUROTLX;IT0005669400;Dolomiti Green Fx 3.5% Oct30 Call Eur;EUR;1000;;;;09/10/2030;;
09/10/2025;MOT;DOMESTICMOT;IT0005674111;Unicredit Spa Sc Oct38 Eur;EUR;1000;Senior;09/10/2025;;09/10/2038;;
09/10/2025;MOT;EUROMOT;IT0005674103;Unicredit Spa Sc Oct38 Usd;USD;2000;Senior;09/10/2025;;09/10/2038;;
09/10/2025;MOT;EUROMOT;ES0000012P74;Obligaciones Fx 3% Jan33 Eur;EUR;1000;Senior;07/10/2025;;31/01/2033;;
08/10/2025;EUROTLX;EUROTLX;IT0005671547;Isp Sc Oct32 Usd;USD;2000;;;;06/10/2032;;
08/10/2025;EUROTLX;EUROTLX;IT0005671539;Isp Sc Oct35 Usd;USD;2000;;;;06/10/2035;;
08/10/2025;EUROTLX;EUROTLX;IT0005671521;Isp Sc Oct30 Usd;USD;2000;;;;06/10/2030;;
08/10/2025;EUROTLX;EUROTLX;IT0005667024;Mediobanca Mc Oct32 Eur;EUR;1000;;;;03/10/2032;;
08/10/2025;MOT;EUROMOT;IT0005671547;Isp Sc Oct32 Usd;USD;2000;Senior;06/10/2025;;06/10/2032;;
08/10/2025;MOT;EUROMOT;IT0005671539;Isp Sc Oct35 Usd;USD;2000;Senior;06/10/2025;;06/10/2035;;
08/10/2025;MOT;EUROMOT;IT0005671521;Isp Sc Oct30 Usd;USD;2000;Senior;06/10/2025;;06/10/2030;;
07/10/2025;EUROTLX;EUROTLX;XS3113553922;Bnpparibasis Mc Sep33 Call Eur;EUR;1000;;;;30/09/2033;;
07/10/2025;EUROTLX;EUROTLX;XS3080020806;Bnpparibasis Mc Sep33 Call Eur;EUR;1000;;;;30/09/2033;;
07/10/2025;EUROTLX;EUROTLX;IT0005666786;Unicredit Spa Mc Ind Link Sep31 Eur;EUR;1000;;;;30/09/2031;;
07/10/2025;MOT;EUROMOT;XS3199054480;Italy Mc Oct35 Eur;EUR;100000;Senior;06/10/2025;;06/10/2035;;
07/10/2025;MOT;EUROMOT;XS3194153352;Latvia Fx 3.5% Oct35 Eur;EUR;1000;Senior;02/10/2025;;02/10/2035;;
07/10/2025;MOT;EUROMOT;PTOTEQOE0023;Portugal Fx 2.875% Oct33 Eur;EUR;1;Senior;30/09/2025;;14/10/2033;;
06/10/2025;EUROTLX;EUROTLX;XS3135862608;Barclaysbank Oc Oct50 Call Usd;USD;1000;;;;06/10/2050;;
06/10/2025;EUROTLX;EUROTLX;XS3135860065;Barclaysbank Oc Oct50 Call Eur;EUR;1000;;;;06/10/2050;;
06/10/2025;MOT;EUROMOT;XS3183135717;Wiit Fx 4.375% Oct30 Call Eur;EUR;1000;Senior;16/10/2025;;16/10/2030;;
03/10/2025;EUROTLX;EUROTLX;XS3169949628;Gs Bank Europe Mc Sep30 Call Eur;EUR;1000;;;;30/09/2030;;
02/10/2025;EUROTLX;EUROTLX;XS3194057553;Telecomitali Fx 3.625% Sep30 Call Eur;EUR;100000;;;;30/09/2030;;
02/10/2025;EUROTLX;EUROTLX;XS3192254632;Mundys Sdglink Fx 3.7% Sep31 Call Eur;EUR;100000;;;;29/09/2031;;
02/10/2025;EUROTLX;EUROTLX;FR0014010DR1;Renault Green Fx 3.875% Sep30 Call Eur;EUR;100000;;;;30/09/2030;;
30/09/2025;EUROTLX;EUROTLX;XS2829728596;Gs Group Sc Sep40 Call Eur;EUR;100;;;;30/09/2040;;
30/09/2025;EUROTLX;EUROTLX;XS2829725493;Gs Group Sc Sep40 Call Usd;USD;100;;;;30/09/2040;;
30/09/2025;EUROTLX;EUROTLX;XS2792129590;Citigroup  Mc Sep32 Eur;EUR;1000;;;;30/09/2032;;
30/09/2025;MOT;DOMESTICMOT;IT0005671257;Cdp Fr Sep43 Eur;EUR;100000;Senior;30/09/2025;;30/09/2043;;
30/09/2025;MOT;EUROMOT;XS3194057553;Telecomitali Fx 3.625% Sep30 Call Eur;EUR;100000;Senior;30/09/2025;;30/09/2030;;
29/09/2025;MOT;DOMESTICMOT;IT0005669400;Dolomiti Green Fx 3.5% Oct30 Call Eur;EUR;1000;Senior;09/10/2025;;09/10/2030;;
29/09/2025;MOT;BTP;IT0005671273;Btp Fx 2.85% Feb31 Eur;EUR;1000;Senior;01/10/2025;;01/02/2031;;
25/09/2025;EUROTLX;EUROTLX;XS3111188549;Barclaysbank Oc Sep45 Call Usd;USD;1000;;;;25/09/2045;;
25/09/2025;EUROTLX;EUROTLX;XS3099772207;Bnpparibasis Oc Ind Link Sep30 Eur;EUR;1000;;;;24/09/2030;;
25/09/2025;EUROTLX;EUROTLX;IT0005669715;Unicredit Spa Mc Sep31 Call Eur;EUR;150000;;;;22/09/2031;;
25/09/2025;MOT;EUROMOT;EU000A4EG781;Bei Green Fx 2.5% Feb31 Eur;EUR;1000;Senior;23/09/2025;;17/02/2031;;
23/09/2025;MOT;EUROMOT;EU000A3LUMF5;Bei Fx 4% Feb29 Gbp;GBP;1000;Senior;15/02/2024;;15/02/2029;;
23/09/2025;MOT;EUROMOT;EU000A3LSRN2;Bei Sustainable Fx 3.625% Jan32 Gbp;GBP;1000;Senior;12/01/2024;;12/01/2032;;
22/09/2025;MOT;EUROMOT;XS3006188042;Ebrd Fx 4.25% Oct28 Gbp;GBP;1000;Senior;19/02/2025;;19/10/2028;;
22/09/2025;MOT;BTP;IT0005550121;Btpstripital Zc Oct35 Eur;EUR;1;Senior;23/02/2023;;01/10/2035;;
22/09/2025;MOT;BTP;IT0005425837;Btpstripital Zc Apr31 Eur;EUR;1;Senior;01/10/2020;;01/04/2031;;
22/09/2025;MOT;BTP;IT0005387219;Btpstripital Zc Apr30 Eur;EUR;1;Senior;02/09/2019;;01/04/2030;;
22/09/2025;MOT;BTP;IT0005387177;Btpstripital Zc Apr28 Eur;EUR;1;Senior;02/09/2019;;01/04/2028;;
22/09/2025;MOT;BTP;IT0005387151;Btpstripital Zc Apr27 Eur;EUR;1;Senior;02/09/2019;;01/04/2027;;
22/09/2025;MOT;BTP;IT0004976699;Btpstripital Zc Mar37 Eur;EUR;1;Senior;22/05/2013;;01/03/2037;;
22/09/2025;MOT;BTP;IT0004976673;Btpstripital Zc Mar36 Eur;EUR;1;Senior;22/05/2013;;01/03/2036;;
22/09/2025;MOT;BTP;IT0004848591;Btpstripital Zc Aug34 Eur;EUR;1;Senior;24/09/2003;;01/08/2034;;
19/09/2025;EUROTLX;EUROTLX;IT0005467037;Mps Tv Eur3m+0,24 Lg28 Covered Call Eur;EUR;100000;;;;31/07/2028;;
18/09/2025;MOT;EUROMOT;XS3181621239;World Bank Sustainable Fx 11% Sep30 Brl;BRL;10000;Senior;16/09/2025;;16/09/2030;;
18/09/2025;MOT;EUROMOT;EU000A4EG039;Eu Next Gen Ukr Fa Fx 4% Oct55 Eur;EUR;1;Senior;16/09/2025;;12/10/2055;;
18/09/2025;MOT;EUROMOT;EU000A4EG021;Eu Next Gen Ukr Fa Fx 2.5% Oct30 Eur;EUR;1;Senior;16/09/2025;;14/10/2030;;
16/09/2025;EUROTLX;EUROTLX;IT0005661274;Unicredit Spa Mc Ind Link Sep31 Eur;EUR;1000;;;;09/09/2031;;
16/09/2025;MOT;EUROMOT;XS3171646378;Adb Fx 35% Mar27 Try;TRY;10000;Senior;10/09/2025;;23/03/2027;;
16/09/2025;MOT;EUROMOT;US4581X0EH74;Iadb Fx 4% Jan28 Usd;USD;1000;Senior;12/01/2023;;12/01/2028;;
16/09/2025;MOT;EUROMOT;US4581X0EF19;Iadb Sustainable Fx 3.5% Sep29 Usd;USD;1000;Senior;14/09/2022;;14/09/2029;;
16/09/2025;MOT;EUROMOT;US4581X0DS49;Iadb Sustainable Fx 1.125% Jan31 Usd;USD;1000;Senior;13/01/2021;;13/01/2031;;
16/09/2025;MOT;EUROMOT;US4581X0DX34;Iadb Sustainable Fx 1.125% Jul28 Usd;USD;1000;Senior;20/07/2021;;20/07/2028;;
15/09/2025;EUROTLX;EUROTLX;XS3103136886;Bnpparibasis Oc Eq Link Sep27 Chf;CHF;1000;;;;13/09/2027;;
15/09/2025;MOT;EUROMOT;XS3033991608;Gs Fin Corp Mc Sep35 Call Eur;EUR;100;Senior;12/09/2025;;12/09/2035;;
15/09/2025;MOT;EUROMOT;XS3033981393;Gs Fin Corp Mc Sep35 Call Usd;USD;100;Senior;12/09/2025;;12/09/2035;;
12/09/2025;EUROTLX;EUROTLX;XS2878513246;Sg Issuer Mc Curr Link Sep35 Call Eur;EUR;1000;;;;12/09/2035;;
12/09/2025;EUROTLX;EUROTLX;XS2878513089;Sg Issuer Mc Curr Link Sep35 Call Eur;EUR;1000;;;;12/09/2035;;
11/09/2025;MOT;EUROMOT;XS0814612791;Afdb Fx 0.5% Sep32 Mxn;MXN;100000;Senior;07/09/2012;;07/09/2032;;
11/09/2025;MOT;EUROMOT;CH1466688350;Iadb Sustainable Fx 0.675% Jul34 Chf;CHF;5000;Senior;28/07/2025;;28/07/2034;;
11/09/2025;MOT;EUROMOT;CH1335850314;Iadb Sustainable Fx 0.9475% Jul32 Chf;CHF;5000;Senior;26/07/2024;;26/07/2032;;
11/09/2025;MOT;BOT;IT0005669269;Bot Zc Sep26 A Eur;EUR;1000;Senior;;;14/09/2026;;
10/09/2025;EUROTLX;EUROTLX;IT0005667982;Unicredit Spa Fx 2.8% Sep30 Eur;EUR;100000;;;;09/09/2030;;
10/09/2025;MOT;DOMESTICMOT;IT0005643249;Amco Fx 3.25% Apr30 Call Eur;EUR;100000;Senior;02/04/2025;;02/04/2030;;
10/09/2025;MOT;EUROMOT;US4581X0DQ82;Iadb Sustainable Fx 0.625% Sep27 Usd;USD;1000;Senior;16/09/2020;;16/09/2027;;
10/09/2025;MOT;EUROMOT;US4581X0DG01;Iadb Sustainable Fx 2.25% Jun29 Usd;USD;1000;Senior;18/06/2019;;18/06/2029;;
10/09/2025;MOT;EUROMOT;US4581X0DC96;Iadb Sustainable Fx 3.125% Sep28 Usd;USD;1000;Senior;18/09/2018;;18/09/2028;;
10/09/2025;MOT;EUROMOT;FR0014012II5;Oat Fx 3.5% Nov35 Eur;EUR;1;Senior;25/11/2024;;25/11/2035;;
10/09/2025;MOT;EUROMOT;DE000BU27014;Bund Fx 2.5% Nov32 Eur;EUR;1;Senior;29/08/2025;;15/11/2032;;
09/09/2025;EUROTLX;EUROTLX;FR0014012HT4;Airfrance Klm Fx 3.75% Sep30 Call Eur;EUR;100000;;;;04/09/2030;;
08/09/2025;EUROTLX;EUROTLX;XS3171594636;E.On Int Green Fx 3.5% Sep35 Call Eur;EUR;1000;;;;03/09/2035;;
08/09/2025;EUROTLX;EUROTLX;XS3171584595;Cnhindustria Fx 3.875% Sep35 Call Eur;EUR;100000;;;;03/09/2035;;
08/09/2025;EUROTLX;EUROTLX;XS3171591889;E.On Int Green Fx 3% Sep31 Call Eur;EUR;1000;;;;03/09/2031;;
08/09/2025;EUROTLX;EUROTLX;XS3072909107;Golden Goose Fr Eur3m+3.75% May31 Call;EUR;100000;;;;15/05/2031;;
05/09/2025;EUROTLX;EUROTLX;XS3154387057;Sg Issuer Mc Sep40 Call Eur;EUR;1000;;;;05/09/2040;;
05/09/2025;MOT;BTP;IT0005668238;Btp Fx 4.65% Oct55 Eur;EUR;1000;Senior;09/09/2025;;01/10/2055;;
05/09/2025;MOT;BTP;IT0005668220;Btp Fx 3.25% Nov32 Eur;EUR;1000;Senior;09/09/2025;;15/11/2032;;
04/09/2025;MOT;EUROMOT;AT0000A3NY15;Austria Fx 2.8% Sep32 Eur;EUR;100;Senior;02/09/2025;;20/09/2032;;
04/09/2025;MOT;BTP;IT0004976624;Btpstripital Zc Sep33 Eur;EUR;1;Senior;22/05/2013;;01/09/2033;;
04/09/2025;MOT;BTP;IT0001464194;Btpstripital Zc May30 Eur;EUR;1;Senior;17/03/2000;;01/05/2030;;
04/09/2025;MOT;BTP;IT0001464202;Btpstripital Zc Nov30 Eur;EUR;1;Senior;17/03/2000;;01/11/2030;;
04/09/2025;MOT;BTP;IT0001312799;Btpstripital Zc Nov28 Eur;EUR;1;Senior;18/11/1998;;01/11/2028;;
04/09/2025;MOT;BTP;IT0001312807;Btpstripital Zc May29 Eur;EUR;1;Senior;18/11/1998;;01/05/2029;;
04/09/2025;MOT;BTP;IT0001312781;Btpstripital Zc May28 Eur;EUR;1;Senior;18/11/1998;;01/05/2028;;
03/09/2025;EUROTLX;EUROTLX;XS3072428850;Bnpparibasis Oc Com Link Aug30 Usd;USD;1000;;;;12/08/2030;;
03/09/2025;EUROTLX;EUROTLX;IT0005642944;Bcc Pianfei Fx 2.25% Apr28 Eur;EUR;1000;;;;01/04/2028;;
02/09/2025;MOT;EUROMOT;US459056RA75;World Bank Sustainablefx 4.375% Aug35usd;USD;1000;Senior;27/08/2025;;27/08/2035;;
02/09/2025;MOT;EUROMOT;FI4000591862;Finland Fx 2.625% Apr32 Eur;EUR;1000;Senior;28/08/2025;;15/04/2032;;
02/09/2025;MOT;BTP;IT0004976517;Btpstripital Zc Mar28 Eur;EUR;1;Senior;22/05/2013;;01/03/2028;;
02/09/2025;MOT;BTP;IT0004976509;Btpstripital Zc Sep27 Eur;EUR;1;Senior;22/05/2013;;01/09/2027;;
02/09/2025;MOT;BTP;IT0004976491;Btpstripital Zc Mar27 Eur;EUR;1;Senior;22/05/2013;;01/03/2027;;
02/09/2025;MOT;BTP;IT0001247391;Btpstripital Zc May27 Eur;EUR;1;Senior;27/07/1998;;01/05/2027;;
01/09/2025;EUROTLX;EUROTLX;IT0005667693;Unicredit Spa Mc Sep38 Eur;EUR;1000;;;;01/09/2038;;
01/09/2025;MOT;DOMESTICMOT;IT0005667693;Unicredit Spa Mc Sep38 Eur;EUR;1000;Senior;01/09/2025;;01/09/2038;;
01/09/2025;MOT;EUROMOT;US4581X0ER56;Iadb Sustainable Fx 3.625% Sep31 Usd;USD;1000;Senior;17/09/2024;;17/09/2031;;
01/09/2025;MOT;EUROMOT;US4581X0EN43;Iadb Sustainable Fx 4.125% Feb29 Usd;USD;1000;Senior;30/01/2024;;15/02/2029;;
01/09/2025;MOT;EUROMOT;US4581X0EJ31;Iadb Sustainable Fx 3.5% Apr33 Usd;USD;1000;Senior;12/04/2023;;12/04/2033;;
28/08/2025;EUROTLX;EUROTLX;IT0005632663;Cr Fossano Fr Eur6m Feb29 Eur;EUR;1000;;;;10/02/2029;;
28/08/2025;MOT;EUROMOT;US298785KM78;Bei Fx 3.875% Oct30 Usd;USD;1000;Senior;26/08/2025;;15/10/2030;;
25/08/2025;MOT;EUROMOT;XS3144162446;World Bank Sustainab Fx 12.25% Aug33 Brl;BRL;10000;Senior;08/08/2025;;08/08/2033;;
25/08/2025;MOT;EUROMOT;US4581X0EW42;Iadb Sustainable Fx 4.375% Jul35 Usd;USD;1000;Senior;16/07/2025;;16/07/2035;;
25/08/2025;MOT;EUROMOT;US4581X0EV68;Iadb Sustainable Fx 3.75% Jun30 Usd;USD;1000;Senior;07/05/2025;;14/06/2030;;
25/08/2025;MOT;EUROMOT;US4581X0ES30;Iadb Sustainable Fx 4.5% Feb30 Usd;USD;1000;Senior;16/01/2025;;15/02/2030;;
25/08/2025;MOT;EUROMOT;US4581X0CE61;Iadb Fx 4.375% Jan44 Usd;USD;1000;Senior;24/01/2014;;24/01/2044;;
25/08/2025;MOT;EUROMOT;US4581X0BX51;Iadb Fx 3.2% Aug42 Usd;USD;1000;Senior;07/08/2012;;07/08/2042;;
25/08/2025;MOT;EUROMOT;US4581X0BT40;Iadb Fx 3.875% Oct41 Usd;USD;1000;Senior;27/10/2011;;28/10/2041;;
20/08/2025;EUROTLX;EUROTLX;IT0005659187;Mediobanca Mc Aug32 Eur;EUR;1000;;;;13/08/2032;;
19/08/2025;EUROTLX;EUROTLX;XS2688703342;Gs Fin Corp Mc Aug35 Call Usd;USD;100000;;;;05/08/2035;;
13/08/2025;MOT;BOT;IT0005666851;Bot Zc Aug26 A Eur;EUR;1000;Senior;;;14/08/2026;;
08/08/2025;EUROTLX;EUROTLX;IT0005655664;Unicredit Spa Mc Ind Link Jul31 Eur;EUR;1000;;;;31/07/2031;;
06/08/2025;EUROTLX;EUROTLX;IT0005665507;First Cap Fx 5.75% Feb29 Call Eur;EUR;100000;;;;06/02/2029;;
05/08/2025;MOT;EUROMOT;XS2982293156;Gs Group Oc Aug35 Call Eur;EUR;100;Senior;04/08/2025;;04/08/2035;;
05/08/2025;MOT;EUROMOT;XS2982296092;Gs Group Oc Aug35 Call Usd;USD;100;Senior;04/08/2025;;04/08/2035;;
04/08/2025;MOT;EUROMOT;XS2776634144;World Bank Sustainable Fx 8.7% Mar29 Zar;ZAR;10000;Senior;04/03/2024;;04/03/2029;;
04/08/2025;MOT;EUROMOT;XS2757515452;World Bank Sustainablefx 8.65% Jan29 Zar;ZAR;10000;Senior;30/01/2024;;30/01/2029;;
01/08/2025;MOT;DOMESTICMOT;IT0005661498;Ipi Spa Fr Sep32 Amort Call Eur;EUR;1000;Senior;23/09/2025;;22/09/2032;;
31/07/2025;EUROTLX;EUROTLX;XS3099076047;Deutschebank Oc Ind Link Jul30 Eur;EUR;1000;;;;31/07/2030;;
30/07/2025;MOT;EUROMOT;CH1461438173;Austria Green Fx 0.855% Jul37 Chf;CHF;5000;Senior;22/07/2025;;22/07/2037;;
29/07/2025;EUROTLX;EUROTLX;XS2774095934;Bnpparibasis Mc Jun33 Eur;EUR;1000;;;;30/06/2033;;
29/07/2025;MOT;EUROMOT;US45950VUS32;Ifc Fx 3.875% Jul30 Usd;USD;10000;Senior;30/06/2025;;02/07/2030;;
28/07/2025;EUROTLX;EUROTLX;IT0005661704;Bnl Eur3m+0.413% Jul29 Est Covered Eur;EUR;100000;;;;28/07/2029;;
25/07/2025;MOT;EUROMOT;XS3129375732;World Sustainable Bank Fx 3% Jul35 Eur;EUR;1000;Senior;23/07/2025;;23/07/2035;;
24/07/2025;EUROTLX;EUROTLX;IT0005661761;Mediobanca Mc Aug31 Call Eur;EUR;100000;;;;22/08/2031;;
24/07/2025;EUROTLX;EUROTLX;IT0005661282;Cr Bolzano Mc Jul31 Call Eur;EUR;100000;;;;24/07/2031;;
24/07/2025;MOT;EUROMOT;XS3124532311;Ifc Fx 11.75% Jul30 Brl;BRL;5000;Senior;18/07/2025;;18/07/2030;;
23/07/2025;MOT;EUROMOT;CH1415780159;Austria Green Fx 1.0075% Jun45 Chf;CHF;5000;Senior;13/06/2025;;13/06/2045;;
22/07/2025;EUROTLX;EUROTLX;XS3057921523;Bnpparibasis Fr Jul29 Eur;EUR;1000;;;;02/07/2029;;
22/07/2025;MOT;EUROMOT;XS3124393367;Bulgaria Fx 4.125% Jul45 Eur;EUR;1000;Senior;18/07/2025;;18/07/2045;;
22/07/2025;MOT;EUROMOT;XS3128477521;Terna Green Fx 3% Jul31 Call Eur;EUR;100000;Senior;22/07/2025;;22/07/2031;;
22/07/2025;MOT;EUROMOT;XS3124345631;Bulgaria Fx 3.375% Jul35 Eur;EUR;1000;Senior;18/07/2025;;18/07/2035;;
21/07/2025;EUROTLX;EUROTLX;XS3098989588;Kepler Fr Eur3m+4.125% Dec29 Call Eur;EUR;100000;;;;18/12/2029;;
18/07/2025;EUROTLX;EUROTLX;XS3106724241;Dolcetto Spa Fx 5.625% Jul32 Call Eur;EUR;100000;;;;14/07/2032;;
18/07/2025;EUROTLX;EUROTLX;XS3106723516;Dolcetto Spa Fr Eur3m+3.625% Jul32 Call;EUR;100000;;;;14/07/2032;;
18/07/2025;MOT;EUROMOT;XS3114901336;Romania Fx 5.75% Sep30 Usd;USD;2000;Senior;16/07/2025;;16/09/2030;;
18/07/2025;MOT;EUROMOT;XS3114897633;Romania Fx 6.625% May36 Usd;USD;2000;Senior;16/07/2025;;16/05/2036;;
17/07/2025;EUROTLX;EUROTLX;IT0005660094;Banca Ifis Fx 3.625% Nov29 Call Eur;EUR;100000;;;;15/11/2029;;
17/07/2025;EUROTLX;EUROTLX;IT0005659609;Banca Fucino Mc Jul35 T2 Call Eur;EUR;200000;;;;17/07/2035;;
17/07/2025;EUROTLX;EUROTLX;IT0005655847;Mediobanca Fr Eur3m+0.35% Jul27 Eur;EUR;1000;;;;16/07/2027;;
17/07/2025;MOT;EUROMOT;EU000A4ED0K0;Eu Next Gen Fx 2.75% Dec32 Eur;EUR;1;Senior;15/07/2025;;13/12/2032;;
15/07/2025;EUROTLX;EUROTLX;XS2953808610;Cacib Fs Fx 3.04% Jun32 Eur;EUR;100000;;;;30/06/2032;;
15/07/2025;MOT;EUROMOT;XS3108534887;Adb Zc Jul40 Call Zar;ZAR;100000;Senior;10/07/2025;;10/07/2040;;
15/07/2025;MOT;EUROMOT;XS3107214762;Adb Fx 37.5% Jul26 Try;TRY;10000;Senior;09/07/2025;;09/07/2026;;
14/07/2025;EUROTLX;EUROTLX;XS3062135630;Barclaysbank Oc Jul43 Call Usd;USD;1000;;;;14/07/2043;;
14/07/2025;EUROTLX;EUROTLX;XS3062135556;Barclaysbank Oc Jul43 Call Eur;EUR;1000;;;;14/07/2043;;
14/07/2025;EUROTLX;EUROTLX;IT0005659989;Isp Fx 2.48% Jul28 Eur;EUR;100000;;;;14/07/2028;;
14/07/2025;MOT;EUROMOT;XS3109460959;Poland Green Fx 3.875% Jul37 Eur;EUR;1000;Senior;07/07/2025;;07/07/2037;;
14/07/2025;MOT;EUROMOT;XS3109446610;Poland Fx 3.125% Jul32 Eur;EUR;1000;Senior;07/07/2025;;07/07/2032;;
14/07/2025;MOT;EUROMOT;DE000BU25059;Bobl Fx 2.2% Oct30 Eur;EUR;1;Senior;10/07/2025;;10/10/2030;;
14/07/2025;MOT;BTP;IT0005660052;Btp Fx 2.35% Jan29 Eur;EUR;1000;Senior;15/07/2025;;15/01/2029;;
11/07/2025;EUROTLX;EUROTLX;XS3101363011;Teamsystem Fx 5% Jul31 Call Eur;EUR;100000;;;;01/07/2031;;
11/07/2025;EUROTLX;EUROTLX;IT0005659294;Isp Fx 2.53% Jul28 Eur;EUR;100000;;;;11/07/2028;;
11/07/2025;EUROTLX;EUROTLX;IT0005659146;Bancasellaho Mc Jul30 Call Eur;EUR;100000;;;;09/07/2030;;
11/07/2025;MOT;BOT;IT0005660029;Bot Zc Jul26 A Eur;EUR;1000;Senior;;;14/07/2026;;
10/07/2025;EUROTLX;EUROTLX;XS3106096178;Webuild Fx 4.125% Jul31 Call Eur;EUR;100000;;;;03/07/2031;;
10/07/2025;EUROTLX;EUROTLX;IT0005658379;Isp Fx 3.2% Jul32 Eur;EUR;100000;;;;10/07/2032;;
10/07/2025;EUROTLX;EUROTLX;IT0005657850;Banco Bpm Spa Mc Jan36 T2 Call Eur;EUR;200000;;;;01/01/2036;;
10/07/2025;EUROTLX;EUROTLX;IT0005657520;Bmps Mc Oct35 T2 Call Eur;EUR;200000;;;;02/10/2035;;
08/07/2025;MOT;DOMESTICMOT;IT0005652513;Cdp Mc Jul33 Eur;EUR;1000;Senior;08/07/2025;;08/07/2033;;
08/07/2025;MOT;EUROMOT;EU000A4D7YR5;Bei Fx 11% Jul30 Brl;BRL;5000;Senior;03/07/2025;;03/07/2030;;
08/07/2025;MOT;EUROMOT;DE000BU2Z056;Bund Fx 2.6% Aug35 Eur;EUR;1;Senior;04/07/2025;;15/08/2035;;
07/07/2025;EUROTLX;EUROTLX;XS3083843907;Deutschebank Sc Jul37 Call Usd;USD;2000;;;;07/07/2037;;
07/07/2025;EUROTLX;EUROTLX;XS3083834666;Deutschebank Sc Jul37 Call Eur;EUR;1000;;;;07/07/2037;;
07/07/2025;EUROTLX;EUROTLX;XS3058004907;Barclaysbank Mc Jul40 Call Eur;EUR;1000;;;;09/07/2040;;
07/07/2025;EUROTLX;EUROTLX;IT0005650731;Unicredit Spa Mc Ind Link Jun31 Eur;EUR;1000;;;;30/06/2031;;
02/07/2025;EUROTLX;EUROTLX;DE000MS0H141;Morganstanle Oc Ind Link Jun30 Eur;EUR;1000;;;;25/06/2030;;
01/07/2025;EUROTLX;EUROTLX;IT0005657645;Isp Fr Eur1m+0.8% Jul30 Eur;EUR;100000;;;;01/07/2030;;
01/07/2025;EUROTLX;EUROTLX;IT0005652042;Mediobanca Mc Jun32 Eur;EUR;1000;;;;30/06/2032;;
01/07/2025;MOT;DOMESTICMOT;IT0005652042;Mediobanca Mc Jun32 Eur;EUR;1000;Senior;30/06/2025;;30/06/2032;;
01/07/2025;MOT;EUROMOT;XS3096163160;Snam Spa Green Fx 3.25% Jul32 Call Eur;EUR;100000;Senior;01/07/2025;;01/07/2032;;
30/06/2025;EUROTLX;EUROTLX;XS3052775338;Barclaysbank Mc Jun40 Call Eur;EUR;1000;;;;29/06/2040;;
30/06/2025;EUROTLX;EUROTLX;XS3047654705;Bnpparibasis Fr Jun28 Eur;EUR;1000;;;;19/06/2028;;
30/06/2025;EUROTLX;EUROTLX;IT0005657405;Isp Fr Eur3m+0.74% Jun30 Eur;EUR;100000;;;;30/06/2030;;
30/06/2025;EUROTLX;EUROTLX;IT0005656282;Unicredit Spa Mc Jun37 T2 Call Eur;EUR;200000;;;;24/06/2037;;
30/06/2025;EUROTLX;EUROTLX;IT0005656621;Mediobanca Fr Eur3m+0.46% Dec27 Eur;EUR;100000;;;;27/12/2027;;
30/06/2025;EUROTLX;EUROTLX;IT0005651812;Mediobanca Mc Jun33 Eur;EUR;1000;;;;27/06/2033;;
27/06/2025;EUROTLX;EUROTLX;US91282CNH06;Usa Fx 3.875% Jun28 Usd;USD;100;;;;15/06/2028;;
27/06/2025;EUROTLX;EUROTLX;US91282CNG23;Usa Fx 4% May30 Usd;USD;100;;;;31/05/2030;;
27/06/2025;EUROTLX;EUROTLX;US91282CNF40;Usa Fx 4.125% May32 Usd;USD;100;;;;31/05/2032;;
27/06/2025;EUROTLX;EUROTLX;US91282CNE74;Usa Fx 3.875% May27 Usd;USD;100;;;;31/05/2027;;
27/06/2025;EUROTLX;EUROTLX;US912810UL07;Usa Fx 5% May45 Usd;USD;100;;;;15/05/2045;;
27/06/2025;EUROTLX;EUROTLX;US912810TX63;Usa Fx 4.25% Feb54 Usd;USD;100;;;;15/02/2054;;
27/06/2025;MOT;EUROMOT;US298785KL95;Bei Fx 4.25% Aug32 Usd;USD;1000;Senior;25/06/2025;;16/08/2032;;
26/06/2025;EUROTLX;EUROTLX;XS3048621737;Sg Issuer Mc Eq Link Jun30 Autocall Eur;EUR;1000;;;;27/06/2030;;
26/06/2025;MOT;BTP;IT0005657348;Btpi Fx Aug31 Eur;EUR;1000;Senior;27/06/2025;;15/08/2031;;
26/06/2025;MOT;BTP;IT0005657330;Btp Fx 2.1% Aug27 Eur;EUR;1000;Senior;27/06/2025;;26/08/2027;;
25/06/2025;EUROTLX;EUROTLX;XS3040135918;Bnpparibasis Fr Jun30 Eur;EUR;1000;;;;10/06/2030;;
25/06/2025;EUROTLX;EUROTLX;IT0005655375;Isp Sc Jun37 Usd;USD;2000;;;;23/06/2037;;
25/06/2025;EUROTLX;EUROTLX;IT0005655359;Isp Sc Jun33 Usd;USD;2000;;;;23/06/2033;;
25/06/2025;EUROTLX;EUROTLX;IT0005655342;Isp Sc Jun31 Usd;USD;2000;;;;23/06/2031;;
25/06/2025;MOT;EUROMOT;IT0005655375;Isp Sc Jun37 Usd;USD;2000;Senior;23/06/2025;;23/06/2037;;
25/06/2025;MOT;EUROMOT;IT0005655359;Isp Sc Jun33 Usd;USD;2000;Senior;23/06/2025;;23/06/2033;;
25/06/2025;MOT;EUROMOT;IT0005655342;Isp Sc Jun31 Usd;USD;2000;Senior;23/06/2025;;23/06/2031;;
24/06/2025;MOT;EUROMOT;XS3101504952;Fs Green Fx 3.375% Jun32 Eur;EUR;100000;Senior;24/06/2025;;24/06/2032;;
20/06/2025;MOT;EUROMOT;XS0942224352;Bei Fx 4% Jun33 Nok;NOK;10000;Senior;13/06/2013;;13/06/2033;;
20/06/2025;MOT;EUROMOT;EU000A4ECKZ8;Bei Green Fx 2.875% Jun35 Eur;EUR;1000;Senior;18/06/2025;;18/06/2035;;
20/06/2025;MOT;EUROMOT;EU000A3L6Q18;Bei Sustainable Fx 4.125% Jul30 Nok;NOK;10000;Senior;29/01/2025;;29/07/2030;;
19/06/2025;EUROTLX;EUROTLX;ZAG000208372;South Africa Fx 10% Mar33 Zar;ZAR;1;;;;31/03/2033;;
19/06/2025;EUROTLX;EUROTLX;XS3098976098;Generali Fx 4.135% Jun36 T2 Call Eur;EUR;200000;;;;18/06/2036;;
19/06/2025;EUROTLX;EUROTLX;XS3090092233;Stellantis Nv Fx 4.625% Jun35 Call Eur;EUR;100000;;;;06/06/2035;;
19/06/2025;EUROTLX;EUROTLX;XS3090081897;Stellantis Nv Fx 3.875% Jun31 Call Eur;EUR;100000;;;;06/06/2031;;
17/06/2025;EUROTLX;EUROTLX;IT0005654592;Unicredit Spa Mc Jun31 Call Eur;EUR;100000;;;;10/06/2031;;
17/06/2025;EUROTLX;EUROTLX;IT0005654584;Unicredit Spa Fx 3.725% Jun35 Call Eur;EUR;100000;;;;10/06/2035;;
17/06/2025;MOT;DOMESTICMOT;IT0005655136;Cdp Green Fx 3.25% Jun33 Eur;EUR;100000;Senior;17/06/2025;;17/06/2033;;
16/06/2025;EUROTLX;EUROTLX;XS3048660982;Sg Issuer Mc Jun35 Call Eur;EUR;1000;;;;14/06/2035;;
16/06/2025;EUROTLX;EUROTLX;XS2982322609;Gs Group Mc Jun32 Eur;EUR;1000;;;;16/06/2032;;
16/06/2025;EUROTLX;EUROTLX;IT0005655029;Isp Fx 3.7% Jun35 Eur;EUR;100000;;;;16/06/2035;;
12/06/2025;EUROTLX;EUROTLX;XS3085263138;Societegener Oc Jun45 Call Eur;EUR;1000;;;;12/06/2045;;
12/06/2025;EUROTLX;EUROTLX;XS3085263211;Societegener Oc Jun45 Call Usd;USD;2000;;;;12/06/2045;;
12/06/2025;EUROTLX;EUROTLX;XS2982312121;Gs Group Fr Eur3m+0.31% Nov26 Eur;EUR;1000;;;;30/11/2026;;
12/06/2025;EUROTLX;EUROTLX;IT0005654634;Isp Fr Eur1m+0.85% Jun30 Eur;EUR;100000;;;;12/06/2030;;
12/06/2025;MOT;BOT;IT0005655037;Bot Zc Jun26 A Eur;EUR;1000;Senior;;;12/06/2026;;
11/06/2025;EUROTLX;EUROTLX;IT0005652448;Bmps Mc May31 Call Eur;EUR;100000;;;;28/05/2031;;
11/06/2025;EUROTLX;EUROTLX;FR00140106Z3;Rcibanque Green Fx3.375% Jun30 Call Eur;EUR;1000;;;;06/06/2030;;
11/06/2025;EUROTLX;EUROTLX;DE000A4EB2X2;Merc Int Fin Fx 2.5% Sep28 Eur;EUR;1000;;;;05/09/2028;;
11/06/2025;EUROTLX;EUROTLX;DE000A4EB2Y0;Merc Int Fin Fx 3.125% Sep31 Eur;EUR;1000;;;;05/09/2031;;
10/06/2025;MOT;EUROMOT;ES0000012P33;Obligaciones Fx 3.2% Oct35 Eur;EUR;1000;Senior;04/06/2025;;31/10/2035;;
09/06/2025;EUROTLX;EUROTLX;US912803GY33;Usa Zc Strip Feb54 Usd;USD;100;;;;15/02/2054;;
09/06/2025;EUROTLX;EUROTLX;IT0005654626;Unicredit Spa Sc Jun38 Eur;EUR;1000;;;;09/06/2038;;
09/06/2025;MOT;DOMESTICMOT;IT0005654626;Unicredit Spa Sc Jun38 Eur;EUR;1000;Senior;09/06/2025;;09/06/2038;;
09/06/2025;MOT;BTP;IT0005654642;Btp Fx 2.7% Oct30 Eur;EUR;1000;Senior;11/06/2025;;01/10/2030;;
06/06/2025;EUROTLX;EUROTLX;IT0005646127;Unicredit Spa Mc Ind Link May31 Eur;EUR;1000;;;;30/05/2031;;
06/06/2025;MOT;EUROMOT;XS3081829759;Ebrd Zc May27 Try;TRY;10000;Senior;28/05/2025;;28/05/2027;;
06/06/2025;MOT;EUROMOT;XS2982309176;Gs Group Sc Jun40 Call Usd;USD;100;Senior;05/06/2025;;05/06/2040;;
06/06/2025;MOT;EUROMOT;XS2982308285;Gs Group Sc Jun40 Call Eur;EUR;100;Senior;05/06/2025;;05/06/2040;;
05/06/2025;EUROTLX;EUROTLX;IT0005646374;Cassa Centr Green Sc May28 Eur;EUR;1000;;;;30/05/2028;;
04/06/2025;EUROTLX;EUROTLX;XS2963709329;Gsi Oc Ind Link May30 Eur;EUR;1000;;;;30/05/2030;;
04/06/2025;MOT;EUROMOT;XS3075496896;Latvia Fx 2.875% May30 Eur;EUR;1000;Senior;21/05/2025;;21/05/2030;;
03/06/2025;MOT;BTP;IT0004976681;Btpstripital Zc Sep36 Eur;EUR;1;Senior;22/05/2013;;01/09/2036;;
03/06/2025;MOT;BTP;IT0004976657;Btpstripital Zc Mar35 Eur;EUR;1;Senior;22/05/2013;;01/03/2035;;
03/06/2025;MOT;BTP;IT0004848641;Btpstripital Zc Feb37 Eur;EUR;1;Senior;01/08/2005;;01/02/2037;;
03/06/2025;MOT;BTP;IT0004848534;Btpstripital Zc Feb33 Eur;EUR;1;Senior;18/03/2002;;01/02/2033;;
02/06/2025;EUROTLX;EUROTLX;XS2774095777;Bnpparibasis Mc May33 Eur;EUR;1000;;;;26/05/2033;;
30/05/2025;EUROTLX;EUROTLX;XS3074457196;Credem Hold Mc May37 T2 Call Eur;EUR;200000;;;;21/05/2037;;
30/05/2025;EUROTLX;EUROTLX;XS3032929930;Deutschebank Fx 2.9% May33 Eur;EUR;1000;;;;30/05/2033;;
30/05/2025;MOT;EUROMOT;EU000A4EBBP0;Bei Fx 2.25% Aug28 Eur;EUR;1000;Senior;21/05/2025;;14/08/2028;;
30/05/2025;MOT;EUROMOT;EU000A2SCAU4;Efsf Fx 2.75% Sep32 Eur;EUR;1000;Senior;26/05/2025;;27/09/2032;;
30/05/2025;MOT;EUROMOT;CH1415780118;Austria Green Fx 0.84% May40 Chf;CHF;5000;Senior;22/05/2025;;22/05/2040;;
30/05/2025;MOT;BTP;IT0005648255;Btp Italia Jun32 Eur;EUR;1000;Senior;04/06/2025;;04/06/2032;;
29/05/2025;EUROTLX;EUROTLX;XS3075491152;Bmw Fin Fx 2.625% May28 Eur;EUR;1000;;;;20/05/2028;;
29/05/2025;EUROTLX;EUROTLX;XS3075490188;Bmw Fin Fx 3.25% May31 Eur;EUR;1000;;;;20/05/2031;;
29/05/2025;EUROTLX;EUROTLX;XS3075490261;Bmw Fin Fx 3.75% Nov34 Eur;EUR;1000;;;;20/11/2034;;
29/05/2025;EUROTLX;EUROTLX;XS3025746853;Barclaysbank Oc May50 Call Eur;EUR;1000;;;;29/05/2050;;
29/05/2025;EUROTLX;EUROTLX;XS3025742860;Barclaysbank Oc May50 Call Usd;USD;1000;;;;29/05/2050;;
29/05/2025;EUROTLX;EUROTLX;IT0005652406;Isp Fx 2.34% May27 Eur;EUR;100000;;;;29/05/2027;;
27/05/2025;EUROTLX;EUROTLX;XS3074499511;Heidelberg L Fx 3% Jul30 Call Eur;EUR;1000;;;;10/07/2030;;
27/05/2025;MOT;EUROMOT;XS3074428841;Adb Fx 40% Nov26 Try;TRY;10000;Senior;23/05/2025;;23/11/2026;;
26/05/2025;EUROTLX;EUROTLX;XS3010075151;Bnpparibasis Rv May30 Eur;EUR;1000;;;;08/05/2030;;
26/05/2025;EUROTLX;EUROTLX;XS2768943313;Bnpparibasis Mc May30 Eur;EUR;1000;;;;14/05/2030;;
26/05/2025;MOT;EUROMOT;FR0010809608;Oatstripfran Zc Apr50 Eur;EUR;1;Senior;23/11/2009;;25/04/2050;;
23/05/2025;EUROTLX;EUROTLX;XS3028984568;Bnpparibasis Mc May37 Call Usd;USD;1000;;;;26/05/2037;;
23/05/2025;EUROTLX;EUROTLX;XS2768943743;Bnpparibasis Mc May37 Call Eur;EUR;1000;;;;25/05/2037;;
23/05/2025;MOT;EUROMOT;EU000A4EA8Y7;Eu Next Gen Fx 3.75% Oct45 Eur;EUR;1;Senior;20/05/2025;;12/10/2045;;
22/05/2025;EUROTLX;EUROTLX;IT0005643041;Mediobanca Mc May32 Eur;EUR;1000;;;;21/05/2032;;
22/05/2025;EUROTLX;EUROTLX;IT0005643033;Mediobanca Fx 4.4% May30 Usd;USD;2000;;;;21/05/2030;;
22/05/2025;MOT;EUROMOT;BE0000365743;Belgium Fx 2.6% Oct30 Eur;EUR;1;Senior;21/05/2025;;22/10/2030;;
21/05/2025;MOT;DOMESTICMOT;IT0005651382;B.P.Sondrio Fx 2.75% May30 Est Cov Eur;EUR;100000;Senior;21/05/2025;;21/05/2030;;
21/05/2025;MOT;EUROMOT;XS3077018714;Nexi Fx 3.875% May31 Call Eur;EUR;100000;Senior;21/05/2025;;21/05/2031;;
20/05/2025;EUROTLX;EUROTLX;IT0005650830;Isp Fx 2.35% May27 Eur;EUR;100000;;;;20/05/2027;;
20/05/2025;MOT;EUROMOT;XS3041229439;Kfw Green Fx 4.25% Apr30 Nok;NOK;10000;Senior;02/04/2025;;30/04/2030;;
20/05/2025;MOT;EUROMOT;XS2552878857;Bei Green Fx 3.75% May28 Nok;NOK;10000;Senior;09/11/2022;;09/05/2028;;
20/05/2025;MOT;EUROMOT;EU000A4D7YA1;Bei Green Fx 4.329% Apr30 Nok;NOK;10000;Senior;02/04/2025;;02/04/2030;;
16/05/2025;MOT;EUROMOT;XS3075392251;Italy Mc Nov35 Eur;EUR;100000;Senior;16/05/2025;;16/11/2035;;
16/05/2025;MOT;EUROMOT;US459058LU59;World Bank Sustainable Fx 4% May32 Usd;USD;1000;Senior;06/05/2025;;06/05/2032;;
14/05/2025;MOT;EUROMOT;FI4000587415;Finland Fx 3% Sep35 Eur;EUR;1000;Senior;07/05/2025;;15/09/2035;;
13/05/2025;EUROTLX;EUROTLX;XS3047452316;Lottomaticag Fx 4.875% Jan31 Call Eur;EUR;100000;;;;31/01/2031;;
13/05/2025;EUROTLX;EUROTLX;IT0005650335;Unicredit Spa Fx 4.75% May32 Usd;USD;2000;;;;13/05/2032;;
13/05/2025;MOT;EUROMOT;XS3063879442;Bulgaria Fx 4.125% May38 Eur;EUR;1000;Senior;07/05/2025;;07/05/2038;;
13/05/2025;MOT;EUROMOT;XS3063879368;Bulgaria Fx 3.5% May34 Eur;EUR;1000;Senior;07/05/2025;;07/05/2034;;
13/05/2025;MOT;EUROMOT;XS2737642830;Ebrd Zc Jun26 Try;TRY;1000;Senior;21/12/2023;;22/06/2026;;
13/05/2025;MOT;EUROMOT;US459058LT86;Worldbank Sustainable Fx 3.625%May28 Usd;USD;1000;Senior;06/05/2025;;05/05/2028;;
13/05/2025;MOT;EUROMOT;IT0005650335;Unicredit Spa Fx 4.75% May32 Usd;USD;2000;Senior;13/05/2025;;13/05/2032;;
12/05/2025;MOT;EUROMOT;PTOTE4OE0008;Portugal Fx 3.375% Jun40 Eur;EUR;1;Senior;08/05/2025;;15/06/2040;;
12/05/2025;MOT;BOT;IT0005650574;Bot Zc May26 A Eur;EUR;1000;Senior;;;14/05/2026;;
07/05/2025;EUROTLX;EUROTLX;IT0005641235;Unicredit Spa Mc Ind Link Apr31 Eur;EUR;1000;;;;29/04/2031;;
05/05/2025;EUROTLX;EUROTLX;XS2998271436;Barclaysbank Mc May37 Call Eur;EUR;1000;;;;05/05/2037;;
05/05/2025;MOT;EUROMOT;XS3050996605;Adb Fx 37.5% Apr28 Try;TRY;10000;Senior;25/04/2025;;25/04/2028;;
02/05/2025;EUROTLX;EUROTLX;IT0005614273;Bcc Pianfei Fx 2.5% Oct27 Eur;EUR;1000;;;;01/10/2027;;
30/04/2025;EUROTLX;EUROTLX;XS2964612969;Deutschebank Green Fr Apr31 Eur;EUR;1000;;;;30/04/2031;;
30/04/2025;MOT;BTP;IT0005648149;Btp Fx 3.6% Oct35 Eur;EUR;1000;Senior;02/05/2025;;01/10/2035;;
29/04/2025;EUROTLX;EUROTLX;XS3000760416;Gsi Oc Ind Link Apr30 Eur;EUR;1000;;;;24/04/2030;;
29/04/2025;EUROTLX;EUROTLX;IT0005643553;Mediobanca Fr Eur3m+0.35% Apr27 Eur;EUR;1000;;;;28/04/2027;;
29/04/2025;MOT;EUROMOT;FR001400Z2L7;Oat Fx 2.7% Feb31 Eur;EUR;1;Senior;25/02/2025;;25/02/2031;;
25/04/2025;MOT;EUROMOT;XS3037093716;World Bank Sustainable Sc Apr30call Eur;EUR;1000;Senior;25/04/2025;;25/04/2030;;
25/04/2025;MOT;EUROMOT;XS2982321460;Gs Group Sc Apr35 Call Eur;EUR;100;Senior;24/04/2025;;24/04/2035;;
25/04/2025;MOT;EUROMOT;XS2982318243;Gs Group Sc Apr35 Call Usd;USD;100;Senior;24/04/2025;;24/04/2035;;
24/04/2025;EUROTLX;EUROTLX;XS3048498946;Sg Issuer Mc Apr37 Call Eur;EUR;1000;;;;24/04/2037;;
24/04/2025;EUROTLX;EUROTLX;XS3048498789;Sg Issuer Mc Apr37 Call Eur;EUR;1000;;;;24/04/2037;;
24/04/2025;EUROTLX;EUROTLX;XS2964616879;Deutschebank Oc Ind Link Apr30 Eur;EUR;1000;;;;23/04/2030;;
23/04/2025;MOT;BTP;IT0005647273;Btpi Fx May56 Eur;EUR;1000;Senior;15/11/2024;;15/05/2056;;
23/04/2025;MOT;BTP;IT0005647265;Btp Fx 3.25% Jul32 Eur;EUR;1000;Senior;25/04/2025;;15/07/2032;;
17/04/2025;EUROTLX;EUROTLX;IT0006768151;Carraro Finance Fx 5.25% Apr30 Call Eur;EUR;1000;;;;17/04/2030;;
17/04/2025;MOT;EUROMOT;XS3046403914;Kfw Green Fx 2.15% Apr30 Cny;CNY;1000000;Senior;09/04/2025;;09/04/2030;;
17/04/2025;MOT;EUROMOT;XS2934329967;World Bank Sustainable Fx 10% Nov27 Brl;BRL;5000;Senior;08/11/2024;;08/11/2027;;
17/04/2025;MOT;EUROMOT;XS2920414112;World Bank Sustainable Fx 10% Oct29 Brl;BRL;5000;Senior;17/10/2024;;17/10/2029;;
17/04/2025;MOT;EUROMOT;CA458182EK46;Iadb Fx 3.4% May28 Cad;CAD;1000;Senior;24/05/2023;;24/05/2028;;
17/04/2025;MOT;EUROMOT;CA459058JY02;World Bank Sustainable Fx 1.2% Jul26 Cad;CAD;1000;Senior;22/07/2021;;22/07/2026;;
17/04/2025;MOT;EUROMOT;CA459058JK08;World Bank Sustain Fx 0.875% Sep27 Cad;CAD;1000;Senior;28/09/2020;;28/09/2027;;
16/04/2025;EUROTLX;EUROTLX;XS3041347637;Itelyum Fx 5.75% Apr30 Call Eur;EUR;100000;;;;15/04/2030;;
14/04/2025;EUROTLX;EUROTLX;IT0005644924;Isp Fr Eur3m+0.59% Apr28 Eur;EUR;100000;;;;14/04/2028;;
14/04/2025;EUROTLX;EUROTLX;IT0005644916;Isp Fx 3% Apr29 Eur;EUR;100000;;;;14/04/2029;;
11/04/2025;MOT;EUROMOT;EU000A3K4EG9;Bei Green Fx 3.125% May37 Eur;EUR;1000;Senior;09/04/2025;;15/05/2037;;
11/04/2025;MOT;EUROMOT;DE000BU3Z047;Bund Green Bond Fx 2.5% Feb35 Eur;EUR;1;Senior;10/01/2025;;15/02/2035;;
10/04/2025;EUROTLX;EUROTLX;IT0005645129;Unicredit Spa Mc Apr35 Eur;EUR;1000;;;;10/04/2035;;
10/04/2025;EUROTLX;EUROTLX;IT0005645111;Unicredit Spa Mc Apr38 Eur;EUR;1000;;;;10/04/2038;;
10/04/2025;MOT;DOMESTICMOT;IT0005645111;Unicredit Spa Mc Apr38 Eur;EUR;1000;Senior;10/04/2025;;10/04/2038;;
10/04/2025;MOT;DOMESTICMOT;IT0005645129;Unicredit Spa Mc Apr35 Eur;EUR;1000;Senior;10/04/2025;;10/04/2035;;
10/04/2025;MOT;EUROMOT;EU000A2SCAT6;Efsf Fx 2.625% May30 Eur;EUR;1000;Senior;07/04/2025;;07/05/2030;;
08/04/2025;MOT;DOMESTICMOT;IT0006768151;Carraro Finance Fx 5.25% Apr30 Call Eur;EUR;1000;Senior;17/04/2025;;17/04/2030;;
04/04/2025;EUROTLX;EUROTLX;IT0005643058;Unicredit Spa Fx 3.2% Apr30 Eur;EUR;100000;;;;02/04/2030;;
04/04/2025;EUROTLX;EUROTLX;IT0005642779;Isp Sc Apr35 Usd;USD;2000;;;;02/04/2035;;
04/04/2025;EUROTLX;EUROTLX;IT0005642761;Isp Sc Apr30 Usd;USD;2000;;;;02/04/2030;;
04/04/2025;MOT;EUROMOT;XS3021378388;Romania Fx 6.75% Jul39 Eur;EUR;1000;Senior;02/04/2025;;11/07/2039;;
04/04/2025;MOT;EUROMOT;XS3021378032;Romania Fx 5.875% Jul32 Eur;EUR;1000;Senior;02/04/2025;;11/07/2032;;
04/04/2025;MOT;EUROMOT;IT0005642761;Isp Sc Apr30 Usd;USD;2000;Senior;02/04/2025;;02/04/2030;;
04/04/2025;MOT;EUROMOT;IT0005642779;Isp Sc Apr35 Usd;USD;2000;Senior;02/04/2025;;02/04/2035;;
04/04/2025;MOT;BTP;IT0005550204;Btpstripital Zc Ott39;EUR;1;Senior;23/02/2023;;01/10/2039;;
04/04/2025;MOT;BTP;IT0004976715;Btpstripital Zc Mar38;EUR;1;Senior;22/05/2013;;01/03/2038;;
04/04/2025;MOT;BTP;IT0004976632;Btpstripital Zc Mar34;EUR;1;Senior;22/05/2013;;01/03/2034;;
04/04/2025;MOT;BTP;IT0004976590;Btpstripital Zc Mar32;EUR;1;Senior;22/05/2013;;01/03/2032;;
04/04/2025;MOT;BTP;IT0004848690;Btpstripital Zc Ago39;EUR;1;Senior;01/08/2007;;01/08/2039;;
03/04/2025;EUROTLX;EUROTLX;XS2988685983;Engineering Fr Eur3m+5.75% Feb30 Call;EUR;100000;;;;15/02/2030;;
03/04/2025;EUROTLX;EUROTLX;XS2947181769;Irca Fr Eur3m+3.75% Dec29 Call Eur;EUR;100000;;;;15/12/2029;;
03/04/2025;MOT;EUROMOT;XS3029562439;Adb Zc Mar35 Call Try;TRY;10000;Senior;27/03/2025;;27/03/2035;;
03/04/2025;MOT;EUROMOT;XS3013977395;Ifc Fx 12.75% Aug29 Brl;BRL;10000;Senior;27/02/2025;;27/08/2029;;
03/04/2025;MOT;EUROMOT;XS2875795945;Ebrd Fx 8% Jan30 Brl;BRL;5000;Senior;08/08/2024;;08/01/2030;;
03/04/2025;MOT;EUROMOT;XS1783244970;Ifc Fx 8.375% May29 Mxn;MXN;10000;Senior;27/02/2018;;31/05/2029;;
02/04/2025;EUROTLX;EUROTLX;IT0005636789;Unicredit Spa Fr Eur3m+0.2% Mar29 Eur;EUR;1000;;;;26/03/2029;;
02/04/2025;EUROTLX;EUROTLX;IT0005636797;Unicredit Spa Mc Ind Link Mar31 Eur;EUR;1000;;;;26/03/2031;;
02/04/2025;EUROTLX;EUROTLX;IT0005624108;Bccaltamurgi Fx 2.5% Dec27 Eur;EUR;1000;;;;16/12/2027;;
02/04/2025;MOT;EUROMOT;XS3041419642;Italy Mc Oct35 Eur;EUR;100000;Senior;02/04/2025;;02/10/2035;;
01/04/2025;EUROTLX;EUROTLX;IT0005636805;Mediobanca Fr Eur3m+0.35% Mar27 Eur;EUR;1000;;;;25/03/2027;;
01/04/2025;EUROTLX;EUROTLX;IT0005638280;Mediobanca Fr Eur3m+0.55% Mar28 Eur;EUR;1000;;;;27/03/2028;;
01/04/2025;MOT;EUROMOT;XS3040316971;Inwit Fx 3.75% Apr30 Call Eur;EUR;100000;Senior;01/04/2025;;01/04/2030;;
31/03/2025;MOT;DOMESTICMOT;IT0005641763;B.P.Sondrio Fx 3.071%Mar30 Est Cov Eur;EUR;100000;Senior;31/03/2025;;31/03/2030;;
28/03/2025;MOT;EUROMOT;XS2829701718;Latvia Fx 5.125% Jul34 Usd;USD;200000;Senior;30/05/2024;;30/07/2034;;
28/03/2025;MOT;EUROMOT;XS1953056253;Latvia Fx 1.875% Feb49 Eur;EUR;100000;Senior;19/02/2019;;19/02/2049;;
28/03/2025;MOT;EUROMOT;XS1566190945;Latvia Fx 2.25% Feb47 Eur;EUR;100000;Senior;15/02/2017;;15/02/2047;;
28/03/2025;MOT;EUROMOT;XS1409726731;Latvia Fx 1.375% May36 Eur;EUR;100000;Senior;16/05/2016;;16/05/2036;;
27/03/2025;MOT;EUROMOT;XS2010026487;Hungary Fx 5.5% Jun34 Usd;USD;200000;Senior;16/06/2022;;16/06/2034;;
27/03/2025;MOT;EUROMOT;XS2010026305;Hungary Fx 5.25% Jun29 Usd;USD;200000;Senior;16/06/2022;;16/06/2029;;
27/03/2025;MOT;EUROMOT;XS2010026214;Hungary Fx 4.25% Jun31 Eur;EUR;100000;Senior;16/06/2022;;16/06/2031;;
26/03/2025;EUROTLX;EUROTLX;IT0005634602;Cdp Mc Mar32 Eur;EUR;1000;;;;26/03/2032;;
26/03/2025;MOT;DOMESTICMOT;IT0005634602;Cdp Mc Mar32 Eur;EUR;1000;Senior;26/03/2025;;26/03/2032;;
26/03/2025;MOT;EUROMOT;XS2648672660;Latvia Fx 3.875% Jul33 Eur;EUR;100000;Senior;12/07/2023;;12/07/2033;;
26/03/2025;MOT;EUROMOT;XS2420426038;Latvia Sustainable Fx 0.25% Jan30 Eur;EUR;100000;Senior;13/12/2021;;23/01/2030;;
26/03/2025;MOT;EUROMOT;XS2361416915;Latvia Fx 0% Jan29 Eur;EUR;100000;Senior;07/07/2021;;24/01/2029;;
26/03/2025;MOT;EUROMOT;XS2317123052;Latvia Fx 0% Mar31 Eur;EUR;100000;Senior;17/03/2021;;17/03/2031;;
25/03/2025;MOT;EUROMOT;XS2576364371;Latvia Fx 3.5% Jan28 Eur;EUR;100000;Senior;17/01/2023;;17/01/2028;;
25/03/2025;MOT;EUROMOT;XS2549862758;Latvia Fx 3.875% Mar27 Eur;EUR;100000;Senior;27/10/2022;;25/03/2027;;
25/03/2025;MOT;EUROMOT;XS1829276275;Latvia Fx 1.125% May28 Eur;EUR;100000;Senior;30/05/2018;;30/05/2028;;
25/03/2025;MOT;EUROMOT;XS1501554874;Latvia Fx 0.375% Oct26 Eur;EUR;100000;Senior;07/10/2016;;07/10/2026;;
24/03/2025;MOT;EUROMOT;US459058LR21;World Bank Fx 4.125% Mar30 Usd;USD;1000;Senior;20/03/2025;;20/03/2030;;
21/03/2025;MOT;EUROMOT;XS2993970925;Ifc Zc Feb45 Mxn;MXN;25000;Senior;04/02/2025;;04/02/2045;;
21/03/2025;MOT;EUROMOT;XS2465633225;Kfw Fx 2.875% Feb27 Nok;NOK;10000;Senior;05/04/2022;;17/02/2027;;
21/03/2025;MOT;EUROMOT;US298785KJ40;Bei Fx 3.875% Jun28 Usd;USD;1000;Senior;18/03/2025;;15/06/2028;;
21/03/2025;MOT;EUROMOT;AU3CB0319218;Bei Fx 4.1% Mar28 Aud;AUD;1000;Senior;07/03/2025;;07/03/2028;;
21/03/2025;MOT;EUROMOT;AU3CB0319226;Bei Sustainable Fx 4.85% Mar35 Aud;AUD;1000;Senior;07/03/2025;;07/03/2035;;
20/03/2025;EUROTLX;EUROTLX;IT0005639833;Bancasellaho Mc Mar35 T2 Call Eur;EUR;200000;;;;18/03/2035;;
20/03/2025;MOT;EUROMOT;EU000A4D8KD2;Eu Next Gen Fx 3.375% Dec35 Eur;EUR;1;Senior;18/03/2025;;12/12/2035;;
19/03/2025;EUROTLX;EUROTLX;XS2982327152;Gs Group Fx 4.1% Mar38 Call Eur;EUR;1000;;;;18/03/2038;;
19/03/2025;EUROTLX;EUROTLX;XS2982327582;Gs Group Fx 5.5% Mar38 Call Usd;USD;1000;;;;18/03/2038;;
19/03/2025;MOT;EUROMOT;XS3008626320;Adb Zc Mar35 Call Try;TRY;10000;Senior;03/03/2025;;03/03/2035;;
19/03/2025;MOT;EUROMOT;EU000A4D7ZW2;Bei Green Fx 2.5% May32 Eur;EUR;1000;Senior;11/03/2025;;14/05/2032;;
19/03/2025;MOT;EUROMOT;EU000A3L6Q75;Bei Fx 4.25% Oct30 Gbp;GBP;1000;Senior;11/03/2025;;22/10/2030;;
18/03/2025;EUROTLX;EUROTLX;US91282CMP31;Usa Fx 4.125% Feb27 Usd;USD;100;Senior;;;28/02/2027;;
18/03/2025;EUROTLX;EUROTLX;US91282CMG32;Usa Fx 4.25% Jan30 Usd;USD;100;Senior;;;31/01/2030;;
18/03/2025;EUROTLX;EUROTLX;US91282CMC28;Usa Fx 4.5% Dec31 Usd;USD;100;Senior;;;31/12/2031;;
18/03/2025;EUROTLX;EUROTLX;US91282CMM00;Usa Fx 4.625% Feb35 Usd;USD;100;Senior;;;15/02/2035;;
18/03/2025;EUROTLX;EUROTLX;US91282CLW90;Usa Fx 4.25% Nov34 Usd;USD;100;Senior;;;15/11/2034;;
18/03/2025;EUROTLX;EUROTLX;US91282CLK52;Usa Fx 3.625% Aug29 Usd;USD;100;Senior;;;31/08/2029;;
18/03/2025;EUROTLX;EUROTLX;US912810UJ50;Usa Fx 4.75% Feb45 Usd;USD;100;Senior;;;15/02/2045;;
18/03/2025;EUROTLX;EUROTLX;US912810UG12;Usa Fx 4.625% Feb55 Usd;USD;100;Senior;;;15/02/2055;;
18/03/2025;EUROTLX;EUROTLX;IT0005640260;Mediobanca Sustain Mc Sep35 T2 Call Eur;EUR;200000;Q;;;18/09/2035;;
18/03/2025;MOT;DOMESTICMOT;IT0005640260;Mediobanca Sustain Mc Sep35 T2 Call Eur;EUR;200000;Q;18/03/2025;;18/09/2035;;
17/03/2025;EUROTLX;EUROTLX;IT0005639858;Isp Fx 2.77% Mar28 Eur;EUR;100000;Senior;;;17/03/2028;;
14/03/2025;EUROTLX;EUROTLX;XS3012976372;Citigroup Gm Zc Mar45 Call Usd;USD;1000;Senior;;;14/03/2045;;
14/03/2025;EUROTLX;EUROTLX;XS3012975481;Citigroup Gm Zc Mar45 Call Eur;EUR;1000;Senior;;;14/03/2045;;
14/03/2025;MOT;EUROMOT;FR001400XZE0;Agencefseded Fx 30% Mar28 Try;TRY;5000000;Senior;06/03/2025;;06/03/2028;;
14/03/2025;MOT;EUROMOT;DE000BU2D012;Bund Fx 2.9% Aug56 Eur;EUR;1;Senior;12/03/2025;;15/08/2056;;
14/03/2025;MOT;EUROMOT;BE0000364738;Belgium Fx 3.45% Jun42 Eur;EUR;1;Senior;11/03/2025;;22/06/2042;;
14/03/2025;MOT;BTP;IT0005641029;Btp Fx 2.65% Jun28 Eur;EUR;1000;Senior;17/03/2025;;15/06/2028;;
13/03/2025;EUROTLX;EUROTLX;XS3016383294;Intesa Ass Fx 4.217% Mar35 T2 Call Eur;EUR;200000;Q;;;05/03/2035;;
13/03/2025;EUROTLX;EUROTLX;XS3017216097;Italgas Spa Fx 3.5% Mar34 Call Eur;EUR;100000;Senior;;;06/03/2034;;
13/03/2025;EUROTLX;EUROTLX;XS3009463996;Italgas Spa Fx 2.875% Mar30 Call Eur;EUR;100000;Senior;;;06/03/2030;;
12/03/2025;EUROTLX;EUROTLX;XS3015684361;Metro Ag Fx C.P. 4% Mar30 Call Eur;EUR;1000;Senior;;;05/03/2030;;
12/03/2025;MOT;EUROMOT;XS2388586401;Hungary Fx 2.125% Sep31 Usd;USD;200000;Senior;21/09/2021;;22/09/2031;;
12/03/2025;MOT;EUROMOT;XS2388586583;Hungary Fx 3.125% Sep51 Usd;USD;200000;Senior;21/09/2021;;21/09/2051;;
12/03/2025;MOT;EUROMOT;XS2386583145;Hungary Fx 0.125% Sep28 Eur;EUR;100000;Senior;21/09/2021;;21/09/2028;;
11/03/2025;EUROTLX;EUROTLX;XS2990296464;Deutschebank Mc Mar35 Call Eur;EUR;1000;Senior;;;06/03/2035;;
11/03/2025;EUROTLX;EUROTLX;XS2990296381;Deutschebank Mc Mar35 Call Usd;USD;2000;Senior;;;06/03/2035;;
11/03/2025;EUROTLX;EUROTLX;IT0005638298;Isp Fr Eur3m+0.5% Mar28 Eur;EUR;100000;Senior;;;11/03/2028;;
10/03/2025;EUROTLX;EUROTLX;IT0005638371;Unicredit Spa Oc Mar38 Call Eur;EUR;1000;Senior;;;10/03/2038;;
10/03/2025;MOT;DOMESTICMOT;IT0005638371;Unicredit Spa Oc Mar38 Call Eur;EUR;1000;Senior;10/03/2025;;10/03/2038;;
10/03/2025;MOT;EUROMOT;NL0015002F72;Netherlands Fx 2.5% Jul35 Eur;EUR;1;Senior;06/03/2025;;15/07/2035;;
07/03/2025;EUROTLX;EUROTLX;IT0005633042;Unicredit Spa Mc Ind Link Feb31 Eur;EUR;1000;Senior;;;28/02/2031;;
06/03/2025;MOT;EUROMOT;XS3003426635;Aiib Zc Feb45 Mxn;MXN;100000;Senior;21/02/2025;;21/02/2045;;
06/03/2025;MOT;EUROMOT;XS3002419995;Adb Zc Feb35 Call Try;TRY;100000;Senior;21/02/2025;;21/02/2035;;
06/03/2025;MOT;EUROMOT;EU000A1Z99W5;Esm Fx 2.75% Feb35 Eur;EUR;1;Senior;24/02/2025;;26/02/2035;;
05/03/2025;EUROTLX;EUROTLX;XS2965706216;Mediobanca Mc Ind Link Feb31 Eur;EUR;1000;Senior;;;28/02/2031;;
05/03/2025;MOT;EUROMOT;XS2906240028;Latvia Fx 3% Jan32 Eur;EUR;1000;Senior;24/09/2024;;24/01/2032;;
05/03/2025;MOT;EUROMOT;XS2740429076;Estonia Fx 3.25% Jan34 Eur;EUR;1000;Senior;17/01/2024;;17/01/2034;;
05/03/2025;MOT;EUROMOT;XS2532370231;Estonia Fx 4% Oct32 Eur;EUR;1000;Senior;12/10/2022;;12/10/2032;;
05/03/2025;MOT;EUROMOT;ES0000012O75;Obligaciones Fx 3.5% Jan41 Eur;EUR;1000;Senior;04/03/2025;;31/01/2041;;
03/03/2025;MOT;EUROMOT;XS1382696398;Bulgaria Fx 3% Mar28 Eur;EUR;100000;Senior;21/03/2016;;21/03/2028;;
03/03/2025;MOT;EUROMOT;XS1208855889;Bulgaria Fx 2.625% Mar27 Eur;EUR;100000;Senior;26/03/2015;;26/03/2027;;
03/03/2025;MOT;EUROMOT;XS1208856341;Bulgaria Fx 3.125% Mar35 Eur;EUR;100000;Senior;26/03/2015;;26/03/2035;;
28/02/2025;EUROTLX;EUROTLX;XS3008889175;Enel Fin Sdglink Fx 3.5% Feb36 Call Eur;EUR;100000;Senior;;;24/02/2036;;
28/02/2025;EUROTLX;EUROTLX;XS3008888953;Enel Fin Sdglink Fx2.625% Feb28 Call Eur;EUR;100000;Senior;;;24/02/2028;;
28/02/2025;EUROTLX;EUROTLX;XS3008889092;Enel Fin Sdglink Fx 3% Feb31 Call Eur;EUR;100000;Senior;;;24/02/2031;;
28/02/2025;EUROTLX;EUROTLX;IT0005634636;Mediobanca Fr Eur3m+0.35% Feb27 Eur;EUR;1000;Senior;;;27/02/2027;;
28/02/2025;MOT;EUROMOT;CH1418473448;Austria Green Fx 0.6825% Feb35 Chf;CHF;5000;Senior;26/02/2025;;26/02/2035;;
28/02/2025;MOT;BTP;IT0005637399;Btp Fx 2.95% Jul30 Eur;EUR;1000;Senior;03/03/2025;;01/07/2030;;
27/02/2025;MOT;EUROMOT;XS2979761926;Lithuania Fx 3.625% Jan40 Eur;EUR;1000;Senior;28/01/2025;;28/01/2040;;
27/02/2025;MOT;EUROMOT;XS2979761769;Lithuania Fx 2.875% Jan30 Eur;EUR;1000;Senior;28/01/2025;;28/01/2030;;
27/02/2025;MOT;EUROMOT;XS2841247583;Lithuania Fx 3.5% Jul31 Eur;EUR;1000;Senior;03/07/2024;;03/07/2031;;
27/02/2025;MOT;EUROMOT;XS2765498717;Lithuania Fx 3.5% Feb34 Eur;EUR;1000;Senior;13/02/2024;;13/02/2034;;
27/02/2025;MOT;EUROMOT;XS2604821228;Lithuania Fx 3.875% Jun33 Eur;EUR;1000;Senior;14/06/2023;;14/06/2033;;
27/02/2025;MOT;EUROMOT;XS2547270756;Lithuania Fx 4.125% Apr28 Eur;EUR;1000;Senior;25/10/2022;;25/04/2028;;
27/02/2025;MOT;EUROMOT;XS2168038847;Lithuania Fx 0.75% May30 Eur;EUR;1000;Senior;06/05/2020;;06/05/2030;;
27/02/2025;MOT;EUROMOT;XS2013677864;Lithuania Fx 0.5% Jun29 Eur;EUR;1000;Senior;19/06/2019;;19/06/2029;;
27/02/2025;MOT;EUROMOT;XS1619567677;Lithuania Fx 0.95% May27 Eur;EUR;1000;Senior;26/05/2017;;26/05/2027;;
27/02/2025;MOT;EUROMOT;XS1310032260;Lithuania Fx 2.125% Oct35 Eur;EUR;1000;Senior;22/10/2015;;22/10/2035;;
27/02/2025;MOT;EUROMOT;XS1130139667;Lithuania Fx 2.125% Oct26 Eur;EUR;100000;Senior;29/10/2014;;29/10/2026;;
26/02/2025;MOT;EUROMOT;FR001400XLW2;Oat Fx 2.4% Sep28 Eur;EUR;1;Senior;24/09/2024;;24/09/2028;;
26/02/2025;MOT;EUROMOT;EU000A3L6Q42;Bei Green Zc Feb35 Brl;BRL;5000;Senior;20/02/2025;;20/02/2035;;
25/02/2025;EUROTLX;EUROTLX;XS2049616894;Siemens Fin Fx 0.5% Sep34 Call Eur;EUR;1000;Senior;;;05/09/2034;;
25/02/2025;EUROTLX;EUROTLX;XS2049616621;Siemens Fin Fx 0.125% Sep29 Call Eur;EUR;1000;Senior;;;05/09/2029;;
25/02/2025;EUROTLX;EUROTLX;XS1955187932;Siemens Fin Fx 1.75% Feb39 Call Eur;EUR;1000;Senior;;;28/02/2039;;
25/02/2025;EUROTLX;EUROTLX;AU3TB0000135;Australia Fx 4.75% Apr27 Aud;AUD;1000;Senior;;;21/04/2027;;
25/02/2025;EUROTLX;EUROTLX;AU0000381832;Australia Fx 4.25% Mar36 Aud;AUD;1000;Senior;;;21/03/2036;;
25/02/2025;EUROTLX;EUROTLX;AU0000300535;Australia Fx 4.75% Jun54 Aud;AUD;1000;Senior;;;21/06/2054;;
25/02/2025;EUROTLX;EUROTLX;AU0000097495;Australia Fx 1.75% Jun51 Aud;AUD;1000;Senior;;;21/06/2051;;
25/02/2025;EUROTLX;EUROTLX;AU0000047003;Australia Fx 1.5% Jun31 Aud;AUD;1000;Senior;;;21/06/2031;;
25/02/2025;MOT;BTP;IT0005634800;Btp Piu' Sc Fb33 Eur;EUR;1000;Senior;25/02/2025;;25/02/2033;;
24/02/2025;MOT;EUROMOT;XS2996672437;Adb Green Zc Feb30 Try;TRY;10000;Senior;13/02/2025;;13/02/2030;;
24/02/2025;MOT;EUROMOT;EU000A2SCAR0;Efsf Fx 2.5% Jul28 Eur;EUR;1000;Senior;27/01/2025;;27/07/2028;;
21/02/2025;EUROTLX;EUROTLX;XS3003427872;Terna Green Fx 3.125% Feb32 Call Eur;EUR;100000;Senior;;;17/02/2032;;
21/02/2025;EUROTLX;EUROTLX;IT0005636011;Isp Fr Eur3m+0.73% Feb30 Eur;EUR;100000;Senior;;;21/02/2030;;
21/02/2025;EUROTLX;EUROTLX;IT0005635963;Isp Fx 2.52% Feb27 Eur;EUR;100000;Senior;;;21/02/2027;;
21/02/2025;MOT;EUROMOT;XS2974639770;Adb Fx 5.75% Jan30 Huf;HUF;1000000;Senior;23/01/2025;;23/01/2030;;
21/02/2025;MOT;EUROMOT;XS0773669972;Bei Fx 3.75% Jun32 Sek;SEK;10000;Senior;19/04/2012;;01/06/2032;;
21/02/2025;MOT;EUROMOT;US45950KDK34;Ifc Fx 4.5% Jan28 Usd;USD;1000;Senior;21/01/2025;;21/01/2028;;
20/02/2025;EUROTLX;EUROTLX;XS2953040735;Barclaysbank Fx 30% Feb28 Try;TRY;10000;Senior;;;20/02/2028;;
20/02/2025;EUROTLX;EUROTLX;XS2953025264;Barclaysbank Oc Feb50 Call Usd;USD;1000;Senior;;;20/02/2050;;
20/02/2025;EUROTLX;EUROTLX;IT0005631293;Mediobanca Mc Feb32 Eur;EUR;1000;Senior;;;19/02/2032;;
19/02/2025;EUROTLX;EUROTLX;IT0005635955;Unicredit Spa Sc Feb38 Usd;USD;2000;Senior;;;19/02/2038;;
19/02/2025;MOT;EUROMOT;US857524AH50;Poland Fx 5.375% Feb35 Call Usd;USD;1000;Senior;12/02/2025;;12/02/2035;;
19/02/2025;MOT;EUROMOT;US857524AF94;Poland Fx 4.875% Feb30 Call Usd;USD;1000;Senior;12/02/2025;;12/02/2030;;
19/02/2025;MOT;EUROMOT;US298785KH83;Bei Fx 4.625% Feb35 Usd;USD;1000;Senior;12/02/2025;;12/02/2035;;
19/02/2025;MOT;EUROMOT;IT0005635955;Unicredit Spa Sc Feb38 Usd;USD;2000;Senior;19/02/2025;;19/02/2038;;
19/02/2025;MOT;EUROMOT;FR001400XJJ3;Oat Fx 3.75% May56 Eur;EUR;1;Senior;25/05/2024;;25/05/2056;;
19/02/2025;MOT;EUROMOT;FR001400X8V5;Oat Fx 3.2% May35 Eur;EUR;1;Senior;25/05/2024;;25/05/2035;;
19/02/2025;MOT;EUROMOT;EU000A4D6KN5;Bei Fx 2.375% May30 Eur;EUR;1000;Senior;12/02/2025;;15/05/2030;;
19/02/2025;MOT;EUROMOT;EU000A2SCAS8;Efsf Fx 2.875% Jan35 Eur;EUR;1000;Senior;27/01/2025;;29/01/2035;;
19/02/2025;MOT;EUROMOT;DE000BU22080;Schatz Fx 2.2% Mar27 Eur;EUR;1;Senior;30/01/2025;;11/03/2027;;
18/02/2025;EUROTLX;EUROTLX;XS2999576080;Dovalue Fx 7% Feb30 Call Eur;EUR;100000;Senior;;;28/02/2030;;
17/02/2025;EUROTLX;EUROTLX;IT0005582629;Bcc Felsinea Fx 3% Feb28 Eur;EUR;1000;Senior;;;07/02/2028;;
17/02/2025;MOT;EUROMOT;XS3003427872;Terna Green Fx 3.125% Feb32 Call Eur;EUR;100000;Senior;17/02/2025;;17/02/2032;;
14/02/2025;EUROTLX;EUROTLX;XS2988687682;Engineering Fx 8.625% Feb30 Call Eur;EUR;100000;Senior;;;15/02/2030;;
14/02/2025;EUROTLX;EUROTLX;IT0005635153;Isp Fr Eur3m+0.33% Feb27 Eur;EUR;100000;Senior;;;14/02/2027;;
14/02/2025;MOT;EUROMOT;XS2999564581;Romania Fx 7.5% Feb37 Usd;USD;2000;Senior;10/02/2025;;10/02/2037;;
14/02/2025;MOT;EUROMOT;XS2999552909;Romania Fx 6.25% Sep34 Eur;EUR;1000;Senior;10/02/2025;;10/09/2034;;
14/02/2025;MOT;EUROMOT;XS2999533271;Romania Fx 5.25% Mar30 Eur;EUR;1000;Senior;10/02/2025;;10/03/2030;;
14/02/2025;MOT;BTP;IT0005635583;Btp Fx 3.85% Oct40 Eur;EUR;1000;Senior;18/02/2025;;01/10/2040;;
13/02/2025;EUROTLX;EUROTLX;IT0005632341;Mediobanca Mc Feb30 Eur;EUR;1000;Senior;;;12/02/2030;;
13/02/2025;EUROTLX;EUROTLX;IT0005607988;Cr Fossano Fr Eur6m Feb28 Eur;EUR;1000;Senior;;;12/02/2028;;
13/02/2025;MOT;EUROMOT;AT0000A3HU25;Austria Fx 2.95% Feb35 Eur;EUR;100;Senior;04/02/2025;;20/02/2035;;
12/02/2025;EUROTLX;EUROTLX;ZAG000195280;South Africa Fx 11.625% Mar53 Zar;ZAR;1;Senior;;;31/03/2053;;
12/02/2025;EUROTLX;EUROTLX;ZAG000208364;South Africa Fx 10.875% Mar38 Zar;ZAR;1;Senior;;;31/03/2038;;
12/02/2025;EUROTLX;EUROTLX;XS2958536976;Newlat Food Fx 4.75% Feb31 Call Eur;EUR;1000;Senior;;;12/02/2031;;
10/02/2025;EUROTLX;EUROTLX;XS2829724504;Gs Group Oc Feb42 Call Eur;EUR;1000;Senior;;;07/02/2042;;
10/02/2025;EUROTLX;EUROTLX;XS2829720932;Gs Group Oc Feb41 Call Usd;USD;1000;Senior;;;07/02/2041;;
10/02/2025;MOT;EUROMOT;EU000A3L72Y4;Bei Green Fx 2.875% Jan35 Eur;EUR;1000;Senior;15/01/2025;;15/01/2035;;
07/02/2025;EUROTLX;EUROTLX;XS2970972613;Societegener Oc Feb40 Call Eur;EUR;1000;Senior;;;07/02/2040;;
07/02/2025;EUROTLX;EUROTLX;XS2970972704;Societegener Oc Feb40 Call Usd;USD;2000;Senior;;;07/02/2040;;
07/02/2025;EUROTLX;EUROTLX;IT0005625253;Unicredit Spa Oc Ind Link Jan30 Eur;EUR;1000;Senior;;;31/01/2030;;
07/02/2025;EUROTLX;EUROTLX;IT0005624819;Unicredit Spa Mc Ind Link Jan31 Eur;EUR;1000;Senior;;;31/01/2031;;
07/02/2025;MOT;EUROMOT;XS2985264923;Nordiskainve Fx 2.21% Jan32 Cny;CNY;1000000;Senior;23/01/2025;;23/01/2032;;
07/02/2025;MOT;EUROMOT;XS2978923550;World Bank Sustain Fx 12.5% Jan30 Brl;BRL;10000;Senior;16/01/2025;;16/01/2030;;
06/02/2025;EUROTLX;EUROTLX;XS2792097375;Citigroup  Zc Feb38 Call Eur;EUR;1000;Senior;;;06/02/2038;;
06/02/2025;EUROTLX;EUROTLX;NO0013238246;Norway Fx 3.625% May39 Nok;NOK;1000;Senior;;;31/05/2039;;
06/02/2025;EUROTLX;EUROTLX;NO0013148338;Norway Fx 3.625% Apr34 Nok;NOK;1000;Senior;;;13/04/2034;;
06/02/2025;EUROTLX;EUROTLX;NO0012837642;Norway Fx 3% Aug33 Nok;NOK;1000;Senior;;;15/08/2033;;
06/02/2025;EUROTLX;EUROTLX;NO0012712506;Norway Fx 3.5% Oct42 Nok;NOK;1000;Senior;;;06/10/2042;;
06/02/2025;EUROTLX;EUROTLX;IT0005453425;Mps Tv Eur3m+0,27 Ge28 Covered Call Eur;EUR;100000;Senior;;;29/01/2028;;
06/02/2025;EUROTLX;EUROTLX;IT0005445066;Mps Tv Eur3m+0,28 Ot27 Covered Call Eur;EUR;100000;Senior;;;29/10/2027;;
06/02/2025;MOT;EUROMOT;IE00080U68D3;Ireland Fx 3.15% Oct55 Eur;EUR;1;Senior;23/01/2025;;18/10/2055;;
05/02/2025;EUROTLX;EUROTLX;IT0005632085;Mediobanca Fr Eur3m+0.35% Feb27 Eur;EUR;20000;Senior;;;04/02/2027;;
05/02/2025;MOT;EUROMOT;FI4000586284;Finland Fx 3.2% Apr45 Eur;EUR;1000;Senior;29/01/2025;;15/04/2045;;
04/02/2025;EUROTLX;EUROTLX;XS2987793150;Iccrea Banca Green Fx 3.375% Jan30 Eur;EUR;100000;Senior;;;30/01/2030;;
04/02/2025;MOT;EUROMOT;XS2958536976;Newlat Food Fx 4.75% Feb31 Call Eur;EUR;1000;Senior;12/02/2025;;12/02/2031;;
03/02/2025;EUROTLX;EUROTLX;XS2986639701;A2a Spa Green Fx 3.625% Jan35 Call Eur;EUR;100000;Senior;;;30/01/2035;;
03/02/2025;EUROTLX;EUROTLX;XS2983840435;Gs Group Fr Eur3m+0.8% Jan29 Call Eur;EUR;1000;Senior;;;23/01/2029;;
31/01/2025;MOT;EUROMOT;XS2976490941;Adb Fx 30% Jul26 Try;TRY;10000;Senior;29/01/2025;;29/07/2026;;
31/01/2025;MOT;EUROMOT;FR001400WYO4;Oat Fx 3.6% May42 Eur;EUR;1;Senior;25/05/2024;;25/05/2042;;
31/01/2025;MOT;EUROMOT;ES0000012O67;Obligaciones Fx 3.15% Apr35 Eur;EUR;1000;Senior;29/01/2025;;30/04/2035;;
31/01/2025;MOT;EUROMOT;DE000BU25042;Bobl Fx 2.4% Apr30 Eur;EUR;1;Senior;16/01/2025;;18/04/2030;;
30/01/2025;EUROTLX;EUROTLX;XS2935655386;Barclaysbank Oc Jan45 Call Usd;USD;1000;Senior;;;30/01/2045;;
30/01/2025;EUROTLX;EUROTLX;XS2935655113;Barclaysbank Oc Jan45 Call Eur;EUR;1000;Senior;;;30/01/2045;;
30/01/2025;EUROTLX;EUROTLX;XS2935607221;Barclaysbank Oc Jan45 Call Gbp;GBP;1000;Senior;;;30/01/2045;;
30/01/2025;MOT;EUROMOT;XS2986639701;A2a Spa Green Fx 3.625% Jan35 Call Eur;EUR;100000;Senior;30/01/2025;;30/01/2035;;
29/01/2025;EUROTLX;EUROTLX;CA135087XW98;Canada Fx 5% Jun37 Cad;CAD;1000;Senior;;;01/06/2037;;
29/01/2025;EUROTLX;EUROTLX;CA135087K379;Canada Fx 1.25% Jun30 Cad;CAD;1000;Senior;;;01/06/2030;;
29/01/2025;EUROTLX;EUROTLX;CA135087J397;Canada Fx 2.25% Jun29 Cad;CAD;1000;Senior;;;01/06/2029;;
29/01/2025;EUROTLX;EUROTLX;CA135087H235;Canada Fx 2% Jun28 Cad;CAD;1000;Senior;;;01/06/2028;;
29/01/2025;EUROTLX;EUROTLX;CA135087E679;Canada Fx 1.5% Jun26 Cad;CAD;1000;Senior;;;01/06/2026;;
29/01/2025;EUROTLX;EUROTLX;CA135087F825;Canada Fx 1% Jun27 Cad;CAD;1000;Senior;;;01/06/2027;;
29/01/2025;EUROTLX;EUROTLX;CA135087D358;Canada Fx 2.75% Dec48 Cad;CAD;1000;Senior;;;01/12/2048;;
29/01/2025;MOT;BTP;IT0005633794;Btp Fx 2.55% Feb27 Eur;EUR;1000;Senior;30/01/2025;;25/02/2027;;
28/01/2025;EUROTLX;EUROTLX;XS2983840518;Gs Group Mc Jan33 Call Eur;EUR;1000;Senior;;;23/01/2033;;
28/01/2025;EUROTLX;EUROTLX;IT0005632358;Bnl Eur3m+0.4975% Jan29 Est Covered Eur;EUR;100000;Senior;;;28/01/2029;;
27/01/2025;EUROTLX;EUROTLX;XS2982332400;Bmw Int Inv Fx 3.125% Jul29 Eur;EUR;1000;Senior;;;22/07/2029;;
27/01/2025;EUROTLX;EUROTLX;XS2982332319;Bmw Int Inv Fx 3.5% Jan33 Eur;EUR;1000;Senior;;;22/01/2033;;
27/01/2025;EUROTLX;EUROTLX;IT0005624462;Mediobanca Fr Jan33 Eur;EUR;1000;Senior;;;24/01/2033;;
27/01/2025;EUROTLX;EUROTLX;IT0005624454;Mediobanca Fr Jan30 Eur;EUR;1000;Senior;;;24/01/2030;;
24/01/2025;EUROTLX;EUROTLX;XS2931403831;Bnpparibasis Mc Jan38 Call Eur;EUR;1000;Senior;;;27/01/2038;;
24/01/2025;EUROTLX;EUROTLX;XS2931403914;Bnpparibasis Mc Jan39 Call Usd;USD;1000;Senior;;;27/01/2039;;
24/01/2025;EUROTLX;EUROTLX;DE000A4DFCK8;Sixt Se Fx 3.25% Jan30 Call Eur;EUR;1000;Senior;;;22/01/2030;;
24/01/2025;MOT;EUROMOT;XS2931403914;Bnpparibasis Mc Jan39 Call Usd;USD;1000;Senior;24/01/2025;;27/01/2039;;
24/01/2025;MOT;EUROMOT;XS2931403831;Bnpparibasis Mc Jan38 Call Eur;EUR;1000;Senior;24/01/2025;;27/01/2038;;
23/01/2025;EUROTLX;EUROTLX;IT0005632267;Banco Bpm Social Fx 3.375%Jan30 Call Eur;EUR;100000;Senior;;;21/01/2030;;
23/01/2025;MOT;EUROMOT;XS2978479298;World Bank Sustainable Fx2.95% Jan35 Eur;EUR;1000;Senior;16/01/2025;;16/01/2035;;
23/01/2025;MOT;EUROMOT;XS2977993471;Ifc Fx 11.5% Jan30 Brl;BRL;5000;Senior;16/01/2025;;16/01/2030;;
23/01/2025;MOT;EUROMOT;XS2608242108;Iadb Fx 7% Apr33 Inr;INR;1000000;Senior;17/04/2023;;17/04/2033;;
23/01/2025;MOT;EUROMOT;XS2406749478;Iadb Fx 5.1% Nov26 Idr;IDR;10000000;Senior;17/11/2021;;17/11/2026;;
23/01/2025;MOT;EUROMOT;XS1801143196;Ifc Fx 7.02% Apr28 Mxn;MXN;100000;Senior;06/04/2018;;06/04/2028;;
23/01/2025;MOT;EUROMOT;US298785KG01;Bei Fx 4.5% Mar30 Usd;USD;1000;Senior;14/01/2025;;14/03/2030;;
23/01/2025;MOT;EUROMOT;GR0124041758;Greece Fx 3.625% Jun35 Eur;EUR;1000;Senior;21/01/2025;;15/06/2035;;
23/01/2025;MOT;EUROMOT;EU000A4D5QM6;Eu Next Gen Fx 2.625% Jul28 Eur;EUR;1;Senior;21/01/2025;;04/07/2028;;
23/01/2025;MOT;EUROMOT;EU000A3L6Q00;Bei Sustainable Fx 4.5% Jan28 Gbp;GBP;1000;Senior;20/01/2025;;31/01/2028;;
23/01/2025;MOT;EUROMOT;EU000A3L1TH0;Bei Fx 3.625% Oct29 Gbp;GBP;1000;Senior;25/09/2024;;22/10/2029;;
22/01/2025;EUROTLX;EUROTLX;FR001400WK95;Rci Banque Fx 3.5% Jan28 Call Eur;EUR;1000;Senior;;;17/01/2028;;
21/01/2025;EUROTLX;EUROTLX;IT0005631921;Unicredit Spa Mc Jan33 Call Eur;EUR;150000;Senior;;;16/01/2033;;
21/01/2025;EUROTLX;EUROTLX;IT0005631822;Unicredit Spa Mc Jul29 Call Eur;EUR;150000;Senior;;;16/07/2029;;
20/01/2025;EUROTLX;EUROTLX;XS2978594989;E On Se Fx 3.5% Apr33 Call Eur;EUR;1000;Senior;;;16/04/2033;;
20/01/2025;EUROTLX;EUROTLX;XS2978482169;E On Se Green Fx 4% Jan40 Call Eur;EUR;1000;Senior;;;16/01/2040;;
20/01/2025;MOT;EUROMOT;XS2975280509;Poland Fx 3% Jan30 Eur;EUR;1000;Senior;16/01/2025;;16/01/2030;;
20/01/2025;MOT;EUROMOT;XS2975276143;Poland Fx 3.625% Jan35 Eur;EUR;1000;Senior;16/01/2025;;16/01/2035;;
20/01/2025;MOT;EUROMOT;XS2971937672;Hungary Green Fx 4.875% Mar40 Eur;EUR;1000;Senior;14/01/2025;;22/03/2040;;
20/01/2025;MOT;EUROMOT;XS2971936948;Hungary Fx 4.5% Jun34 Eur;EUR;1000;Senior;14/01/2025;;16/06/2034;;
20/01/2025;MOT;EUROMOT;XS2829741698;Gs Group Fx 4% Jan35 Call Eur;EUR;100;Senior;17/01/2025;;17/01/2035;;
20/01/2025;MOT;EUROMOT;PTOTEAOE0005;Portugal Fx 3% Jun35 Eur;EUR;1;Senior;16/01/2025;;15/06/2035;;
20/01/2025;MOT;EUROMOT;ES0000012O59;Bonos Fx 2.4% May28 Eur;EUR;1000;Senior;14/01/2025;;31/05/2028;;
20/01/2025;MOT;EUROMOT;BE0000363722;Belgium Fx 3.1% Jun35 Eur;EUR;1;Senior;14/01/2025;;22/06/2035;;
17/01/2025;EUROTLX;EUROTLX;XS2970836511;Sg Issuer Mc Jan40 Call Eur;EUR;1000;Senior;;;17/01/2040;;
17/01/2025;EUROTLX;EUROTLX;XS2970836784;Sg Issuer Mc Jan40 Call Eur;EUR;1000;Senior;;;17/01/2040;;
17/01/2025;EUROTLX;EUROTLX;IT0005630147;Bper Banca Mc Jan31 Call Eur;EUR;150000;Senior;;;15/01/2031;;
15/01/2025;EUROTLX;EUROTLX;XS2971648725;Generali Green Fx 4.083% Jul35 T2calleur;EUR;200000;Q;;;16/07/2035;;
15/01/2025;EUROTLX;EUROTLX;IT0005630188;Isp Mc Jan37 Usd;USD;2000;Senior;;;14/01/2037;;
15/01/2025;EUROTLX;EUROTLX;IT0005631632;Unicredit Spa Mc Jan35 Eur;EUR;1000;Senior;;;15/01/2035;;
15/01/2025;EUROTLX;EUROTLX;IT0005631657;Unicredit Spa Fr Jan35 Eur;EUR;1000;Senior;;;15/01/2035;;
15/01/2025;MOT;DOMESTICMOT;IT0005631632;Unicredit Spa Mc Jan35 Eur;EUR;1000;Senior;15/01/2025;;15/01/2035;;
15/01/2025;MOT;DOMESTICMOT;IT0005631657;Unicredit Spa Fr Jan35 Eur;EUR;1000;Senior;15/01/2025;;15/01/2035;;
15/01/2025;MOT;EUROMOT;IT0005630188;Isp Mc Jan37 Usd;USD;2000;Senior;14/01/2025;;14/01/2037;;
15/01/2025;MOT;EUROMOT;DE000BU2Z049;Bund Fx 2.5% Feb35 Eur;EUR;1;Senior;10/01/2025;;15/02/2035;;
13/01/2025;MOT;EUROMOT;XS2944931406;World Bank Sustainable Fx 2% Jan28 Cny;CNY;1000000;Senior;21/11/2024;;21/01/2028;;
13/01/2025;MOT;EUROMOT;XS2913418377;World Bank Green Fx 10.75% Oct31 Brl;BRL;10000;Senior;09/10/2024;;09/10/2031;;
13/01/2025;MOT;EUROMOT;XS2868924189;World Bank Sustainable Fx2.75% Jul34 Cny;CNY;1000000;Senior;26/07/2024;;26/07/2034;;
13/01/2025;MOT;EUROMOT;XS2846984529;Aiib Zc Jun44 Mxn;MXN;100000;Senior;21/06/2024;;21/06/2044;;
13/01/2025;MOT;EUROMOT;XS2788042328;Adb Fx 5.125% Mar29 Pln;PLN;100000;Senior;26/03/2024;;26/03/2029;;
13/01/2025;MOT;EUROMOT;XS2707161308;World Bank Green Bond Fx 2.5% Jan31 Cny;CNY;1000000;Senior;20/10/2023;;13/01/2031;;
13/01/2025;MOT;EUROMOT;XS2577528107;World Bank Sustainable Fx2.75% Jan27 Cny;CNY;1000000;Senior;19/01/2023;;19/01/2027;;
13/01/2025;MOT;EUROMOT;XS2564365661;World Bank Fx 6.5% Dec27 Idr;IDR;100000000;Senior;08/12/2022;;08/12/2027;;
13/01/2025;MOT;EUROMOT;XS1803111902;Adb Fx 1.97% Apr40 Sek;SEK;1000000;Senior;16/04/2018;;16/04/2040;;
13/01/2025;MOT;BTP;IT0005631608;Btp Green Fx 4.1% Apr46 Eur;EUR;1000;Senior;15/01/2025;;30/04/2046;;
13/01/2025;MOT;BTP;IT0005631590;Btp Fx 3.65% Aug35 Eur;EUR;1000;Senior;15/01/2025;;01/08/2035;;
10/01/2025;EUROTLX;EUROTLX;XS2930112730;Omniadellato Fr Eur3m+4.25% Nov31 Call;EUR;100000;Senior;;;05/11/2031;;
10/01/2025;EUROTLX;EUROTLX;IT0005625337;Mediobanca Fr Eur3m+0.26% Jan27 Eur;EUR;20000;Senior;;;07/01/2027;;
06/01/2025;EUROTLX;EUROTLX;XS2829738637;Gs Group Fx 3.16% Dec29 Call Eur;EUR;1000;Senior;;;30/12/2029;;
20/12/2024;EUROTLX;EUROTLX;XS0462063719;Deutschebank Fr Dec28 Eur;EUR;1000;Senior;;;20/12/2028;;
20/12/2024;MOT;EUROMOT;US00828EFD67;Afdb Social Fx 3.5% Sep29 Usd;USD;1000;Senior;18/09/2024;;18/09/2029;;
20/12/2024;MOT;EUROMOT;EU000A3L1TM0;Bei Green Fx 2.323% Dec29 Sek;SEK;10000;Senior;03/12/2024;;03/12/2029;;
18/12/2024;EUROTLX;EUROTLX;IT0005527582;Bcc Felsinea Fx 2.75% Jan27 Eur;EUR;1000;Senior;;;02/01/2027;;
17/12/2024;EUROTLX;EUROTLX;IT0005620353;Mediobanca Mc Dec31 Eur;EUR;1000;Senior;;;16/12/2031;;
17/12/2024;EUROTLX;EUROTLX;IT0005620346;Mediobanca Fx 4.35% Dec30 Usd;USD;2000;Senior;;;16/12/2030;;
13/12/2024;EUROTLX;EUROTLX;IT0005614638;Bccregalbuto Fx 3% Dec28 Eur;EUR;1000;Senior;;;02/12/2028;;
13/12/2024;MOT;EUROMOT;XS2949283241;Cabei Sustainable Fx 32.5% Dec28 Try;TRY;1000000;Senior;06/12/2024;;06/12/2028;;
13/12/2024;MOT;EUROMOT;FR001400RMN1;Agencefseded Fx 30% Jul29 Try;TRY;3750000;Senior;30/07/2024;;30/07/2029;;
11/12/2024;EUROTLX;EUROTLX;XS2932806065;Alerionclean Green Fx4.75%Dec30call Eur;EUR;1000;Senior;;;11/12/2030;;
11/12/2024;EUROTLX;EUROTLX;XS2943690318;Mediobanca Fx 4.75% Dec30 Call Usd;USD;20000;Senior;;;10/12/2030;;
11/12/2024;EUROTLX;EUROTLX;IT0005608127;Bccsanmarzan Fx 3.25% Dec26 Eur;EUR;5000;Senior;;;04/12/2026;;
10/12/2024;EUROTLX;EUROTLX;IT0005623365;Mediobanca Fr Eur3m+0.2% Dec26 Eur;EUR;100000;Senior;;;09/12/2026;;
09/12/2024;EUROTLX;EUROTLX;XS2948768556;Deutschetele Fx 3.25% Jun35 Call Eur;EUR;1000;Senior;;;04/06/2035;;
06/12/2024;EUROTLX;EUROTLX;IT0005619082;Unicredit Spa Mc Ind Link Nov30 Eur;EUR;1000;Senior;;;29/11/2030;;
05/12/2024;EUROTLX;EUROTLX;XS0462074591;Deutschebank Oc Ind Link May28 Usd;USD;100000;Senior;;;02/05/2028;;
03/12/2024;EUROTLX;EUROTLX;XS2948434266;Prysmian Spa Fx 3.875% Nov31 Call Eur;EUR;100000;Senior;;;28/11/2031;;
03/12/2024;EUROTLX;EUROTLX;XS2948435743;Prysmian Spa Fx 3.625% Nov28 Call Eur;EUR;100000;Senior;;;28/11/2028;;
29/11/2024;EUROTLX;EUROTLX;XS2947917527;Bmps Mc Nov30 Call Eur;EUR;100000;Senior;;;27/11/2030;;
29/11/2024;EUROTLX;EUROTLX;XS0462073437;Deutschebank Fr Nov30 Eur;EUR;1000;Senior;;;29/11/2030;;
29/11/2024;EUROTLX;EUROTLX;FR001400U4M6;Rci Banque Green Fx 3.375%Jul29 Call Eur;EUR;1000;Senior;;;26/07/2029;;
29/11/2024;MOT;EUROMOT;XS2814486093;Gs Fin Corp Mc Nov34 Eur;EUR;100;Senior;27/11/2024;;27/11/2034;;
28/11/2024;EUROTLX;EUROTLX;XS2944871586;Snam Spa Sdg Link Fx 3.375%Nov31call Eur;EUR;100000;Senior;;;26/11/2031;;
28/11/2024;EUROTLX;EUROTLX;IT0005623837;Banco Bpm Spa Mc Nov36 T2 Call Eur;EUR;200000;Q;;;26/11/2036;;
27/11/2024;EUROTLX;EUROTLX;IT0005623761;Isp Fr Eur3m+0.5% Nov26 Eur;EUR;100000;Senior;;;27/11/2026;;
27/11/2024;MOT;EUROMOT;XS2932806065;Alerionclean Green Fx4.75%Dec30call Eur;EUR;1000;Senior;11/12/2024;;11/12/2030;;
26/11/2024;EUROTLX;EUROTLX;XS2939329996;Isp Mc Nov36 T2 Call Eur;EUR;200000;Q;;;14/11/2036;;
26/11/2024;EUROTLX;EUROTLX;IT0005622912;Unicredit Spa Fr Eur3m+0.7% Nov28 Call;EUR;100000;Senior;;;20/11/2028;;
26/11/2024;MOT;DOMESTICMOT;IT0005623753;Iccrea Banca Fx 2.75% Nov29 Est Cov Eur;EUR;100000;Senior;26/11/2024;;26/11/2029;;
26/11/2024;MOT;EUROMOT;XS2944872121;Snam Spa Sdg Link Fx 5.75%Nov36call Gbp;GBP;100000;Senior;26/11/2024;;26/11/2036;;
26/11/2024;MOT;EUROMOT;XS2944871586;Snam Spa Sdg Link Fx 3.375%Nov31call Eur;EUR;100000;Senior;26/11/2024;;26/11/2031;;
25/11/2024;EUROTLX;EUROTLX;IT0005621047;Mediobanca Fr Eur3m+0.2% Nov26 Eur;EUR;100000;Senior;;;22/11/2026;;
22/11/2024;EUROTLX;EUROTLX;XS2937307929;Stellantis Nv Fx 3.375% Nov28 Call Eur;EUR;100000;Senior;;;19/11/2028;;
22/11/2024;EUROTLX;EUROTLX;XS2937308067;Stellantis Nv Fx 4% Mar34 Call Eur;EUR;100000;Senior;;;19/03/2034;;
22/11/2024;EUROTLX;EUROTLX;XS2888624785;Bnpparibasis Fr Nov29 Eur;EUR;1000;Senior;;;19/11/2029;;
22/11/2024;EUROTLX;EUROTLX;XS0935427970;Jpmorganchas Fx 2.875% May28 Eur;EUR;100000;Senior;;;24/05/2028;;
20/11/2024;EUROTLX;EUROTLX;XS2929905292;Castellobidc Fr Eur3m+4.5% Nov31 Call;EUR;100000;Senior;;;14/11/2031;;
20/11/2024;MOT;EUROMOT;XS2939545773;Aiib Zc Nov29 Try;TRY;1000;Senior;15/11/2024;;15/11/2029;;
19/11/2024;MOT;EUROMOT;ES0000012O00;Bonos Fx 2.7% Jan30 Eur;EUR;1000;Senior;12/11/2024;;31/01/2030;;
18/11/2024;EUROTLX;EUROTLX;XS2881990191;Societegener Sc Nov34 Call Eur;EUR;1000;Senior;;;15/11/2034;;
15/11/2024;EUROTLX;EUROTLX;XS2928162945;Sg Issuer Mc Ind Link Nov34 Eur;EUR;100;Senior;;;15/11/2034;;
15/11/2024;EUROTLX;EUROTLX;IT0005621450;Unicredit Spa Mc Nov37 Eur;EUR;1000;Senior;;;15/11/2037;;
15/11/2024;EUROTLX;EUROTLX;IT0005621369;Isp Fx 3.1% Nov29 Eur;EUR;100000;Senior;;;15/11/2029;;
15/11/2024;MOT;DOMESTICMOT;IT0005621450;Unicredit Spa Mc Nov37 Eur;EUR;1000;Senior;15/11/2024;;15/11/2037;;
14/11/2024;EUROTLX;EUROTLX;IT0005620650;Mediobanca Fr Eur3m+0.2% Nov26 Eur;EUR;100000;Senior;;;13/11/2026;;
14/11/2024;EUROTLX;EUROTLX;IT0005621138;Isp Fr Eur1m+0.82% Nov28 Eur;EUR;100000;Senior;;;14/11/2028;;
14/11/2024;EUROTLX;EUROTLX;IT0005615114;Mediobanca Fx 4.25% Nov30 Usd;USD;2000;Senior;;;13/11/2030;;
14/11/2024;EUROTLX;EUROTLX;IT0005615122;Mediobanca Mc Nov31 Eur;EUR;1000;Senior;;;13/11/2031;;
14/11/2024;MOT;BTP;IT0005622128;Btp Fx 2.7% Oct27 Eur;EUR;1000;Senior;15/11/2024;;15/10/2027;;
11/11/2024;EUROTLX;EUROTLX;IT0005619140;Bff Bank Social Mc Mar28 Call Eur;EUR;100000;Senior;;;30/03/2028;;
11/11/2024;EUROTLX;EUROTLX;IT0005591851;Bff Bank Social Mc Mar29 Call Eur;EUR;100000;Senior;;;20/03/2029;;
08/11/2024;EUROTLX;EUROTLX;XS2927492798;Almaviva Fx 5% Oct30 Call Eur;EUR;100000;Senior;;;30/10/2030;;
08/11/2024;EUROTLX;EUROTLX;XS0501195993;Argentina Sc Dec38 Amort Eur;EUR;1;Senior;;;31/12/2038;;
08/11/2024;EUROTLX;EUROTLX;XS0209139244;Argentina Mc Dec35 Eur;EUR;1;Senior;;;15/12/2035;;
08/11/2024;EUROTLX;EUROTLX;US040114GM64;Argentina Mc Dec35 Usd;USD;1;Senior;;;15/12/2035;;
07/11/2024;EUROTLX;EUROTLX;IT0005614984;Mediobanca Mc Ind Link Oct30 Eur;EUR;1000;Senior;;;31/10/2030;;
06/11/2024;EUROTLX;EUROTLX;XS2922654418;Webuild Fx 4.875% Apr30 Call Eur;EUR;100000;Senior;;;30/04/2030;;
05/11/2024;EUROTLX;EUROTLX;IT0005620189;Mediobanca Mc Jan31 Call Eur;EUR;100000;Senior;;;15/01/2031;;
04/11/2024;EUROTLX;EUROTLX;XS2829712673;Gs Group Fx 3.2% Oct31 Call Eur;EUR;1000;Senior;;;30/10/2031;;
04/11/2024;EUROTLX;EUROTLX;IT0005614612;Mediobanca Mc Oct31 Eur;EUR;1000;Senior;;;31/10/2031;;
04/11/2024;EUROTLX;EUROTLX;IT0005614125;Mediobanca Mc Oct29 Eur;EUR;1000;Senior;;;31/10/2029;;
01/11/2024;EUROTLX;EUROTLX;XS2881247105;Barclaysbank Mc Nov34 Eur;EUR;1000;Senior;;;01/11/2034;;
01/11/2024;EUROTLX;EUROTLX;XS2881247287;Barclaysbank Mc Nov34 Usd;USD;1000;Senior;;;01/11/2034;;
31/10/2024;EUROTLX;EUROTLX;XS2389334124;Conceriapasu Fr Eur3m+4.5% Sep28 Call;EUR;100000;Senior;;;30/09/2028;;
31/10/2024;EUROTLX;EUROTLX;XS0462067116;Deutschebank Oc Fd Link Apr30 Eur;EUR;1000;Senior;;;30/04/2030;;
31/10/2024;EUROTLX;EUROTLX;IT0005612277;Cassa Centr Green Sc Oct27 Eur;EUR;1000;Senior;;;28/10/2027;;
28/10/2024;MOT;EUROMOT;DE000BU22072;Schatz Fx 2% Dec26 Eur;EUR;1;Senior;24/10/2024;;10/12/2026;;
25/10/2024;MOT;EUROMOT;XS2922764191;Poland Fx 3.875% Oct39 Eur;EUR;1000;Senior;22/10/2024;;22/10/2039;;
25/10/2024;MOT;EUROMOT;XS2922763896;Poland Fx 3.125% Oct31 Eur;EUR;1000;Senior;22/10/2024;;22/10/2031;;
25/10/2024;MOT;BTP;IT0005619546;Btp Fx 3.15% Nov31 Eur;EUR;1000;Senior;29/10/2024;;15/11/2031;;
24/10/2024;MOT;BTP;IT0005526162;Btpstripital Zc Dec29 Eur;EUR;1;Senior;15/11/2022;;15/12/2029;;
24/10/2024;MOT;BTP;IT0005498750;Btpstripital Zc Jun29 Eur;EUR;1;Senior;15/11/2022;;15/06/2029;;
24/10/2024;MOT;BTP;IT0005498743;Btpstripital Zc Dec28 Eur;EUR;1;Senior;15/11/2022;;15/12/2028;;
24/10/2024;MOT;BTP;IT0005498735;Btpstripital Zc Jun28 Eur;EUR;1;Senior;15/11/2022;;15/06/2028;;
24/10/2024;MOT;BTP;IT0005498727;Btpstripital Zc Dec27 Eur;EUR;1;Senior;15/11/2022;;15/12/2027;;
24/10/2024;MOT;BTP;IT0005498719;Btpstripital Zc Jun27 Eur;EUR;1;Senior;15/11/2022;;15/06/2027;;
24/10/2024;MOT;BTP;IT0005498701;Btpstripital Zc Dec26 Eur;EUR;1;Senior;15/11/2022;;15/12/2026;;
24/10/2024;MOT;BTP;IT0005498693;Btpstripital Zc Jun26 Eur;EUR;1;Senior;15/11/2022;;15/06/2026;;
23/10/2024;EUROTLX;EUROTLX;XS1775617464;Egypt Fx 7.903% Feb48 Usd;USD;200000;Senior;;;21/02/2048;;
21/10/2024;EUROTLX;EUROTLX;XS2902582357;Sammontanasp Fr Eur3m+3.75% Oct31 Call;EUR;100000;Senior;;;15/10/2031;;
21/10/2024;EUROTLX;EUROTLX;US71647NBL29;Petrobras Fx 6% Jan35 Call Usd;USD;2000;Senior;;;13/01/2035;;
21/10/2024;EUROTLX;EUROTLX;US71647NBK46;Petrobras Fx 6.5% Jul33 Call Usd;USD;2000;Senior;;;03/07/2033;;
21/10/2024;EUROTLX;EUROTLX;US279158AN94;Ecopetrol Fx 6.875% Apr30 Call Usd;USD;1000;Senior;;;29/04/2030;;
21/10/2024;EUROTLX;EUROTLX;US279158AQ26;Ecopetrol Fx 5.875% Nov51 Call Usd;USD;1000;Senior;;;02/11/2051;;
21/10/2024;EUROTLX;EUROTLX;US195325CU73;Colombia Fx 5% Jun45 Call Usd;USD;200000;Senior;;;15/06/2045;;
21/10/2024;MOT;EUROMOT;US459058LN17;World Bank Sustain Fx 3.875% Oct29 Usd;USD;1000;Senior;16/10/2024;;16/10/2029;;
21/10/2024;MOT;EUROMOT;DE000A383P48;Kfw Fx 2.5% Oct31 Eur;EUR;1000;Senior;16/10/2024;;15/10/2031;;
16/10/2024;EUROTLX;EUROTLX;XS2861438815;Barclaysbank Oc Oct42 Call Eur;EUR;100;Senior;;;16/10/2042;;
16/10/2024;EUROTLX;EUROTLX;XS2861438732;Barclaysbank Oc Oct42 Call Usd;USD;100;Senior;;;16/10/2042;;
15/10/2024;EUROTLX;EUROTLX;XS2918234670;Isp Sc Oct30 Usd;USD;2000;Senior;;;11/10/2030;;
15/10/2024;EUROTLX;EUROTLX;XS2918234084;Isp Sc Oct34 Usd;USD;2000;Senior;;;11/10/2034;;
15/10/2024;EUROTLX;EUROTLX;XS2918233276;Isp Sc Oct32 Usd;USD;2000;Senior;;;11/10/2032;;
15/10/2024;EUROTLX;EUROTLX;US458140AV20;Intel Corp Fx 4.1% May46 Call Usd;USD;2000;Senior;;;19/05/2046;;
15/10/2024;EUROTLX;EUROTLX;IT0005617375;Unicredit Spa Mc Oct37 Eur;EUR;1000;Senior;;;14/10/2037;;
15/10/2024;MOT;DOMESTICMOT;IT0005617375;Unicredit Spa Mc Oct37 Eur;EUR;1000;Senior;14/10/2024;;14/10/2037;;
15/10/2024;MOT;EUROMOT;XS2918234670;Isp Sc Oct30 Usd;USD;2000;Senior;11/10/2024;;11/10/2030;;
15/10/2024;MOT;EUROMOT;XS2918234084;Isp Sc Oct34 Usd;USD;2000;Senior;11/10/2024;;11/10/2034;;
15/10/2024;MOT;EUROMOT;XS2918233276;Isp Sc Oct32 Usd;USD;2000;Senior;11/10/2024;;11/10/2032;;
15/10/2024;MOT;EUROMOT;EU000A3L4C16;Bei Fx 2.25% Dec29 Eur;EUR;1000;Senior;09/10/2024;;14/12/2029;;
11/10/2024;EUROTLX;EUROTLX;DE000CZ40M39;Commerzbanka Fx 1.5% Aug28 Eur;EUR;1000;Senior;;;28/08/2028;;
09/10/2024;EUROTLX;EUROTLX;XS2910509566;Continentala Fx 3.5% Oct29 Call Eur;EUR;1000;Senior;;;01/10/2029;;
09/10/2024;EUROTLX;EUROTLX;XS2904658429;Bubbles Bidco Fr Eur3m+4.25% Sep31 Call;EUR;100000;Senior;;;30/09/2031;;
09/10/2024;EUROTLX;EUROTLX;XS2904660755;Bubbles Bidco Fx 6.5% Sep31 Call Eur;EUR;100000;Senior;;;30/09/2031;;
09/10/2024;MOT;EUROMOT;ES0000012O18;Obligacionesei 1.15% Nov36 Eur;EUR;1000;Senior;30/11/2023;;30/11/2036;;
07/10/2024;EUROTLX;EUROTLX;XS2836171814;Bnpparibasis Mc Sep29 Call Eur;EUR;1000;Senior;;;30/09/2029;;
07/10/2024;EUROTLX;EUROTLX;IT0005611121;Unicredit Spa Mc Ind Link Sep30 Eur;EUR;1000;Senior;;;30/09/2030;;
04/10/2024;EUROTLX;EUROTLX;XS2911633274;Generali Fx 4.1562% Jan35 T2 Call Eur;EUR;200000;Q;;;03/01/2035;;
04/10/2024;MOT;EUROMOT;US500769KG83;Kfw Fx 3.5% Aug27 Usd;USD;1000;Senior;01/10/2024;;27/08/2027;;
03/10/2024;EUROTLX;EUROTLX;XS2906214619;Ceme Spa Fr Eur3m+4.5% Sep31 Call Eur;EUR;100000;Senior;;;30/09/2031;;
03/10/2024;EUROTLX;EUROTLX;AT0000A3FA05;Voestalpine Green Fx 3.75% Oct29 Eur;EUR;500;Senior;;;03/10/2029;;
03/10/2024;MOT;EUROMOT;XS2909731551;Ebrd Zc Mar28 Try;TRY;10000;Senior;01/10/2024;;24/03/2028;;
03/10/2024;MOT;EUROMOT;EU000A1Z99V7;Esm Fx 2.375% Sep27 Eur;EUR;1;Senior;30/09/2024;;30/09/2027;;
02/10/2024;EUROTLX;EUROTLX;XS2896482598;Mediobanca Fx 3.5% Sep32 Call Eur;EUR;1000;Senior;;;30/09/2032;;
02/10/2024;EUROTLX;EUROTLX;FR001400SSO4;Rci Banque Fx 3.875% Sep30 Call Eur;EUR;1000;Senior;;;30/09/2030;;
27/09/2024;MOT;EUROMOT;XS2908645265;Romania Fx 6% Sep44 Eur;EUR;1000;Senior;24/09/2024;;24/09/2044;;
27/09/2024;MOT;EUROMOT;XS2908644615;Romania Fx 5.125% Sep31 Eur;EUR;1000;Senior;24/09/2024;;24/09/2031;;
27/09/2024;MOT;EUROMOT;XS2908633683;Romania Fx 5.75% Mar35 Usd;USD;2000;Senior;24/09/2024;;24/03/2035;;
26/09/2024;EUROTLX;EUROTLX;XS2904554990;Heidelberg Green Fx 3.375% Oct31 Cal Eur;EUR;1000;Senior;;;17/10/2031;;
26/09/2024;MOT;EUROMOT;XS2829713309;Gs Group Fx 4% Sep34 Call Eur;EUR;100;Senior;25/09/2024;;25/09/2034;;
26/09/2024;MOT;EUROMOT;XS2829713218;Gs Group Zc Sep34 Call Eur;EUR;100;Senior;25/09/2024;;25/09/2034;;
24/09/2024;EUROTLX;EUROTLX;XS2845452908;Barclaysbank Oc Sep44 Call Usd;USD;1000;Senior;;;26/09/2044;;
23/09/2024;EUROTLX;EUROTLX;XS2906211946;Iren Green Fx 3.625% Sep33 Call Eur;EUR;100000;Senior;;;23/09/2033;;
19/09/2024;MOT;EUROMOT;EU000A3L1DJ0;Eu Next Gen Fx 2.5% Dec31 Eur;EUR;1;Senior;17/09/2024;;04/12/2031;;
18/09/2024;EUROTLX;EUROTLX;XS2840454917;Bnpparibasis Mc Sep39 Call Eur;EUR;100;Senior;;;20/09/2039;;
18/09/2024;EUROTLX;EUROTLX;XS2840454834;Bnpparibasis Mc Sep38 Call Usd;USD;100;Senior;;;20/09/2038;;
18/09/2024;EUROTLX;EUROTLX;IT0005611550;Isp Mc Sep32 Call Eur;EUR;150000;Senior;;;16/09/2032;;
18/09/2024;EUROTLX;EUROTLX;IT0005584989;Bcc Pianfei Fx 3% Mar27 Eur;EUR;1000;Senior;;;04/03/2027;;
13/09/2024;EUROTLX;EUROTLX;IT0005585150;Cr Fossano Mc Mar28 Eur;EUR;1000;Senior;;;11/03/2028;;
13/09/2024;MOT;BTP;IT0005611741;Btp Fx 4.3% Oct54 Eur;EUR;1000;Senior;17/09/2024;;01/10/2054;;
12/09/2024;EUROTLX;EUROTLX;IT0005605669;Mediobanca Mc Sep30 Eur;EUR;1000;Senior;;;11/09/2030;;
12/09/2024;EUROTLX;EUROTLX;IT0005606782;Mediobanca Fx 4.5% Sep29 Usd;USD;2000;Senior;;;11/09/2029;;
12/09/2024;MOT;EUROMOT;XS2891732690;Ebrd Zc Mar28 Try;TRY;10000;Senior;03/09/2024;;03/03/2028;;
11/09/2024;EUROTLX;EUROTLX;IT0005611253;Banco Bpm Spa Social Mc Sep30 Call Eur;EUR;150000;Senior;;;09/09/2030;;
11/09/2024;MOT;EUROMOT;EU000A1Z99U9;Esm Fx 2.75% Sep34 Eur;EUR;1;Senior;09/09/2024;;15/09/2034;;
10/09/2024;EUROTLX;EUROTLX;FR001400RYN6;Essilorluxot Fx 2.875% Mar29 Call Eur;EUR;100000;Senior;;;05/03/2029;;
10/09/2024;EUROTLX;EUROTLX;FR001400RX89;Essilorluxot Fx 3% Mar32 Call Eur;EUR;100000;Senior;;;05/03/2032;;
09/09/2024;EUROTLX;EUROTLX;XS2895631641;E On Se Fx 3.875% Sep38 Call Eur;EUR;1000;Senior;;;05/09/2038;;
09/09/2024;EUROTLX;EUROTLX;XS2895631567;E On Se Green Fx 3.125% Mar30 Call Eur;EUR;1000;Senior;;;05/03/2030;;
09/09/2024;MOT;EUROMOT;XS2890436087;Bulgaria Fx 5% Mar37 Usd;USD;2000;Senior;05/09/2024;;05/03/2037;;
09/09/2024;MOT;EUROMOT;XS2890435600;Bulgaria Fx 4.25% Sep44 Eur;EUR;1000;Senior;05/09/2024;;05/09/2044;;
09/09/2024;MOT;EUROMOT;XS2890420834;Bulgaria Fx 3.625% Sep32 Eur;EUR;1000;Senior;05/09/2024;;05/09/2032;;
09/09/2024;MOT;EUROMOT;XS2756521303;Romania Fx 6.375% Jan34 Usd;USD;2000;Senior;30/01/2024;;30/01/2034;;
09/09/2024;MOT;EUROMOT;XS2756521212;Romania Fx 5.875% Jan29 Usd;USD;2000;Senior;30/01/2024;;30/01/2029;;
09/09/2024;MOT;EUROMOT;EU000A3L2773;Bei Green Fx 2.625% Sep34 Eur;EUR;1000;Senior;04/09/2024;;04/09/2034;;
09/09/2024;MOT;EUROMOT;AT0000A3EPP2;Austria Fx 2.5% Oct29 Eur;EUR;100;Senior;04/09/2024;;20/10/2029;;
06/09/2024;EUROTLX;EUROTLX;XS2815488247;Bnpparibasis Mc Aug29 Eur;EUR;1000;Senior;;;30/08/2029;;
05/09/2024;EUROTLX;EUROTLX;XS2892988275;Deutscheluft Fx 3.625% Sep28 Call Eur;EUR;1000;Senior;;;03/09/2028;;
05/09/2024;EUROTLX;EUROTLX;XS2892988192;Deutscheluft Fx 4.125% Sep32 Call Eur;EUR;1000;Senior;;;03/09/2032;;
05/09/2024;EUROTLX;EUROTLX;IT0005602849;Banco Bpm Spa Mc Ind Link Aug30 Eur;EUR;1000;Senior;;;30/08/2030;;
05/09/2024;MOT;EUROMOT;EU000A2SCAQ2;Efsf Fx 2.5% Dec27 Eur;EUR;1000;Senior;03/09/2024;;15/12/2027;;
04/09/2024;MOT;EUROMOT;XS2810876065;Iadb Fx 4.375% May33 Gbp;GBP;1000;Senior;02/05/2024;;02/05/2033;;
04/09/2024;MOT;EUROMOT;US045167GH09;Adb Fx 3.625% Aug29 Usd;USD;1000;Senior;29/08/2024;;28/08/2029;;
02/09/2024;MOT;EUROMOT;XS2887903966;Kfw Green Fx 2.375% Oct29 Eur;EUR;1000;Senior;28/08/2024;;04/10/2029;;
02/09/2024;MOT;EUROMOT;XS2887897200;World Bank Sustainable Fx 2.6% Aug31 Eur;EUR;1000;Senior;28/08/2024;;28/08/2031;;
02/09/2024;MOT;EUROMOT;US459058LL50;World Bank Sustainable Fx3.875%Aug34 Usd;USD;1000;Senior;28/08/2024;;28/08/2034;;
02/09/2024;MOT;EUROMOT;US459058LK77;World Bank Sustainable Fx 4% Aug26 Usd;USD;1000;Senior;27/08/2024;;27/08/2026;;
30/08/2024;EUROTLX;EUROTLX;XS2887901911;Bmw Int Inv Fx 3.375% Aug34 Eur;EUR;1000;Senior;;;27/08/2034;;
30/08/2024;EUROTLX;EUROTLX;XS2887901598;Bmw Int Inv Fx 3.125% Aug30 Eur;EUR;1000;Senior;;;27/08/2030;;
30/08/2024;EUROTLX;EUROTLX;XS2887901325;Bmw Int Inv Fx 3% Aug27 Eur;EUR;1000;Senior;;;27/08/2027;;
30/08/2024;MOT;EUROMOT;FI4000577952;Finland Fx 2.5% Apr30 Eur;EUR;1000;Senior;27/08/2024;;15/04/2030;;
30/08/2024;MOT;BTP;IT0005611055;Btp Fx 3% Oct29 Eur;EUR;1000;Senior;02/09/2024;;01/10/2029;;
29/08/2024;EUROTLX;EUROTLX;XS2821122996;Bnpparibasis Fr Aug27 Eur;EUR;1000;Senior;;;12/08/2027;;
29/08/2024;EUROTLX;EUROTLX;XS2811990303;Bnpparibasis Fr Jul29 Call Eur;EUR;1000;Senior;;;31/07/2029;;
29/08/2024;MOT;EUROMOT;XS2861554645;World Bank Sustain Fx 4.125% Jul31 Gbp;GBP;1000;Senior;18/07/2024;;31/07/2031;;
29/08/2024;MOT;EUROMOT;XS2289822376;Bei Green Fx 1% Jan28 Cad;CAD;1000;Senior;28/01/2021;;28/01/2028;;
29/08/2024;MOT;EUROMOT;US298785KF28;Bei Fx 3.75% Nov29 Usd;USD;1000;Senior;27/08/2024;;15/11/2029;;
26/08/2024;MOT;EUROMOT;US45950KDH05;Ifc Fx 4.25% Jul29 Usd;USD;10000;Senior;02/07/2024;;02/07/2029;;
22/08/2024;MOT;EUROMOT;XS2776676145;Adb Zc Mar27 Try;TRY;10000;Senior;08/03/2024;;08/03/2027;;
22/08/2024;MOT;EUROMOT;XS2584640101;Aiib Fx 7.5% Feb28 Zar;ZAR;10000;Senior;08/02/2023;;08/02/2028;;
22/08/2024;MOT;EUROMOT;XS2039699884;Bei Fx 7.65% Aug26 Zar;ZAR;5000;Senior;13/08/2019;;13/08/2026;;
19/08/2024;EUROTLX;EUROTLX;XS2880093765;Vw Int Fin Green Fr Eur3m+0.55%Aug26 Eur;EUR;100000;Senior;;;14/08/2026;;
16/08/2024;EUROTLX;EUROTLX;XS2822174905;Barclaysbank Mc Aug29 Usd;USD;1000;Senior;;;16/08/2029;;
06/08/2024;EUROTLX;EUROTLX;XS2864287466;Teamsystem Fr Eur3m+3.5% Jul31 Call Eur;EUR;100000;Senior;;;31/07/2031;;
05/08/2024;EUROTLX;EUROTLX;XS0461648650;Deutschebank Mc Aug28 Eur;EUR;1000;Senior;;;05/08/2028;;
02/08/2024;EUROTLX;EUROTLX;XS2804826688;Bnpparibasis Fr Jul27 Eur;EUR;1000;Senior;;;15/07/2027;;
02/08/2024;EUROTLX;EUROTLX;XS2794979885;Bnpparibasis Mc Jul29 Call Eur;EUR;1000;Senior;;;31/07/2029;;
31/07/2024;EUROTLX;EUROTLX;XS2864439158;Mundys Spa Sdg Linked Fx4.5%Jan30calleur;EUR;100000;Senior;;;24/01/2030;;
31/07/2024;EUROTLX;EUROTLX;IT0005600777;Unicredit Spa Mc Ind Link Jul29 Eur;EUR;1000;Senior;;;24/07/2029;;
31/07/2024;MOT;BTP;IT0005607970;Btp Fx 3.85% Feb35 Eur;EUR;1000;Senior;01/08/2024;;01/02/2035;;
29/07/2024;EUROTLX;EUROTLX;XS2813996241;Societegener Oc Jul26 Put Eur;EUR;1000;Senior;;;15/07/2026;;
29/07/2024;EUROTLX;EUROTLX;XS2808996230;Barclaysbank Oc Jul44 Call Usd;USD;1000;Senior;;;29/07/2044;;
29/07/2024;EUROTLX;EUROTLX;US92553PAP71;Paramount Fx 4.375% Mar43 Call Usd;USD;2000;Senior;;;15/03/2043;;
29/07/2024;EUROTLX;EUROTLX;US097023BS30;Boeing Co Fx 3.375% Jun46 Call Usd;USD;2000;Senior;;;15/06/2046;;
26/07/2024;MOT;EUROMOT;DE000BU22064;Schatz Fx 2.7% Sep26 Eur;EUR;1;Senior;25/07/2024;;17/09/2026;;
26/07/2024;MOT;BTP;IT0005607269;Btp Fx 3.1% Aug26 Eur;EUR;1000;Senior;29/07/2024;;28/08/2026;;
25/07/2024;MOT;EUROMOT;XS2861062425;Ebrd Green Fx 2.875% Jul31 Eur;EUR;1000;Senior;17/07/2024;;17/07/2031;;
25/07/2024;MOT;EUROMOT;XS2816013937;Kfw Green Fx 2.875% Mar32 Eur;EUR;1000;Senior;08/05/2024;;31/03/2032;;
25/07/2024;MOT;EUROMOT;US4581X0EP90;Iadb Fx 4.375% Jul34 Usd;USD;1000;Senior;17/07/2024;;17/07/2034;;
25/07/2024;MOT;EUROMOT;US045167GE77;Adb Fx 4.875% May26 Usd;USD;1000;Senior;21/05/2024;;21/05/2026;;
25/07/2024;MOT;EUROMOT;DE000A383B10;Kfw Fx 2.75% Oct27 Eur;EUR;1000;Senior;02/07/2024;;01/10/2027;;
24/07/2024;EUROTLX;EUROTLX;IT0005605115;Bancasellaho Mc Jul29 Call Eur;EUR;100000;Senior;;;18/07/2029;;
22/07/2024;MOT;EUROMOT;DE000BU25034;Bobl Fx 2.5% Oct29 Eur;EUR;1;Senior;18/07/2024;;11/10/2029;;
18/07/2024;MOT;EUROMOT;XS2858704021;Ebrd Zc Jul36 Call Try;TRY;10000;Senior;11/07/2024;;11/07/2036;;
18/07/2024;MOT;EUROMOT;XS2858703569;Ebrd Zc Jul36 Call Try;TRY;10000;Senior;11/07/2024;;11/07/2036;;
18/07/2024;MOT;EUROMOT;EU000A3L1CN4;Eu Mfa Ukr Next Gen Fx 2.875% Oct29 Eur;EUR;1;Senior;16/07/2024;;05/10/2029;;
16/07/2024;EUROTLX;EUROTLX;IT0005584872;Bccregalbuto Fr Eur3m-0.5% Mar28 Eur;EUR;1000;Senior;;;18/03/2028;;
15/07/2024;EUROTLX;EUROTLX;XS2844410287;Rai Fx 4.375% Jul29 Call Eur;EUR;100000;Senior;;;10/07/2029;;
15/07/2024;EUROTLX;EUROTLX;XS2805621146;Barclaysbank Oc Jul42 Call Eur;EUR;1000;Senior;;;15/07/2042;;
15/07/2024;EUROTLX;EUROTLX;IT0005599946;Isp Fx 3.4% Jul26 Eur;EUR;100000;Senior;;;15/07/2026;;
15/07/2024;MOT;EUROMOT;XS2856144576;Rentenbank Fx 2.875% Jul31 Eur;EUR;1000;Senior;09/07/2024;;09/07/2031;;
15/07/2024;MOT;EUROMOT;XS2840132802;Adb Fx 27.5% Jul28 Try;TRY;10000;Senior;24/06/2024;;19/07/2028;;
15/07/2024;MOT;EUROMOT;US298785KE52;Bei Green Fx 4.375% Oct31 Usd;USD;1000;Senior;10/07/2024;;10/10/2031;;
12/07/2024;EUROTLX;EUROTLX;XS2845774855;Sg Issuer Mc Eq Link Jul34 Eur;EUR;100;Senior;;;18/07/2034;;
12/07/2024;EUROTLX;EUROTLX;XS2845774772;Sg Issuer Mc Eq Link Jul34 Eur;EUR;100;Senior;;;18/07/2034;;
12/07/2024;EUROTLX;EUROTLX;XS2845774699;Sg Issuer Mc Eq Link Jul34 Eur;EUR;100;Senior;;;18/07/2034;;
12/07/2024;EUROTLX;EUROTLX;XS2845774343;Sg Issuer Mc Eq Link Jul34 Eur;EUR;100;Senior;;;18/07/2034;;
12/07/2024;EUROTLX;EUROTLX;XS2845774004;Sg Issuer Mc Eq Link Jul34 Eur;EUR;100;Senior;;;18/07/2034;;
12/07/2024;EUROTLX;EUROTLX;XS2845773881;Sg Issuer Mc Eq Link Jul34 Eur;EUR;100;Senior;;;18/07/2034;;
12/07/2024;EUROTLX;EUROTLX;XS0461641309;Deutschebank Fx 3.23% Jul30 Eur;EUR;1000;Senior;;;12/07/2030;;
12/07/2024;EUROTLX;EUROTLX;US91282CKV27;T-Note Usa Fx 4.625% Jun27 Usd;USD;100;Senior;;;15/06/2027;;
12/07/2024;EUROTLX;EUROTLX;US91282CKU44;T-Note Usa Fx 4.625% May31 Usd;USD;100;Senior;;;31/05/2031;;
12/07/2024;EUROTLX;EUROTLX;US91282CKT70;T-Note Usa Fx 4.5% May29 Usd;USD;100;Senior;;;31/05/2029;;
12/07/2024;EUROTLX;EUROTLX;US91282CKS97;T-Note Usa Fx 4.875% May26 Usd;USD;100;Senior;;;31/05/2026;;
12/07/2024;EUROTLX;EUROTLX;US91282CKQ32;T-Note Usa Fx 4.375% May34 Usd;USD;100;Senior;;;15/05/2034;;
12/07/2024;EUROTLX;EUROTLX;US91282CJQ50;T-Note Usa Fx 3.75% Dec30 Usd;USD;100;Senior;;;31/12/2030;;
12/07/2024;EUROTLX;EUROTLX;US91282CJR34;T-Note Usa Fx 3.75% Dec28 Usd;USD;100;Senior;;;31/12/2028;;
12/07/2024;EUROTLX;EUROTLX;US91282CHC82;T-Note Usa Fx 3.375% May33 Usd;USD;100;Senior;;;15/05/2033;;
12/07/2024;EUROTLX;EUROTLX;US912810UB25;T-Bond Usa Fx 4.625% May44 Usd;USD;100;Senior;;;15/05/2044;;
12/07/2024;EUROTLX;EUROTLX;US912810UA42;T-Bond Usa Fx 4.625% May54 Usd;USD;100;Senior;;;15/05/2054;;
12/07/2024;EUROTLX;EUROTLX;US912810TU25;T-Bond Usa Fx 4.375% Aug43 Usd;USD;100;Senior;;;15/08/2043;;
12/07/2024;EUROTLX;EUROTLX;US912810TT51;T-Bond Usa Fx 4.125% Aug53 Usd;USD;100;Senior;;;15/08/2053;;
11/07/2024;MOT;EUROMOT;ES0000012N43;Obligaciones Fx 3.1% Jul31 Eur;EUR;1000;Senior;09/07/2024;;30/07/2031;;
09/07/2024;EUROTLX;EUROTLX;XS2852894679;Heineken Nv Fx 3.812% Jul36 Call Eur;EUR;100000;Senior;;;04/07/2036;;
09/07/2024;EUROTLX;EUROTLX;XS2804501208;Optics Bidco Fx 1.625% Jan29 Call Eur;EUR;100000;Senior;;;18/01/2029;;
09/07/2024;EUROTLX;EUROTLX;XS2804502511;Optics Bidco Fx 5.25% Mar55 Call Eur;EUR;100000;Senior;;;17/03/2055;;
09/07/2024;EUROTLX;EUROTLX;XS2804500812;Optics Bidco Fx 7.875% Jul28 Call Eur;EUR;100000;Senior;;;31/07/2028;;
09/07/2024;EUROTLX;EUROTLX;XS2804500572;Optics Bidco Fx 6.875% Feb28 Call Eur;EUR;100000;Senior;;;15/02/2028;;
09/07/2024;EUROTLX;EUROTLX;XS2804500226;Optics Bidco Fx 2.375% Oct27 Call Eur;EUR;100000;Senior;;;12/10/2027;;
09/07/2024;EUROTLX;EUROTLX;XS2804497506;Optics Bidco Fx 7.75% Jan33 Call Eur;EUR;100000;Senior;;;24/01/2033;;
09/07/2024;EUROTLX;EUROTLX;XS0461651365;Deutschebank Mc Jul27 Eur;EUR;1000;Senior;;;09/07/2027;;
08/07/2024;EUROTLX;EUROTLX;XS2847641961;Pirelli Sdglinked Fx3.875%Jul29 Call Eur;EUR;100000;Senior;;;02/07/2029;;
08/07/2024;MOT;EUROMOT;US500769KE36;Kfw Fx 4.375% Mar27 Usd;USD;1000;Senior;13/03/2024;;01/03/2027;;
08/07/2024;MOT;EUROMOT;EU000A3LPTT1;Bei Fx 7.4% Oct33 Inr;INR;100000;Senior;23/10/2023;;23/10/2033;;
08/07/2024;MOT;EUROMOT;DE000A382475;Kfw Fx 2.625% Apr29 Eur;EUR;1000;Senior;04/04/2024;;26/04/2029;;
05/07/2024;EUROTLX;EUROTLX;XS2813862716;Societegener Oc Jun26 Put Eur;EUR;1000;Senior;;;15/06/2026;;
05/07/2024;MOT;EUROMOT;DE000BU2Z031;Bund Fx 2.6% Aug34 Eur;EUR;1;Senior;05/07/2024;;15/08/2034;;
04/07/2024;EUROTLX;EUROTLX;XS2784237864;Bnpparibasis Fr Jun27 Eur;EUR;1000;Senior;;;18/06/2027;;
04/07/2024;MOT;EUROMOT;US459058LF82;World Bank Sustain Fx 4.5% Apr31 Usd;USD;1000;Senior;10/04/2024;;10/04/2031;;
02/07/2024;EUROTLX;EUROTLX;XS2825576734;World Bank Sustainable Sc Jun29 Call Usd;USD;1000;Senior;;;27/06/2029;;
02/07/2024;EUROTLX;EUROTLX;XS2825578193;World Bank Sustainable Sc Jun29 Call Eur;EUR;1000;Senior;;;27/06/2029;;
02/07/2024;EUROTLX;EUROTLX;IT0005595597;Mediobanca Mc Jun31 Eur;EUR;1000;Senior;;;28/06/2031;;
02/07/2024;MOT;EUROMOT;XS2849767202;Cyprus Fx 3.25% Jun31 Eur;EUR;1000;Senior;27/06/2024;;27/06/2031;;
02/07/2024;MOT;EUROMOT;XS2829752620;Gs Group Sc Jul36 Call Eur;EUR;100;Senior;01/07/2024;;01/07/2036;;
01/07/2024;MOT;DOMESTICMOT;IT0005597874;Kme Fx 5.75% Jul29 Call Eur;EUR;1;Senior;23/07/2024;;23/07/2029;;
25/06/2024;EUROTLX;EUROTLX;XS2830945452;Webuild Fx 5.375% Jun29 Call Eur;EUR;100000;Senior;;;20/06/2029;;
24/06/2024;EUROTLX;EUROTLX;XS2708221341;Gs Group Oc Jun31 Call Eur;EUR;1000;Senior;;;19/06/2031;;
21/06/2024;EUROTLX;EUROTLX;XS2799786848;Tamburi Fx 4.625% Jun29 Call Eur;EUR;1000;Senior;;;21/06/2029;;
21/06/2024;EUROTLX;EUROTLX;XS0461642372;Deutschebank Oc Ind Link Dec27 Eur;EUR;1000;Senior;;;21/12/2027;;
21/06/2024;MOT;EUROMOT;XS2831196535;Afdb Zc Jun34 Brl;BRL;100000;Senior;05/06/2024;;05/06/2034;;
21/06/2024;MOT;EUROMOT;EU000A3LZ0X9;Eu Next Gen Fx 3.375% Oct39 Eur;EUR;1;Senior;18/06/2024;;04/10/2039;;
20/06/2024;EUROTLX;EUROTLX;XS2842061421;Heidelberg Green Fx 3.95% Jul34 Call Eur;EUR;1000;Senior;;;19/07/2034;;
19/06/2024;MOT;EUROMOT;XS2835887931;Ebrd Zc Jun36 Call Try;TRY;10000;Senior;10/06/2024;;10/06/2036;;
19/06/2024;MOT;EUROMOT;FR001400QMF9;Oat Fx 3% Nov34 Eur;EUR;1;Senior;25/11/2023;;25/11/2034;;
17/06/2024;EUROTLX;EUROTLX;XS2829592679;Cnhindustria Fx 3.75% Jun31 Call Eur;EUR;100000;Senior;;;11/06/2031;;
17/06/2024;EUROTLX;EUROTLX;IT0005598989;Unicredit Spa Fx 4.2% Jun34 Call Eur;EUR;150000;Senior;;;11/06/2034;;
17/06/2024;EUROTLX;EUROTLX;IT0005598971;Unicredit Spa Mc Jun28 Call Eur;EUR;150000;Senior;;;11/06/2028;;
14/06/2024;MOT;BTP;IT0005599904;Btp Fx 3.45% Jul27 Eur;EUR;1000;Senior;17/06/2024;;15/07/2027;;
13/06/2024;EUROTLX;EUROTLX;XS2837886287;Vw Fin Ser Green Fx 3.875% Sep30 Eur;EUR;1000;Senior;;;10/09/2030;;
13/06/2024;EUROTLX;EUROTLX;XS2837886105;Vw Fin Ser Green Fr Eur3m+0.78%Jun27 Eur;EUR;1000;Senior;;;10/06/2027;;
13/06/2024;EUROTLX;EUROTLX;XS2837886014;Vw Fin Ser Green Fx 3.75% Sep26 Eur;EUR;1000;Senior;;;10/09/2026;;
13/06/2024;EUROTLX;EUROTLX;XS2837718654;Isp Sc Jun30 Usd;USD;2000;Senior;;;12/06/2030;;
13/06/2024;EUROTLX;EUROTLX;XS2837717417;Isp Sc Jun27 Usd;USD;2000;Senior;;;12/06/2027;;
13/06/2024;EUROTLX;EUROTLX;XS2837717250;Isp Sc Jun36 Usd;USD;2000;Senior;;;12/06/2036;;
13/06/2024;EUROTLX;EUROTLX;XS2837716369;Isp Fx 4.25% Jun26 Cad;CAD;2000;Senior;;;12/06/2026;;
13/06/2024;EUROTLX;EUROTLX;XS2567535377;Gs Group Mc Jun32 Eur;EUR;1000;Senior;;;12/06/2032;;
13/06/2024;MOT;EUROMOT;XS2837718654;Isp Sc Jun30 Usd;USD;2000;Senior;12/06/2024;;12/06/2030;;
13/06/2024;MOT;EUROMOT;XS2837717417;Isp Sc Jun27 Usd;USD;2000;Senior;12/06/2024;;12/06/2027;;
13/06/2024;MOT;EUROMOT;XS2837717250;Isp Sc Jun36 Usd;USD;2000;Senior;12/06/2024;;12/06/2036;;
13/06/2024;MOT;EUROMOT;XS2837716369;Isp Fx 4.25% Jun26 Cad;CAD;2000;Senior;12/06/2024;;12/06/2026;;
12/06/2024;EUROTLX;EUROTLX;IT0005599110;Unicredit Spa Fr Jun34 Eur;EUR;1000;Senior;;;12/06/2034;;
12/06/2024;MOT;DOMESTICMOT;IT0005599110;Unicredit Spa Fr Jun34 Eur;EUR;1000;Senior;12/06/2024;;12/06/2034;;
12/06/2024;MOT;EUROMOT;XS2567562694;Gs Group Mc Jun34 Eur;EUR;100;Senior;11/06/2024;;11/06/2034;;
12/06/2024;MOT;EUROMOT;ES0000012N35;Obligaciones Fx 3.45% Oct34 Eur;EUR;1000;Senior;05/06/2024;;31/10/2034;;
11/06/2024;EUROTLX;EUROTLX;IT0005421802;Mps Eur3m+0,52 Ap27 Est Covered Call Eur;EUR;100000;Senior;;;29/04/2027;;
11/06/2024;EUROTLX;EUROTLX;IT0005421794;Mps Eur3m+0,53 Lg27 Est Covered Call Eur;EUR;100000;Senior;;;29/07/2027;;
11/06/2024;MOT;EUROMOT;XS2799786848;Tamburi Fx 4.625% Jun29 Call Eur;EUR;1000;Senior;21/06/2024;;21/06/2029;;
10/06/2024;EUROTLX;EUROTLX;IT0005597395;B.P.Sondrio Green Mc Jun30 Call Eur;EUR;100000;Senior;;;04/06/2030;;
07/06/2024;EUROTLX;EUROTLX;XS2830523895;Illimity Fx 5.75% May27 Call Eur;EUR;100000;Senior;;;31/05/2027;;
07/06/2024;EUROTLX;EUROTLX;XS2761919005;Barclaysbank Mc Ind Link May29 Eur;EUR;1000;Senior;;;31/05/2029;;
07/06/2024;EUROTLX;EUROTLX;XS2746270003;Societegener Oc May26 Put Eur;EUR;1000;Senior;;;15/05/2026;;
07/06/2024;MOT;EUROMOT;FR001400QCA1;Oatei Fx Jul43 Eur;EUR;1;Senior;25/07/2023;;25/07/2043;;
05/06/2024;EUROTLX;EUROTLX;XS2740838755;Bnpparibasis Mc May29 Eur;EUR;1000;Senior;;;31/05/2029;;
05/06/2024;EUROTLX;EUROTLX;IT0005595373;Alperia Green Fx 4.75% Jun29 Call Eur;EUR;1000;Senior;;;05/06/2029;;
05/06/2024;EUROTLX;EUROTLX;DE000A383EL9;Hochtief Ag Fx 4.25% May30 Call Eur;EUR;1000;Senior;;;31/05/2030;;
04/06/2024;EUROTLX;EUROTLX;XS2826718087;Saipem Finan Fx 4.875% May30 Call Eur;EUR;100000;Senior;;;30/05/2030;;
03/06/2024;MOT;EUROMOT;XS2829810923;Romania Fx 5.625% May37 Eur;EUR;1000;Senior;30/05/2024;;30/05/2037;;
03/06/2024;MOT;EUROMOT;XS2829209720;Romania Fx 5.25% May32 Eur;EUR;1000;Senior;30/05/2024;;30/05/2032;;
03/06/2024;MOT;EUROMOT;AT0000A3D3Q8;Austria Fx 3.2% Jul39 Eur;EUR;100;Senior;29/05/2024;;15/07/2039;;
31/05/2024;EUROTLX;EUROTLX;IT0005582298;Bcc Cherasco Mc Feb29 Eur;EUR;1000;Senior;;;19/02/2029;;
31/05/2024;MOT;EUROMOT;PTOTE3OE0025;Portugal Fx 3.625% Jun54 Eur;EUR;1;Senior;29/05/2024;;12/06/2054;;
31/05/2024;MOT;EUROMOT;EU000A2SCAP4;Efsf Fx 2.875% May31 Eur;EUR;1000;Senior;28/05/2024;;28/05/2031;;
30/05/2024;MOT;EUROMOT;XS2821727802;Ebrd Zc May34 Call Try;TRY;10000;Senior;17/05/2024;;17/05/2034;;
29/05/2024;EUROTLX;EUROTLX;XS2824643220;Lottomaticas Fx 5.375% Jun30 Call Eur;EUR;100000;Senior;;;01/06/2030;;
29/05/2024;EUROTLX;EUROTLX;XS2824640713;Lottomaticas Fr Eur3m+3.25% Jun31 Call;EUR;100000;Senior;;;01/06/2031;;
28/05/2024;EUROTLX;EUROTLX;XS2824763044;Ferrari Nv Fx 3.625% May30 Call Eur;EUR;100000;Senior;;;21/05/2030;;
28/05/2024;EUROTLX;EUROTLX;IT0005596207;Unipolsai Fx 4.9% May34 T2 Call Eur;EUR;100000;Q;;;23/05/2034;;
27/05/2024;EUROTLX;EUROTLX;XS2816639095;Pachelbel Fr Eur3m+4.25% May31 Call Eur;EUR;100000;Senior;;;17/05/2031;;
27/05/2024;EUROTLX;EUROTLX;IT0005596363;Bper Banca Green Mc May31 Call Eur;EUR;100000;Senior;;;22/05/2031;;
27/05/2024;MOT;EUROMOT;XS2783648012;Ebrd Fx 6.75% Mar31 Inr;INR;500000;Senior;14/03/2024;;14/03/2031;;
24/05/2024;EUROTLX;EUROTLX;XS2821787962;Fiber Bidco Fx 6.125% Jun31 Call Eur;EUR;100000;Senior;;;15/06/2031;;
24/05/2024;EUROTLX;EUROTLX;XS2816638873;Pachelbel Fx 7.125% May31 Call Eur;EUR;100000;Senior;;;17/05/2031;;
24/05/2024;EUROTLX;EUROTLX;XS2815984732;Deutscheluft Fx 4% May30 Call Eur;EUR;1000;Senior;;;21/05/2030;;
24/05/2024;MOT;EUROMOT;EU000A3K4EY2;Eu Next Gen Fx 3.375% Oct54 Eur;EUR;1;Senior;21/05/2024;;05/10/2054;;
23/05/2024;EUROTLX;EUROTLX;XS2823825802;Bmw Int Inv Fx 3.5% Nov32 Eur;EUR;1000;Senior;;;17/11/2032;;
23/05/2024;EUROTLX;EUROTLX;XS2823825711;Bmw Int Inv Fx 3.25% Nov28 Eur;EUR;1000;Senior;;;17/11/2028;;
22/05/2024;EUROTLX;EUROTLX;IT0005596645;Unicredit Spa Fx 5.35% May34 Usd;USD;2000;Senior;;;22/05/2034;;
22/05/2024;EUROTLX;EUROTLX;IT0005596637;Unicredit Spa Sc May37 Call Eur;EUR;1000;Senior;;;22/05/2037;;
22/05/2024;MOT;DOMESTICMOT;IT0005596637;Unicredit Spa Sc May37 Call Eur;EUR;1000;Senior;22/05/2024;;22/05/2037;;
22/05/2024;MOT;EUROMOT;IT0005596645;Unicredit Spa Fx 5.35% May34 Usd;USD;2000;Senior;22/05/2024;;22/05/2034;;
21/05/2024;EUROTLX;EUROTLX;IT0005595787;Isp Fx 3.52% May26 Eur;EUR;100000;Senior;;;21/05/2026;;
21/05/2024;EUROTLX;EUROTLX;DE000A382988;Merc Int Fin Fx 3.25% Nov30 Eur;EUR;1000;Senior;;;15/11/2030;;
21/05/2024;EUROTLX;EUROTLX;DE000A382962;Merc Int Fin Fx 3.25% Sep27 Eur;EUR;1000;Senior;;;15/09/2027;;
21/05/2024;MOT;DOMESTICMOT;IT0005595373;Alperia Green Fx 4.75% Jun29 Call Eur;EUR;1000;Senior;05/06/2024;;05/06/2029;;
17/05/2024;EUROTLX;EUROTLX;XS2813846438;Societegener Sc May39 Call Usd;USD;2000;Senior;;;17/05/2039;;
17/05/2024;EUROTLX;EUROTLX;XS2813846354;Societegener Sc May39 Call Eur;EUR;1000;Senior;;;17/05/2039;;
17/05/2024;EUROTLX;EUROTLX;XS2761989982;Barclaysbank Oc May44 Call Usd;USD;1000;Senior;;;17/05/2044;;
17/05/2024;MOT;BTP;IT0005596470;Btp Green Fx 4.05% Oct37 Eur;EUR;1000;Senior;30/04/2024;;30/10/2037;;
16/05/2024;EUROTLX;EUROTLX;IT0005591109;Mediobanca Mc May30 Eur;EUR;1000;Senior;;;15/05/2030;;
15/05/2024;MOT;EUROMOT;XS2779805097;Ebrd Fx 25% Mar31 Try;TRY;1000;Senior;07/03/2024;;07/03/2031;;
15/05/2024;MOT;EUROMOT;US298785KC96;Bei Fx 4.75% Jun29 Usd;USD;1000;Senior;23/04/2024;;15/06/2029;;
15/05/2024;MOT;EUROMOT;DE000A382400;Kfw Fx 2.75% Feb31 Eur;EUR;1000;Senior;20/02/2024;;20/02/2031;;
14/05/2024;EUROTLX;EUROTLX;XS2292954893;Gs Group Fx 0.25% Jan28 Call Eur;EUR;1000;Senior;;;26/01/2028;;
14/05/2024;MOT;BTP;IT0005594483;Btp Valore Sc Mg30 Eur;EUR;1000;Senior;14/05/2024;;14/05/2030;;
13/05/2024;EUROTLX;EUROTLX;XS2759171254;Bnpparibasis Mc May32 Eur;EUR;1000;Senior;;;10/05/2032;;
13/05/2024;EUROTLX;EUROTLX;XS2759171171;Bnpparibasis Mc May32 Usd;USD;1000;Senior;;;10/05/2032;;
13/05/2024;EUROTLX;EUROTLX;XS1558078496;Egypt Fx 8.5% Jan47 Usd;USD;200000;Senior;;;31/01/2047;;
13/05/2024;MOT;BTP;IT0005595803;Btp Fx 3.45% Jul31 Eur;EUR;1000;Senior;15/05/2024;;15/07/2031;;
10/05/2024;EUROTLX;EUROTLX;XS2620212386;Engineering Fx 11.125% May28 Call Eur;EUR;100000;Senior;;;15/05/2028;;
10/05/2024;EUROTLX;EUROTLX;US925524AX89;Paramount Fx 6.875% Apr36 Call Usd;USD;2000;Senior;;;30/04/2036;;
10/05/2024;EUROTLX;EUROTLX;US097023BA22;Boeing Co Fx 5.875% Feb40 Call Usd;USD;2000;Senior;;;15/02/2040;;
07/05/2024;MOT;EUROMOT;XS2795696108;Ebrd Zc Apr36 Call Try;TRY;100000;Senior;05/04/2024;;05/04/2036;;
07/05/2024;MOT;EUROMOT;GR0138018842;Greece Fx 4.125% Jun54 Eur;EUR;1000;Senior;02/05/2024;;15/06/2054;;
07/05/2024;MOT;EUROMOT;FI4000571104;Finland Fx 3% Sep34 Eur;EUR;1000;Senior;30/04/2024;;15/09/2034;;
07/05/2024;MOT;EUROMOT;DE000BU35025;Bobl Green Fx 2.1% Apr29 Eur;EUR;1;Senior;18/01/2024;;12/04/2029;;
06/05/2024;EUROTLX;EUROTLX;XS2741493022;Bnpparibasis Mc Apr29 Eur;EUR;1000;Senior;;;30/04/2029;;
06/05/2024;EUROTLX;EUROTLX;XS2708205229;Gs Group Mc Apr29 Eur;EUR;1000;Senior;;;30/04/2029;;
06/05/2024;EUROTLX;EUROTLX;XS2295690742;Teamsystem Fx 3.5% Feb28 Call Eur;EUR;100000;Senior;;;15/02/2028;;
06/05/2024;EUROTLX;EUROTLX;IT0005589038;Mediobanca Mc Apr29 Eur;EUR;1000;Senior;;;30/04/2029;;
03/05/2024;MOT;EUROMOT;EU000A3LX098;Bei Fx 2.875% Oct31 Eur;EUR;1000;Senior;30/04/2024;;15/10/2031;;
03/05/2024;MOT;EUROMOT;EU000A3K4EW6;Eu Next Gen Fx 2.875% Dec27 Eur;EUR;1;Senior;30/04/2024;;06/12/2027;;
02/05/2024;MOT;EUROMOT;DE000BU22056;Schatz Fx 2.9% Jun26 Eur;EUR;1;Senior;25/04/2024;;18/06/2026;;
29/04/2024;EUROTLX;EUROTLX;IT0005593790;Bnl Fr Eur3m+0.51% Jul28 Est Covered Eur;EUR;100000;Senior;;;28/07/2028;;
29/04/2024;EUROTLX;EUROTLX;IT0005593782;Bnl Fr Eur3m+0.46% Jul27 Est Covered Eur;EUR;100000;Senior;;;28/07/2027;;
24/04/2024;EUROTLX;EUROTLX;XS2805530693;Ima Fr Apr29 Call Eur;EUR;100000;Senior;;;15/04/2029;;
24/04/2024;EUROTLX;EUROTLX;GB00BQC4R999;United Kingdom Fx 3.75% Jan38 Gbp;GBP;1;Senior;;;29/01/2038;;
24/04/2024;EUROTLX;EUROTLX;GB00BPJJKN53;United Kingdom Fx 4.625% Jan34 Gbp;GBP;1;Senior;;;31/01/2034;;
24/04/2024;EUROTLX;EUROTLX;GB00BPCJD997;United Kingdom Fx 3.75% Oct53 Gbp;GBP;1;Senior;;;22/10/2053;;
24/04/2024;EUROTLX;EUROTLX;GB00BMV7TC88;United Kingdom Fx 3.25% Jan33 Gbp;GBP;1;Senior;;;31/01/2033;;
24/04/2024;EUROTLX;EUROTLX;GB00BLPK7227;United Kingdom Fx 0.5% Jan29 Gbp;GBP;1;Senior;;;31/01/2029;;
24/04/2024;EUROTLX;EUROTLX;GB00BMF9LG83;United Kingdom Fx 4.5% Jun28 Gbp;GBP;1;Senior;;;07/06/2028;;
24/04/2024;EUROTLX;EUROTLX;GB00BLH38158;United Kingdom Fx 1.25% Jul51 Gbp;GBP;1;Senior;;;31/07/2051;;
24/04/2024;EUROTLX;EUROTLX;GB00BL6C7720;United Kingdom Fx 4.125% Jan27 Gbp;GBP;1;Senior;;;29/01/2027;;
24/04/2024;EUROTLX;EUROTLX;GB00B1VWPJ53;United Kingdom Fx 4.5% Dec42 Gbp;GBP;1;Senior;;;07/12/2042;;
24/04/2024;EUROTLX;EUROTLX;GB0032452392;United Kingdom Fx 4.25% Mar36 Gbp;GBP;1;Senior;;;07/03/2036;;
24/04/2024;EUROTLX;EUROTLX;GB0004893086;United Kingdom Fx 4.25% Jun32 Gbp;GBP;1;Senior;;;07/06/2032;;
24/04/2024;MOT;EUROMOT;FR001400PM68;Oat Fx 2.75% Feb30 Eur;EUR;1;Senior;25/02/2024;;25/02/2030;;
22/04/2024;MOT;EUROMOT;XS2708198267;Gs Group Fx 6.1% Apr34 Call Usd;USD;100;Senior;19/04/2024;;19/04/2034;;
22/04/2024;MOT;EUROMOT;XS2708197533;Gs Group Fx 5.3% Apr34 Usd;USD;100;Senior;19/04/2024;;19/04/2034;;
19/04/2024;EUROTLX;EUROTLX;XS2804485915;Isp Fx 3.625% Oct30 Call Eur;EUR;100000;Senior;;;16/10/2030;;
19/04/2024;EUROTLX;EUROTLX;XS2804483381;Isp Fr Eur3m+0.6% Apr27 Call Eur;EUR;100000;Senior;;;16/04/2027;;
19/04/2024;EUROTLX;EUROTLX;XS2802892054;Porscheautom Fx 4.125% Sep32 Call Eur;EUR;1000;Senior;;;27/09/2032;;
19/04/2024;EUROTLX;EUROTLX;XS2802891833;Porscheautom Fx 3.75% Sep29 Call Eur;EUR;1000;Senior;;;27/09/2029;;
18/04/2024;EUROTLX;EUROTLX;IT0005592818;Unicredit Spa Mc Apr37 Eur;EUR;10000;Senior;;;17/04/2037;;
18/04/2024;MOT;DOMESTICMOT;IT0005592818;Unicredit Spa Mc Apr37 Eur;EUR;10000;Senior;17/04/2024;;17/04/2037;;
18/04/2024;MOT;EUROMOT;BE0000362716;Belgium Fx 2.7% Oct29 Eur;EUR;1;Senior;16/04/2024;;22/10/2029;;
17/04/2024;EUROTLX;EUROTLX;XS1980255936;Egypt Fx 6.375% Apr31 Eur;EUR;100000;Senior;;;11/04/2031;;
17/04/2024;EUROTLX;EUROTLX;US715638AU64;Peru Fx 6.55% Mar37 Amort Usd;USD;1000;Senior;;;14/03/2037;;
17/04/2024;EUROTLX;EUROTLX;IT0005585341;Unicredit Spa Fx 3% Apr28 Eur;EUR;10000;Senior;;;10/04/2028;;
16/04/2024;MOT;EUROMOT;DE000BU2F009;Bund Fx 2.6% May41 Eur;EUR;1;Senior;12/04/2024;;15/05/2041;;
15/04/2024;EUROTLX;EUROTLX;XS2795420293;Evoca Fr Eur3m+5.25% Apr29 Call Eur;EUR;100000;Senior;;;09/04/2029;;
15/04/2024;EUROTLX;EUROTLX;XS2742975738;Barclaysbank Oc Apr44 Call Eur;EUR;1000;Senior;;;19/04/2044;;
15/04/2024;MOT;EUROMOT;XS2485814680;Ebrd Fx 30% May27 Try;TRY;1000;Senior;26/05/2022;;26/05/2027;;
12/04/2024;EUROTLX;EUROTLX;XS0461569278;Deutschebank Green Fx3.63% Apr30call Eur;EUR;1000;Senior;;;12/04/2030;;
12/04/2024;EUROTLX;EUROTLX;US651229AY21;Newell Brands Mc C.P Apr46 Call Usd;USD;2000;Senior;;;01/04/2046;;
12/04/2024;EUROTLX;EUROTLX;IT0005591844;Isp Fx 4.03% Apr34 Eur;EUR;100000;Senior;;;12/04/2034;;
08/04/2024;EUROTLX;EUROTLX;IT0005583064;Banco Bpm Spa Mc Ind Link Mar29 Eur;EUR;1000;Senior;;;28/03/2029;;
08/04/2024;EUROTLX;EUROTLX;FR001400P3E2;Rci Banque Fx 4.125% Apr31 Call Eur;EUR;1000;Senior;;;04/04/2031;;
08/04/2024;EUROTLX;EUROTLX;FR001400P3D4;Rci Banque Fx 3.75% Oct27 Call Eur;EUR;1000;Senior;;;04/10/2027;;
05/04/2024;MOT;EUROMOT;XS2471066188;World Bank Sustain Fx 4.75% Apr27 Php;PHP;100000;Senior;22/04/2022;;22/04/2027;;
04/04/2024;EUROTLX;EUROTLX;XS2011534844;Bnpparibasis Mc Mar29 Eur;EUR;1000;Senior;;;28/03/2029;;
03/04/2024;EUROTLX;EUROTLX;IT0005584088;Mediobanca Mc Mar29 Eur;EUR;1000;Senior;;;28/03/2029;;
02/04/2024;EUROTLX;EUROTLX;XS2734972263;Barclaysbank Oc Apr44 Call Usd;USD;1000;Senior;;;04/04/2044;;
02/04/2024;EUROTLX;EUROTLX;IT0005581530;Mediobanca Mc Mar29 Eur;EUR;1000;Senior;;;28/03/2029;;
28/03/2024;EUROTLX;EUROTLX;IT0005584864;Isp Fx 3.4% Mar29 Eur;EUR;;Senior;;;28/03/2029;;
28/03/2024;MOT;EUROMOT;EU000A3K4EU0;Eu Next Gen Green Fx 3.25% Feb50 Eur;EUR;1;Senior;26/03/2024;;04/02/2050;;
27/03/2024;EUROTLX;EUROTLX;XS2791960664;E On Se Green Fx 4.125% Mar44 Call Eur;EUR;;Senior;;;25/03/2044;;
27/03/2024;EUROTLX;EUROTLX;XS2791959906;E On Se Fx 3.5% Mar32 Call Eur;EUR;;Senior;;;25/03/2032;;
27/03/2024;EUROTLX;EUROTLX;IT0005583593;Unicredit Spa Fx 4.3% Mar34 Call Eur;EUR;;Senior;;;20/03/2034;;
25/03/2024;EUROTLX;EUROTLX;XS2788600869;Deutschetele Fx 3.25% Mar36 Call Eur;EUR;;Senior;;;20/03/2036;;
25/03/2024;EUROTLX;EUROTLX;XS2787827604;Stellantisnv Green Fx3.75% Mar36call Eur;EUR;;Senior;;;19/03/2036;;
25/03/2024;EUROTLX;EUROTLX;XS2787827190;Stellantis Nv Fx 3.5% Sep30 Call Eur;EUR;;Senior;;;19/09/2030;;
25/03/2024;EUROTLX;EUROTLX;XS2455938212;Alerion Green Fx 3.5% May28 Call Eur;EUR;;Senior;;;17/05/2028;;
25/03/2024;MOT;DOMESTICMOT;IT0005580052;Mediobanca Fx 4.25% Feb34 Call Eur;EUR;1000;Senior;13/03/2024;;28/02/2034;;
25/03/2024;MOT;EUROMOT;EU000A1Z99T1;Esm Fx 2.625% Sep29 Eur;EUR;1;Senior;18/03/2024;;18/09/2029;;
22/03/2024;EUROTLX;EUROTLX;XS2583390021;Cacib Fs Fx 3.2% Mar28 Eur;EUR;;Senior;;;15/03/2028;;
22/03/2024;EUROTLX;EUROTLX;IT0005586729;Banco Bpm Spa Mc Jun34 T2 Call Eur;EUR;;Q;;;18/06/2034;;
22/03/2024;MOT;EUROMOT;XS2553072153;Ifc Zc Nov47 Mxn;MXN;25000;Senior;07/11/2022;;07/11/2047;;
22/03/2024;MOT;EUROMOT;XS2017796694;World Bank Green Fx 7.07% Jun29 Mxn;MXN;100000;Senior;26/06/2019;;26/06/2029;;
22/03/2024;MOT;EUROMOT;US298785KB14;Bei Fx 4.375% Mar27 Usd;USD;1000;Senior;12/03/2024;;19/03/2027;;
22/03/2024;MOT;BTP;IT0005588881;Btpi Fx May36 Eur;EUR;1000;Senior;15/11/2023;;15/05/2036;;
21/03/2024;MOT;EUROMOT;US731011AZ55;Poland Fx 5.5% Mar54 Call Usd;USD;1000;Senior;18/03/2024;;18/03/2054;;
21/03/2024;MOT;EUROMOT;US731011AY80;Poland Fx 5.125% Sep34 Call Usd;USD;1000;Senior;18/03/2024;;18/09/2034;;
21/03/2024;MOT;EUROMOT;US731011AX08;Poland Fx 4.625% Mar29 Call Usd;USD;1000;Senior;18/03/2024;;18/03/2029;;
20/03/2024;EUROTLX;EUROTLX;XS2785686523;Bmps Mc Mar29 Call Eur;EUR;;Senior;;;15/03/2029;;
20/03/2024;EUROTLX;EUROTLX;IT0005586893;Mediobanca Mc Jul30 Call Eur;EUR;;Senior;;;04/07/2030;;
18/03/2024;EUROTLX;EUROTLX;XS2781410712;B.P.Sondrio Mc Mar34 T2 Call Eur;EUR;;Q;;;13/03/2034;;
18/03/2024;EUROTLX;EUROTLX;XS2728016739;Barclaysbank Mc Mar40 Call Eur;EUR;;Senior;;;19/03/2040;;
18/03/2024;MOT;EUROMOT;XS2722876609;Latvia Fx 3.875% May29 Eur;EUR;1000;Senior;22/11/2023;;22/05/2029;;
14/03/2024;EUROTLX;EUROTLX;XS2782313212;Isp Sc Mar34 Usd;USD;;Senior;;;13/03/2034;;
14/03/2024;EUROTLX;EUROTLX;XS2782311273;Isp Sc Mar31 Usd;USD;;Senior;;;13/03/2031;;
14/03/2024;MOT;EUROMOT;XS2782313212;Isp Sc Mar34 Usd;USD;2000;Senior;13/03/2024;;13/03/2034;;
14/03/2024;MOT;EUROMOT;XS2782311273;Isp Sc Mar31 Usd;USD;2000;Senior;13/03/2024;;13/03/2031;;
13/03/2024;MOT;EUROMOT;US459058LA95;World Bank Sustainable Fx 4% Jan31 Usd;USD;1000;Senior;10/01/2024;;10/01/2031;;
13/03/2024;MOT;EUROMOT;US459058KW25;World Bank Sustain Fx 4.625% Aug28 Usd;USD;1000;Senior;26/09/2023;;01/08/2028;;
13/03/2024;MOT;EUROMOT;US298785JT41;Bei Sustainable Fx 3.25% Nov27 Usd;USD;1000;Senior;30/08/2022;;15/11/2027;;
11/03/2024;EUROTLX;EUROTLX;XS2778370051;Metro Ag Fx 4.625% Mar29 Call Eur;EUR;;Senior;;;07/03/2029;;
11/03/2024;EUROTLX;EUROTLX;IT0005585853;Unicredit Spa Oc Mar37 Eur;EUR;;Senior;;;11/03/2037;;
11/03/2024;EUROTLX;EUROTLX;IT0005565962;Cr Fossano Mc Oct26 Eur;EUR;;Senior;;;02/10/2026;;
11/03/2024;MOT;DOMESTICMOT;IT0005585853;Unicredit Spa Oc Mar37 Eur;EUR;10000;Senior;11/03/2024;;11/03/2037;;
08/03/2024;EUROTLX;EUROTLX;IT0005585051;Unicredit Spa Fx 4% Mar34 Call Eur;EUR;;Senior;;;05/03/2034;;
08/03/2024;MOT;EUROMOT;EU000A3LVAL6;Bei Fx 2.75% Jul29 Eur;EUR;1000;Senior;05/03/2024;;17/07/2029;;
07/03/2024;MOT;EUROMOT;FR001400OHF4;Oat Fx 3.25% May55 Eur;EUR;1;Senior;25/05/2023;;25/05/2055;;
06/03/2024;EUROTLX;EUROTLX;XS2775027472;Autostrade Sdglink Fx4.625%Feb36call Eur;EUR;100000;Senior;;;28/02/2036;;
06/03/2024;EUROTLX;EUROTLX;XS2775027043;Autostrade Sdglink Fx4.25%Jun32 Call Eur;EUR;100000;Senior;;;28/06/2032;;
06/03/2024;EUROTLX;EUROTLX;XS2746361901;Societegener Sc Mar39 Call Eur;EUR;1000;Senior;;;07/03/2039;;
06/03/2024;EUROTLX;EUROTLX;XS2701367372;Bnpparibasis Mc Feb29 Autocall Eur;EUR;1000;Senior;;;28/02/2029;;
06/03/2024;EUROTLX;EUROTLX;IT0005580508;Banco Bpm Spa Mc Ind Link Feb29 Eur;EUR;1000;Senior;;;28/02/2029;;
05/03/2024;MOT;BTP;IT0005583486;Btp Valore Sc Mz30 Eur;EUR;1000;Senior;05/03/2024;;05/03/2030;;
04/03/2024;EUROTLX;EUROTLX;XS2746209274;Sg Issuer Fr Mar27 Eur;EUR;;Senior;;;01/03/2027;;
04/03/2024;EUROTLX;EUROTLX;XS2700690964;Barclaysbank Mc Mar29 Eur;EUR;;Senior;;;05/03/2029;;
04/03/2024;EUROTLX;EUROTLX;IT0005573990;Banco Bpm Spa Mc Ind Link Jan29 Eur;EUR;;Senior;;;31/01/2029;;
04/03/2024;MOT;EUROMOT;XS2708218800;Gs Group Sc Mar27 Eur;EUR;100;Senior;01/03/2024;;01/03/2027;;
01/03/2024;EUROTLX;EUROTLX;IT0005584260;Banca Ifis Fx 5.5% Feb29 Call Eur;EUR;;Senior;;;27/02/2029;;
29/02/2024;MOT;EUROMOT;XS2751681730;Ifc Fx 9% Jan36 Zar;ZAR;10000;Senior;22/01/2024;;22/01/2036;;
29/02/2024;MOT;EUROMOT;EU000A3K4ES4;Eu Mfa Ukr Next Gen Fx 3% Dec34 Eur;EUR;1;Senior;27/02/2024;;04/12/2034;;
29/02/2024;MOT;BTP;IT0005584856;Btp Fx 3.85% Jul34 Eur;EUR;1000;Senior;01/03/2024;;01/07/2034;;
29/02/2024;MOT;BTP;IT0005584849;Btp Fx 3.35% Jul29 Eur;EUR;1000;Senior;01/03/2024;;01/07/2029;;
26/02/2024;EUROTLX;EUROTLX;XS2767499275;Snam Spa Green Fx 3.375% Feb28 Call Eur;EUR;;Senior;;;19/02/2028;;
26/02/2024;MOT;EUROMOT;XS2770921315;Romania Green Fx 5.625% Feb36 Eur;EUR;1000;Senior;22/02/2024;;22/02/2036;;
26/02/2024;MOT;EUROMOT;XS2770920937;Romania Fx 5.375% Mar31 Eur;EUR;1000;Senior;22/02/2024;;22/03/2031;;
23/02/2024;EUROTLX;EUROTLX;XS2750224201;Mediobanca Fx 3.1% Feb29 Eur;EUR;1000;Senior;;;16/02/2029;;
23/02/2024;EUROTLX;EUROTLX;IT0005583460;Bper Banca Green Mc Feb30 Call Eur;EUR;100000;Senior;;;20/02/2030;;
22/02/2024;EUROTLX;EUROTLX;XS2749779067;Mediobanca Sc Feb30 Eur;EUR;;Senior;;;21/02/2030;;
22/02/2024;EUROTLX;EUROTLX;XS2749779810;Mediobanca Fx 4.6% Feb28 Usd;USD;;Senior;;;21/02/2028;;
22/02/2024;EUROTLX;EUROTLX;AU0000249302;Australia Fx 3.75% May34 Aud;AUD;;Senior;;;21/05/2034;;
21/02/2024;MOT;EUROMOT;XS2765026468;Ebrd Fx 27.5% Feb29 Try;TRY;10000;Senior;13/02/2024;;13/02/2029;;
20/02/2024;MOT;EUROMOT;XS2765024414;World Bank Sustain Fx 2.9% Feb34 Eur;EUR;1000;Senior;14/02/2024;;14/02/2034;;
20/02/2024;MOT;EUROMOT;US298785KA31;Bei Fx 4.125% Feb34 Usd;USD;1000;Senior;13/02/2024;;13/02/2034;;
19/02/2024;EUROTLX;EUROTLX;XS2764405432;Exor Nv Fx 3.75% Feb33 Call Eur;EUR;100000;Senior;;;14/02/2033;;
19/02/2024;EUROTLX;EUROTLX;XS2760773411;Italgas Spa Fx 3.125% Feb29 Call Eur;EUR;100000;Senior;;;08/02/2029;;
19/02/2024;EUROTLX;EUROTLX;IT0005583643;Unicredit Spa Mc Feb37 Eur;EUR;;Senior;;;19/02/2037;;
19/02/2024;MOT;DOMESTICMOT;IT0005583643;Unicredit Spa Mc Feb37 Eur;EUR;10000;Senior;19/02/2024;;19/02/2037;;
19/02/2024;MOT;EUROMOT;XS2760775549;Rentenbank Fx 4.125% Feb31 Usd;USD;1000;Senior;06/02/2024;;06/02/2031;;
19/02/2024;MOT;EUROMOT;EU000A2SCAN9;Efsf Fx 2.875% Feb34 Eur;EUR;1000;Senior;13/02/2024;;13/02/2034;;
16/02/2024;EUROTLX;EUROTLX;IT0005556961;Bcc Pianfei Sc Jul26 Eur;EUR;1000;Senior;;;24/07/2026;;
16/02/2024;MOT;EUROMOT;BE0000361700;Belgium Fx 3.5% Jun55 Eur;EUR;1;Senior;14/02/2024;;22/06/2055;;
15/02/2024;MOT;EUROMOT;XS2749786195;World Bank Sustain Fx 7% Jan31 Inr;INR;500000;Senior;;;25/01/2031;;
15/02/2024;MOT;EUROMOT;ES0000012M93;Obligaciones Fx 4% Oct54 Eur;EUR;1000;Senior;;;31/10/2054;;
14/02/2024;MOT;EUROMOT;NZIBDDT021C7;World Bank Sustain Fx 4.625% Feb28 Nzd;NZD;1000;Senior;02/02/2023;;02/02/2028;;
14/02/2024;MOT;EUROMOT;NZIBDDT019C1;World Bank Sustain Fx 2.875% Nov26 Nzd;NZD;1000;Senior;30/11/2021;;30/11/2026;;
14/02/2024;MOT;EUROMOT;NZIBDDT018C3;World Bank Sustain Fx 1.625% May28 Nzd;NZD;1000;Senior;10/05/2021;;10/05/2028;;
12/02/2024;EUROTLX;EUROTLX;XS2708005215;Bnpparibasis Mc Feb34 Call Usd;USD;;Senior;;;12/02/2034;;
12/02/2024;EUROTLX;EUROTLX;XS2708003863;Bnpparibasis Mc Feb34 Call Eur;EUR;;Senior;;;12/02/2034;;
12/02/2024;MOT;EUROMOT;NL0015001XZ6;Netherlands Fx 2.5% Jul34 Eur;EUR;1;Senior;;;15/07/2034;;
09/02/2024;MOT;EUROMOT;XS2758730555;Kfw Green Fx 3.875% Feb29 Nok;NOK;10000;Senior;;;15/02/2029;;
09/02/2024;MOT;EUROMOT;XS2747198187;Afdb Zc Jan44 Zar;ZAR;500000;Senior;;;19/01/2044;;
09/02/2024;MOT;EUROMOT;XS2585171569;Aiib Zc Feb38 Mxn;MXN;100000;Senior;;;08/02/2038;;
09/02/2024;MOT;EUROMOT;XS2582870700;Afdb Zc Feb53 Mxn;MXN;10000;Senior;;;03/02/2053;;
09/02/2024;MOT;EUROMOT;US222213BE97;Coe Fx 4.125% Jan29 Usd;USD;1000;Senior;;;24/01/2029;;
09/02/2024;MOT;EUROMOT;EU000A3LT492;Bei Fx 3% Feb39 Eur;EUR;1000;Senior;;;15/02/2039;;
09/02/2024;MOT;EUROMOT;CA459058LB70;World Bank Sustainable Fx 3.5% Jan29;CAD;1000;Senior;;;12/01/2029;;
08/02/2024;EUROTLX;EUROTLX;XS2758880798;Iccrea Banca Social Mc Feb30 Call Eur;EUR;100000;N;;;05/02/2030;;
08/02/2024;MOT;EUROMOT;XS2610236528;Coe Social Fx 2.875% Apr30 Eur;EUR;1000;N;;;13/04/2030;;
08/02/2024;MOT;EUROMOT;XS2587748174;Rentenbank Fx 2.75% Feb32 Eur;EUR;1000;N;;;16/02/2032;;
08/02/2024;MOT;EUROMOT;XS2500341990;Rentenbank Green Fx 1.9% Jul32 Eur;EUR;1000;N;12/07/2022;;12/07/2032;;
08/02/2024;MOT;EUROMOT;GR0124040743;Greece Fx 3.375% Jun34 Eur;EUR;1000;N;;;15/06/2034;;
08/02/2024;MOT;EUROMOT;EU000A1Z99Q7;Esm Fx 1% Jun27 Eur;EUR;1;N;23/05/2022;;23/06/2027;;
08/02/2024;MOT;EUROMOT;DE000BU2D004;Bund Fx 2.5% Aug54 Eur;EUR;1;N;;;15/08/2054;;
07/02/2024;EUROTLX;EUROTLX;XS2700673440;Barclaysbank Oc Feb39 Call Eur;EUR;1000;N;;;07/02/2039;;
07/02/2024;EUROTLX;EUROTLX;XS2680134827;Bnpparibasis Mc Jan29 Autocall Eur;EUR;1000;N;;;31/01/2029;;
07/02/2024;EUROTLX;EUROTLX;IT0005578528;Unicredit Spa Mc Jan29 Call Eur;EUR;150000;N;;;31/01/2029;;
07/02/2024;EUROTLX;EUROTLX;DE000A3LT431;Bmw Us Cap Fx 3% Nov27 Eur;EUR;1000;N;;;02/11/2027;;
07/02/2024;EUROTLX;EUROTLX;DE000A3LT423;Bmw Us Cap Fx 3.375% Feb34 Eur;EUR;1000;N;;;02/02/2034;;
06/02/2024;EUROTLX;EUROTLX;XS2746182646;Sg Issuer Oc Feb34 Autocall Eur;EUR;1000;N;;;06/02/2034;;
05/02/2024;EUROTLX;EUROTLX;XS2692114403;Gsi Oc Ind Link Jan29 Eur;EUR;1000;N;;;31/01/2029;;
05/02/2024;MOT;BTP;IT0005582421;Btp Fx 4.15% Oct39 Eur;EUR;1000;N;;;01/10/2039;;
02/02/2024;EUROTLX;EUROTLX;XS2750308483;Mundys Spa Sdg Link Fx4.75%Jan29call Eur;EUR;100000;N;;;24/01/2029;;
02/02/2024;MOT;EUROMOT;XS2753429047;Hungary Green Fx 4% Jul29 Eur;EUR;1000;N;;;25/07/2029;;
01/02/2024;EUROTLX;EUROTLX;XS2741344613;Mediobanca Fx 3.3% Jan29 Eur;EUR;;N;;;31/01/2029;;
01/02/2024;EUROTLX;EUROTLX;XS2741304823;Mediobanca Mc Jan31 Eur;EUR;;N;;;31/01/2031;;
01/02/2024;EUROTLX;EUROTLX;XS2395061273;Sg Issuer Oc Ind Link Jan29 Eur;EUR;;N;;;29/01/2029;;
31/01/2024;EUROTLX;EUROTLX;XS0461503251;Deutschebank Fr Jan29 Eur;EUR;;N;;;31/01/2029;;
31/01/2024;MOT;EUROMOT;XS2756383233;Ebrd Fx 30% Jan27 Try;TRY;1000;N;;;29/01/2027;;
31/01/2024;MOT;EUROMOT;XS2582388349;World Bank Sustainable Zc Feb38 Brl;BRL;10000;N;;;08/02/2038;;
30/01/2024;EUROTLX;EUROTLX;DE000A3827R4;Sixt Se Fx 3.75% Jan29 Call Eur;EUR;1000;N;;;25/01/2029;;
30/01/2024;MOT;EUROMOT;EU000A3LTF25;Bei Green Fx 3.625% Jul29 Nok;NOK;10000;N;;;23/07/2029;;
29/01/2024;EUROTLX;EUROTLX;XS2747600109;E On Se Green Fx 3.75% Jan36 Call Eur;EUR;1000;Senior;;;15/01/2036;;
29/01/2024;MOT;EUROMOT;FR001400NEF3;Oat Green Fx 3% Jun49 Eur;EUR;1;N;;;25/06/2049;;
29/01/2024;MOT;EUROMOT;FR001400NBC6;Oat Fx 2.5% Sep27 Eur;EUR;1;N;;;24/09/2027;;
29/01/2024;MOT;EUROMOT;FI4000566294;Finland Fx 2.95% Apr55 Eur;EUR;1000;N;;;15/04/2055;;
29/01/2024;MOT;EUROMOT;AT0000A39UW5;Austria Fx 2.9% Feb34 Eur;EUR;100;N;;;20/02/2034;;
26/01/2024;EUROTLX;EUROTLX;XS2725942523;Mediobanca Fx 4% Jan29 Eur;EUR;95;N;;;25/01/2029;;
26/01/2024;EUROTLX;EUROTLX;XS2700605285;Barclaysbank Oc Jan44 Call Eur;EUR;;N;;;26/01/2044;;
26/01/2024;EUROTLX;EUROTLX;IT0005580656;Unicredit Spa Mc Jan31 Call Eur;EUR;;N;;;23/01/2031;;
25/01/2024;EUROTLX;EUROTLX;XS2751666699;Enel Fin Sdglink Fx3.875% Jan35 Call Eur;EUR;;N;;;23/01/2035;;
25/01/2024;EUROTLX;EUROTLX;XS2751666426;Enel Fin Sdglink Fx3.375% Jul28 Call Eur;EUR;;N;;;23/07/2028;;
25/01/2024;EUROTLX;EUROTLX;XS2747600018;E On Se Green Fx 3.375% Jan31 Call Eur;EUR;1000;Senior;;;15/01/2031;;
25/01/2024;EUROTLX;EUROTLX;XS2361258317;Illimity Mc Oct31 T2 Call Eur;EUR;100000;Q;;;07/10/2031;;
25/01/2024;MOT;EUROMOT;DE000BU25026;Bobl Fx 2.1% Apr29 Eur;EUR;1;N;;;12/04/2029;;
24/01/2024;EUROTLX;EUROTLX;XS2748847204;Terna Fx 3.5% Jan31 Call Eur;EUR;;N;;;17/01/2031;;
24/01/2024;EUROTLX;EUROTLX;IT0005580573;Mediobanca Mc Apr34 T2 Call Eur;EUR;200000;Q;;;22/04/2034;;
24/01/2024;MOT;EUROMOT;XS2552850096;Gs Group Sc Jan34 Call Eur;EUR;1000;N;;;22/01/2034;;
24/01/2024;MOT;EUROMOT;XS2521888789;Gs Group Sc Jan34 Call Usd;USD;1000;N;;;22/01/2034;;
24/01/2024;MOT;EUROMOT;BE0000360694;Belgium Fx 2.85% Oct34 Eur;EUR;1;N;;;22/10/2034;;
23/01/2024;EUROTLX;EUROTLX;IT0005580136;Banco Bpm Spa Green Mc Jan30 Call Eur;EUR;;N;;;17/01/2030;;
23/01/2024;MOT;EUROMOT;US298785JZ01;Bei Fx 4% Feb29 Usd;USD;1000;N;;;15/02/2029;;
23/01/2024;MOT;EUROMOT;IE000LQ7YWY4;Ireland Fx 2.6% Oct34 Eur;EUR;1;N;;;18/10/2034;;
23/01/2024;MOT;EUROMOT;EU000A3LS460;Bei Green Fx 2.75% Jan34 Eur;EUR;1000;N;;;16/01/2034;;
23/01/2024;MOT;EUROMOT;EU000A2SCAM1;Efsf Fx 2.625% Jul29 Eur;EUR;1000;N;;;16/07/2029;;
22/01/2024;EUROTLX;EUROTLX;XS2743711298;Rwe Ag Green Fx 3.625% Jan32 Call Eur;EUR;1000;N;;;10/01/2032;;
22/01/2024;EUROTLX;EUROTLX;IT0005580102;Unicredit Spa Mc Apr34 T2 Call Eur;EUR;200000;Q;;;16/04/2034;;
22/01/2024;EUROTLX;EUROTLX;FR001400N3F1;Rci Banque Fx 3.875% Jan29 Call Eur;EUR;1000;N;;;12/01/2029;;
19/01/2024;MOT;EUROMOT;ES0000012M85;Obligaciones Fx 3.25% Apr34 Eur;EUR;1000;N;;;30/04/2034;;
18/01/2024;EUROTLX;EUROTLX;XS2739132897;Eni Spa Fx 3.875% Jan34 Call Eur;EUR;;N;;;15/01/2034;;
17/01/2024;MOT;EUROMOT;XS2746103014;Poland Fx 4.125% Jan44 Eur;EUR;1000;N;;;11/01/2044;;
17/01/2024;MOT;EUROMOT;XS2746102479;Poland Fx 3.625% Jan34 Eur;EUR;1000;N;;;11/01/2034;;
17/01/2024;MOT;EUROMOT;PTOTESOE0021;Portugal Fx 2.875% Oct34 Eur;EUR;1;N;;;20/10/2034;;
17/01/2024;MOT;EUROMOT;DE000BU2Z023;Bund Fx 2.2% Feb34 Eur;EUR;1;N;;;15/02/2034;;
16/01/2024;EUROTLX;EUROTLX;XS2747590896;Generali Green Fx 3.212% Jan29 Call Eur;EUR;;N;;;15/01/2029;;
16/01/2024;EUROTLX;EUROTLX;XS2747596315;Generali Green Fx 3.547% Jan34 Call Eur;EUR;;N;;;15/01/2034;;
15/01/2024;EUROTLX;EUROTLX;XS2745726047;Vw Leasing Green Fx 4% Apr31 Eur;EUR;;N;;;11/04/2031;;
15/01/2024;EUROTLX;EUROTLX;XS2745706445;Isp Sc Jan32 Gbp;GBP;;N;;;12/01/2032;;
15/01/2024;EUROTLX;EUROTLX;XS2745725155;Vw Leasing Green Fx 3.875% Oct28 Eur;EUR;;N;;;11/10/2028;;
15/01/2024;EUROTLX;EUROTLX;XS2745705637;Isp Sc Jan32 Usd;USD;;N;;;12/01/2032;;
15/01/2024;EUROTLX;EUROTLX;XS2745344601;Vw Leasing Green Fx 3.625% Oct26 Eur;EUR;;N;;;11/10/2026;;
15/01/2024;EUROTLX;EUROTLX;XS2694320396;Barclaysbank Mc Jan34 Eur;EUR;;N;;;15/01/2034;;
15/01/2024;MOT;EUROMOT;XS2745706445;Isp Sc Jan32 Gbp;GBP;1000;N;;;12/01/2032;;
15/01/2024;MOT;EUROMOT;XS2745705637;Isp Sc Jan32 Usd;USD;2000;N;;;12/01/2032;;
15/01/2024;MOT;EUROMOT;ES0000012M77;Bonos Fx 2.5% May27 Eur;EUR;1000;N;;;31/05/2027;;
12/01/2024;MOT;BTP;IT0005580094;Btp Fx 3.5% Feb31 Eur;EUR;1000;N;;;15/02/2031;;
12/01/2024;MOT;BTP;IT0005580045;Btp Fx 2.95% Feb27 Eur;EUR;1000;N;;;15/02/2027;;
10/01/2024;EUROTLX;EUROTLX;IT0005579534;Unicredit Spa Sc Jan34 Call Eur;EUR;;N;;;10/01/2034;;
10/01/2024;EUROTLX;EUROTLX;IT0005521171;Eni Spa Sdg Linked Fx 4.3% Feb28 Eur;EUR;;N;;;10/02/2028;;
10/01/2024;MOT;DOMESTICMOT;IT0005579534;Unicredit Spa Sc Jan34 Call Eur;EUR;10000;N;;;10/01/2034;;
08/01/2024;EUROTLX;EUROTLX;XS2699738113;Societegener Oc Jan39 Call Usd;USD;2000;N;;;05/01/2039;;
05/01/2024;EUROTLX;EUROTLX;XS2316244065;Cacib Fs Mc Jan31 Call Eur;EUR;;N;;;03/01/2031;;
28/12/2023;EUROTLX;EUROTLX;XS2725838465;Mediobanca Mc Dec28 Eur;EUR;;N;;;28/12/2028;;
22/12/2023;EUROTLX;EUROTLX;IT0005577082;Isp Fr Eur3m+1.04% Dec28 Eur;EUR;;N;;;22/12/2028;;
21/12/2023;EUROTLX;EUROTLX;XS2736020467;Mediobanca Fx 5.25% Dec28 Usd;USD;;N;;;20/12/2028;;
19/12/2023;EUROTLX;EUROTLX;IT0005575474;Bmps Fx 3.75% Jan27 Est Covered Call Eur;EUR;;N;;;29/01/2027;;
19/12/2023;MOT;EUROMOT;XS2716750547;World Bank Sustainable Zc Nov38 Brl;BRL;10000;N;;;10/11/2038;;
19/12/2023;MOT;EUROMOT;XS2332976237;Bei Green Fx 1% Feb27 Pln;PLN;1000;N;15/02/2022;;15/02/2027;;
19/12/2023;MOT;EUROMOT;US222213BC32;Coe Social Fx 3.75% May26 Usd;USD;1000;N;25/05/2023;;25/05/2026;;
19/12/2023;MOT;EUROMOT;US222213BB58;Coe Fx 3.625% Jan28 Usd;USD;1000;N;26/01/2023;;26/01/2028;;
19/12/2023;MOT;EUROMOT;US04522KAK25;Aiib Sustainable Fx 4.875% Sep26 Usd;USD;1000;N;;;14/09/2026;;
15/12/2023;EUROTLX;EUROTLX;XS2552837317;Gs Group Fx 4.8% Oct29 Call Eur;EUR;;N;;;31/10/2029;;
12/12/2023;EUROTLX;EUROTLX;XS2717294487;Alerion Clean Green Fx6.75%Dec29 Calleur;EUR;;N;;;12/12/2029;;
08/12/2023;EUROTLX;EUROTLX;XS2662197842;Barclaysbank Mc Dec28 Eur;EUR;1000;N;;;08/12/2028;;
08/12/2023;MOT;EUROMOT;US45950KDF49;Ifc Social Fx 4.375% Jan27 Usd;USD;1000;N;;;15/01/2027;;
06/12/2023;EUROTLX;EUROTLX;XS2729836234;Mediobanca Mc Feb30 Call Eur;EUR;100000;N;;;01/02/2030;;
06/12/2023;MOT;EUROMOT;ES0000012M69;Obligacionesei 2.05% Nov39 Eur;EUR;1000;N;30/11/2022;;30/11/2039;;
05/12/2023;EUROTLX;EUROTLX;IT0005568719;Cdp Mc Dec29 Eur;EUR;;N;;;04/12/2029;;
04/12/2023;EUROTLX;EUROTLX;XS0460111049;Deutschebank Mc Dec27 Eur;EUR;;N;;;03/12/2027;;
04/12/2023;EUROTLX;EUROTLX;IT0005572166;Banco Bpm Social Fx 4.625% Nov27 Calleur;EUR;;N;;;29/11/2027;;
04/12/2023;MOT;DOMESTICMOT;IT0005568719;Cdp Mc Dec29 Eur;EUR;1000;N;;;04/12/2029;;
04/12/2023;MOT;EUROMOT;XS2726911931;Poland Fx 3.625% Nov30 Eur;EUR;1000;N;;;29/11/2030;;
04/12/2023;MOT;EUROMOT;XS2689093388;Kfw Fx 4.25% Sep28 Cad;CAD;1000;N;;;19/09/2028;;
04/12/2023;MOT;EUROMOT;XS1998795535;Bei Fx 2.875% Nov29 Pln;PLN;1000;N;15/11/2022;;15/11/2029;;
04/12/2023;MOT;EUROMOT;US00828EEY14;Afdb Fx 4.625% Jan27 Usd;USD;1000;N;;;04/01/2027;;
01/12/2023;EUROTLX;EUROTLX;XS2632826553;Citigroup Gm Mc Dec30 Eur;EUR;1000;N;;;01/12/2030;;
30/11/2023;MOT;EUROMOT;XS2717294487;Alerion Clean Green Fx6.75%Dec29 Calleur;EUR;1000;N;;;12/12/2029;;
29/11/2023;EUROTLX;EUROTLX;US91282CJJ18;T-Note Usa Fx 4.5% Nov33 Usd;USD;;N;;;15/11/2033;;
29/11/2023;EUROTLX;EUROTLX;US91282CHX20;T-Note Usa Fx 4.375% Aug28 Usd;USD;;N;;;31/08/2028;;
29/11/2023;EUROTLX;EUROTLX;US91282CHT18;T-Note Usa Fx 3.875% Aug33 Usd;USD;;N;;;15/08/2033;;
29/11/2023;EUROTLX;EUROTLX;US91282CHU80;T-Note Usa Fx 4.375% Aug26 Usd;USD;;N;;;15/08/2026;;
29/11/2023;EUROTLX;EUROTLX;US91282CHE49;T-Note Usa Fx 3.625% May28 Usd;USD;;N;;;31/05/2028;;
29/11/2023;EUROTLX;EUROTLX;US91282CHB00;T-Note Usa Fx 3.625% May26 Usd;USD;;N;;;15/05/2026;;
29/11/2023;EUROTLX;EUROTLX;US912810TV08;T-Bond Usa Fx 4.75% Nov53 Usd;USD;;N;;;15/11/2053;;
24/11/2023;EUROTLX;EUROTLX;XS2721465271;Heidelberg Sdglink Fx4.875% Nov33calleur;EUR;;N;;;21/11/2033;;
24/11/2023;MOT;EUROMOT;EU000A3K4EN5;Eu Fx 3.125% Dec28 Eur;EUR;1;N;;;05/12/2028;;
23/11/2023;MOT;EUROMOT;XS2610898665;World Bank Sustain Fx 6.5% Apr30 Inr;INR;100000;N;;;17/04/2030;;
22/11/2023;EUROTLX;EUROTLX;XS2719293826;Intdesigngro Fx 10% Nov28 Call Eur;EUR;;N;;;15/11/2028;;
22/11/2023;EUROTLX;EUROTLX;US879385AD49;Telefonica E Fx 8.25% Sep30 Call Usd;USD;;N;;;15/09/2030;;
22/11/2023;EUROTLX;EUROTLX;US87938WAC73;Telefon Emis Fx 7.045% Jun36 Call Usd;USD;;N;;;20/06/2036;;
20/11/2023;EUROTLX;EUROTLX;XS2701724663;Mediobanca Fx 4% Nov27 Eur;EUR;;N;;;17/11/2027;;
20/11/2023;EUROTLX;EUROTLX;IT0005399990;Mps Eur3m+0,65 Ot26 Est Covered Call Eur;EUR;;N;;;29/10/2026;;
20/11/2023;MOT;EUROMOT;US515110CE22;Rentenbank Fx 5% Oct33 Usd;USD;1000;N;;;24/10/2033;;
20/11/2023;MOT;EUROMOT;US459058KY80;World Bank Fx 4.75% Nov33 Usd;USD;1000;N;;;14/11/2033;;
17/11/2023;EUROTLX;EUROTLX;XS2689038102;Gs Fin Corp Mc Nov30 Eur;EUR;20000;N;;;14/11/2030;;
16/11/2023;EUROTLX;EUROTLX;XS2649891327;Bnpparibasis Mc Nov35 Call Eur;EUR;;N;;;14/11/2035;;
16/11/2023;EUROTLX;EUROTLX;XS2649891244;Bnpparibasis Mc Nov35 Call Usd;USD;;N;;;14/11/2035;;
16/11/2023;EUROTLX;EUROTLX;IT0005570988;Unicredit Spa Mc Feb30 Call Eur;EUR;100000;N;;;14/02/2030;;
16/11/2023;MOT;EUROMOT;XS2716887760;Bulgaria Fx 4.375% May31 Eur;EUR;1000;N;;;13/05/2031;;
16/11/2023;MOT;EUROMOT;XS2716887844;Bulgaria Fx 4.875% May36 Eur;EUR;1000;N;;;13/05/2036;;
13/11/2023;EUROTLX;EUROTLX;XS2699558305;Sg Issuer Mc Nov33 Call Eur;EUR;1000;N;;;14/11/2033;;
13/11/2023;EUROTLX;EUROTLX;XS2698043606;Isp Sc Nov29 Usd;USD;2000;N;;;10/11/2029;;
13/11/2023;MOT;EUROMOT;XS2698043606;Isp Sc Nov29 Usd;USD;2000;;;;10/11/2029;;
10/11/2023;EUROTLX;EUROTLX;XS1718418103;Basf Se Fx 0.875% Nov27 Call Eur;EUR;1000;N;;;15/11/2027;;
10/11/2023;EUROTLX;EUROTLX;DE000CZ40LW5;Commerzbanka Fx 4% Mar27 T2 Eur;EUR;1000;Q;;;30/03/2027;;
10/11/2023;EUROTLX;EUROTLX;DE000A1UDWN5;Siemens Fin Fx 2.875% Mar28 Eur;EUR;1000;N;;;10/03/2028;;
10/11/2023;EUROTLX;EUROTLX;BE6285457519;Anheuserbusc Fx 2.75% Mar36 Call Eur;EUR;1000;N;;;17/03/2036;;
10/11/2023;EUROTLX;EUROTLX;BE6276040431;Anheuserbusc Fx 1.5% Apr30 Call Eur;EUR;1000;N;;;18/04/2030;;
10/11/2023;EUROTLX;EUROTLX;BE6285455497;Anheuserbusc Fx 2% Mar28 Call Eur;EUR;1000;N;;;17/03/2028;;
08/11/2023;EUROTLX;EUROTLX;XS2648291867;Barclaysbank Mc Nov28 Usd;USD;1000;N;;;08/11/2028;;
07/11/2023;EUROTLX;EUROTLX;XS2647411573;Bnpparibasis Fr Oct28 Eur;EUR;1000;N;;;31/10/2028;;
07/11/2023;EUROTLX;EUROTLX;XS2605008304;Bnpparibasis Mc Oct27 Eur;EUR;1000;N;;;31/10/2027;;
01/11/2023;EUROTLX;EUROTLX;XS2699513540;Sg Issuer Fr Oct28 Eur;EUR;1000;N;;;31/10/2028;;
31/10/2023;MOT;EUROMOT;AT0000A38239;Republautric Fx 3.45% Oct30 Eur;EUR;100;N;;;20/10/2030;;
30/10/2023;EUROTLX;EUROTLX;US912810RD28;T-Bond Usa Fx 3.75% Nov43 Usd;USD;100;N;;;15/11/2043;;
30/10/2023;EUROTLX;EUROTLX;US912810QL52;T-Bond Usa Fx 4.25% Nov40 Usd;USD;100;N;;;15/11/2040;;
30/10/2023;EUROTLX;EUROTLX;US912810QH41;T-Bond Usa Fx 4.375% May40 Usd;USD;100;N;;;15/05/2040;;
30/10/2023;EUROTLX;EUROTLX;US912810QB70;T-Bond Usa Fx 4.25% May39 Usd;USD;100;N;;;15/05/2039;;
30/10/2023;MOT;EUROMOT;XS2615587263;Worldbank Sustainable Fx 6.85%Apr28 Inr;INR;500000;N;;;24/04/2028;;
27/10/2023;MOT;EUROMOT;US500769KB96;Kfw Fx 4.75% Oct30 Usd;USD;1000;N;;;29/10/2030;;
25/10/2023;EUROTLX;EUROTLX;XS2316243760;Cacib Fs Fx 4% Oct27 Eur;EUR;100000;N;;;20/10/2027;;
25/10/2023;MOT;EUROMOT;XS2567540294;Gs Group Mc Oct33 Eur;EUR;1000;N;;;24/10/2033;;
24/10/2023;MOT;EUROMOT;NL0015001RG8;Nederland Green Fx 3.25% Jan44 Eur;EUR;1;N;;;15/01/2044;;
20/10/2023;MOT;DOMESTICMOT;IT0005567273;Unicredit Spa Mc Oct33 Eur;EUR;10000;N;;;09/10/2033;;
20/10/2023;MOT;EUROMOT;XS2609451146;Ebrd Fx 6.25% Apr28 Inr;INR;100000;N;;;11/04/2028;;
20/10/2023;MOT;EUROMOT;XS1496739464;Adb Fx 6.2% Oct26 Inr;INR;10000;N;06/04/2023;;06/10/2026;;
20/10/2023;MOT;EUROMOT;US500769JZ83;Kfw Fx 4.625% Aug26 Usd;USD;1000;N;;;07/08/2026;;
20/10/2023;MOT;EUROMOT;FR001400L834;Oat Fx 3.5% Nov33 Eur;EUR;1;N;;;25/11/2033;;
20/10/2023;MOT;EUROMOT;EU000A3K4EL9;Eu Mfa Ukr Next Gen Fx 4% Apr44 Eur;EUR;1;N;;;04/04/2044;;
20/10/2023;MOT;EUROMOT;EU000A2SCAL3;Efsf Fx 3.5% Apr29 Eur;EUR;1000;N;;;11/04/2029;;
20/10/2023;MOT;EUROMOT;ES0000012M51;Bonos Fx 3.5% May29 Eur;EUR;1000;N;;;31/05/2029;;
20/10/2023;MOT;BTP;IT0005565400;Btp Valore Sc Oct28 Eur;EUR;1000;N;;;10/10/2028;;
18/10/2023;EUROTLX;EUROTLX;XS2702257051;Guala Closur Fr Jun29 Call Eur;EUR;100000;N;;;29/06/2029;;
17/10/2023;EUROTLX;EUROTLX;IT0005562274;Bper Banca Fx 4.6% Oct26 Eur;EUR;10000;N;;;17/10/2026;;
13/10/2023;EUROTLX;EUROTLX;IT0005566887;Isp Fx 4.55% Oct28 Eur;EUR;100000;N;;;13/10/2028;;
12/10/2023;EUROTLX;EUROTLX;XS2678310686;Mediobanca Fx 5.21% Oct33 Call Eur;EUR;1000;N;;;11/10/2033;;
10/10/2023;EUROTLX;EUROTLX;XS2696224315;Piaggio & C Fx 6.5% Oct30 Call Eur;EUR;100000;N;;;05/10/2030;;
09/10/2023;EUROTLX;EUROTLX;XS2698773913;Bmw Fin Fx 4.125% Oct33 Eur;EUR;1000;N;;;04/10/2033;;
09/10/2023;EUROTLX;EUROTLX;XS2698773830;Bmw Fin Fx 3.875% Oct28 Eur;EUR;1000;N;;;04/10/2028;;
06/10/2023;EUROTLX;EUROTLX;XS2666415836;Mediobanca Fx 3.65% Sep28 Eur;EUR;;N;;;29/09/2028;;
06/10/2023;EUROTLX;EUROTLX;XS2576622844;Bnpparibasis Mc Sep27 Eur;EUR;;N;;;29/09/2027;;
06/10/2023;EUROTLX;EUROTLX;XS2576622760;Bnpparibasis Mc Sep27 Eur;EUR;;N;;;29/09/2027;;
04/10/2023;EUROTLX;EUROTLX;FR001400KXW4;Rci Banque Fx 4.625% Oct26 Call Eur;EUR;1000;N;;;02/10/2026;;
04/10/2023;EUROTLX;EUROTLX;FR001400KY69;Rci Banque Fx 4.875% Oct29 Call Eur;EUR;1000;N;;;02/10/2029;;
04/10/2023;MOT;EUROMOT;XS2694863841;Den Rentenbank Green Fx 3.25% Sep33 Eur;EUR;1000;N;;;26/09/2033;;
04/10/2023;MOT;EUROMOT;US4581X0EL86;Iadb Fx 4.5% Sep33 Usd;USD;1000;N;;;13/09/2033;;
03/10/2023;EUROTLX;EUROTLX;XS2681940297;Webuild Fx 7% Sep28 Call Eur;EUR;;N;;;27/09/2028;;
02/10/2023;EUROTLX;EUROTLX;XS2684860203;Credem Social Mc Mar30 Call Eur;EUR;100000;N;;;26/03/2030;;
02/10/2023;MOT;EUROMOT;US731011AW25;Poland Fx 5.5% Apr53 Call Usd;USD;1000;N;;;04/04/2053;;
02/10/2023;MOT;EUROMOT;US731011AV42;Poland Fx 4.875% Oct33 Call Usd;USD;1000;N;;;04/10/2033;;
29/09/2023;EUROTLX;EUROTLX;XS2695047659;B.P.Sondrio Green Mc Sep28 Call Eur;EUR;100000;N;;;26/09/2028;;
29/09/2023;EUROTLX;EUROTLX;XS2316243174;Cacib Fs Mc Sep27 Call Eur;EUR;1000;N;;;27/09/2027;;
29/09/2023;MOT;BTP;IT0005566408;Btp Fx 4.1% Feb29 Eur;EUR;1000;N;;;01/02/2029;;
28/09/2023;EUROTLX;EUROTLX;XS2694874533;Vw Leasing Green Fx 4.75% Sep31 Eur;EUR;1000;N;;;25/09/2031;;
28/09/2023;EUROTLX;EUROTLX;XS2694872594;Vw Leasing Green Fx 4.625% Mar29 Eur;EUR;1000;N;;;25/03/2029;;
27/09/2023;MOT;EUROMOT;XS2689964869;Kfw Fx 4.25% Sep28 Nok;NOK;10000;N;;;29/09/2028;;
27/09/2023;MOT;EUROMOT;XS2677607132;Kfw Green Fx 3.5% Sep30 Sek;SEK;10000;N;06/09/2023;;24/09/2030;;
26/09/2023;EUROTLX;EUROTLX;XS2665176298;Mediobancaba Fx 4% Sep28 Eur;EUR;1000;N;;;25/09/2028;;
25/09/2023;MOT;EUROMOT;XS2600822642;Coe Fx 28% Mar27 Try;TRY;10000;N;;;22/03/2027;;
25/09/2023;MOT;EUROMOT;XS2593610103;Coe Fx 25% Sep27 Try;TRY;10000;N;;;03/09/2027;;
25/09/2023;MOT;EUROMOT;EU000A3LNF05;Eu Mfa Ukr Next Gen Fx 3.125% Dec30 Eur;EUR;1;N;;;04/12/2030;;
21/09/2023;EUROTLX;EUROTLX;XS2593770485;Barclaysbank Oc Sep38 Call Eur;EUR;1000;N;;;20/09/2038;;
20/09/2023;MOT;EUROMOT;XS2689949399;Romania Fx 5.5% Sep28 Eur;EUR;1000;N;;;18/09/2028;;
20/09/2023;MOT;EUROMOT;XS2689948078;Romania Fx 6.375% Sep33 Eur;EUR;1000;N;;;18/09/2033;;
19/09/2023;EUROTLX;EUROTLX;IT0005561482;Intesasanpao Fx 5.08% Sep33 Eur;EUR;;N;;;19/09/2033;;
19/09/2023;MOT;EUROMOT;XS2681334962;Coe Fx 3.125% Sep28 Eur;EUR;1000;N;;;13/09/2028;;
19/09/2023;MOT;EUROMOT;XS2679922828;World Bank Fx 3.45% Sep38 Eur;EUR;1000;N;;;13/09/2038;;
18/09/2023;EUROTLX;EUROTLX;IT0005561367;Banca Ifis Fx 6.875% Sep28 Eur;EUR;;N;;;13/09/2028;;
18/09/2023;MOT;EUROMOT;EU000A3K4ED6;Bei Fx 3% Nov28 Eur;EUR;1000;N;;;15/11/2028;;
18/09/2023;MOT;EUROMOT;DE000A30V9M4;Kfw Fx 2.875% Jun33 Eur;EUR;1000;N;;;07/06/2033;;
15/09/2023;EUROTLX;EUROTLX;XS2678749990;Generali Ass. Fx 5.272% Sep33 T2 Call;EUR;200000;Q;;;12/09/2033;;
14/09/2023;EUROTLX;EUROTLX;XS2682331728;Mediobancaba Mc Sep27 Call Eur;EUR;150000;N;;;13/09/2027;;
14/09/2023;EUROTLX;EUROTLX;IT0005561243;Bper Banca Mc Sep29 Call Eur;EUR;150000;N;;;11/09/2029;;
14/09/2023;EUROTLX;EUROTLX;GB00BDRHNP05;United Kingdom Fx 1.25% Jul27 Gbp;GBP;1;N;;;22/07/2027;;
14/09/2023;MOT;EUROMOT;XS2680932907;Hungary Fx 5.375% Sep33 Eur;EUR;1000;N;;;12/09/2033;;
14/09/2023;MOT;BTP;IT0005561888;Btp Fx 4% Nov30 Eur;EUR;1000;N;;;15/11/2030;;
13/09/2023;EUROTLX;EUROTLX;XS2676882900;Bmps Mc Sep27 Call Eur;EUR;100000;N;;;05/09/2027;;
11/09/2023;MOT;EXTRAMOT;IT0005532574;Cdp Green Tf 3,875% Fb29 Eur;EUR;100000;Senior;13/02/2023;;13/02/2029;100000;
11/09/2023;MOT;EXTRAMOT;IT0005508954;Cdp Sustainability Tf 3,5% St27 Eur;EUR;100000;Senior;19/09/2022;;19/09/2027;100000;
11/09/2023;MOT;EXTRAMOT;IT0005451197;Cdp Social Bond Tf 0,75% Gn29 Eur;EUR;100000;Senior;30/06/2021;;30/06/2029;100000;
11/09/2023;MOT;EXTRAMOT;IT0005422032;Cdp Social Bond Tf 1% St28 Eur;EUR;100000;Senior;21/09/2020;;21/09/2028;100000;
11/09/2023;MOT;EXTRAMOT;IT0005408098;Cdp Social Bond Tf 2% Ap27 Eur;EUR;100000;Senior;20/04/2020;;20/04/2027;100000;
11/09/2023;MOT;EXTRAMOT;IT0005399586;Cdp Social Bond Tf 1% Fb30 Eur;EUR;100000;Senior;11/02/2020;;11/02/2030;100000;
11/09/2023;MOT;EXTRAMOT;IT0005329690;Cdp Tf 1,98% Mz28 Eur;EUR;100000;Senior;29/03/2018;;29/03/2028;100000;
11/09/2023;MOT;EXTRAMOT;IT0005329682;Cdp Tf 2,428% Mz33 Eur;EUR;100000;Senior;29/03/2018;;29/03/2033;100000;
06/09/2023;MOT;EUROMOT;XS2595650222;Rentenbank Tf 3,25% St30 Eur;EUR;1000;Senior;07/03/2023;;06/09/2030;;
06/09/2023;MOT;EUROMOT;US515110CD49;Rentenbank Tf 3,875% Gn28 Usd;USD;1000;Senior;14/06/2023;;14/06/2028;;
06/09/2023;MOT;EUROMOT;US298785JY36;Eib Tf 4,5% Ot28 Usd;USD;1000;Senior;29/08/2023;;16/10/2028;;
06/09/2023;MOT;EUROMOT;US045167FZ16;Adb Tf 4,5% Ag28 Usd;USD;1000;Senior;31/08/2023;;25/08/2028;;
06/09/2023;MOT;EUROMOT;EU000A2SCAK5;Efsf Tf 3,375% Ag38 Eur;EUR;1000;Senior;30/08/2023;;30/08/2038;;
05/09/2023;MOT;EUROMOT;HU0000403555;Hungary Tf 3% Ot38 Huf;HUF;10000;Senior;07/02/2018;;27/10/2038;;
05/09/2023;MOT;EUROMOT;FI4000557525;Finland Tf 2,875% Ap29 Eur;EUR;1000;Senior;30/08/2023;;15/04/2029;;
05/09/2023;MOT;EUROMOT;DE000A351MT2;Kfw Tf 3,125% Ot28 Eur;EUR;1000;Senior;29/08/2023;;10/10/2028;;
04/09/2023;EUROTLX;EUROTLX;XS2592799766;Cred Suis In Oc Fd Link Ap27 Eur;EUR;1000;Senior;;;05/04/2027;;
04/09/2023;EUROTLX;EUROTLX;GB00BMGR2916;Uk Tf 0,625% Lg35 Gbp;GBP;;Senior;;;31/07/2035;;
04/09/2023;EUROTLX;EUROTLX;GB00BMGR2809;Uk Tf 0,25% Lg31 Gbp;GBP;;Senior;;;31/07/2031;;
04/09/2023;EUROTLX;EUROTLX;GB00BJQWYH73;Uk Tf 1,25% Ot41 Gbp;GBP;;Senior;;;22/10/2041;;
04/09/2023;EUROTLX;EUROTLX;GB00BJMHB534;Uk Tf 0,875% Ot29 Gbp;GBP;;Senior;;;22/10/2029;;
04/09/2023;EUROTLX;EUROTLX;GB00BD0XH204;Uk Tf 1,75% Lg57 Gbp;GBP;;Senior;;;22/07/2057;;
01/09/2023;EUROTLX;EUROTLX;XS2673808726;Intsanpaolo Tf 5,125% Ag31 Call Eur;EUR;100000;Senior;;;29/08/2031;;
01/09/2023;EUROTLX;EUROTLX;XS2673808486;Intsanpaolo Tf 4,375% Ag27 Call Eur;EUR;100000;Senior;;;29/08/2027;;
01/09/2023;EUROTLX;EUROTLX;XS2673536541;E.On Green Tf 3,75% Mz29 Call Eur;EUR;1000;Senior;;;01/03/2029;;
31/08/2023;MOT;BTP;IT0005560948;Btp Tf 4,2% Mz34 Eur;EUR;1000;Senior;01/09/2023;;01/03/2034;;
30/08/2023;MOT;EUROMOT;XS2321476793;Kfw Green Tf 0,25% St26 Sek;SEK;10000;Senior;22/03/2021;;09/09/2026;;
30/08/2023;MOT;EUROMOT;AU3CB0276004;World Bank Sustainable Tf 0,5% Mg26 Aud;AUD;1000;Senior;18/11/2020;;18/05/2026;;
30/08/2023;MOT;EUROMOT;AU3CB0277077;Eib Green Tf 0,75% Lg27 Aud;AUD;1000;Senior;15/01/2021;;15/07/2027;;
29/08/2023;MOT;EUROMOT;XS2293578592;World Bank Green Tf 0,25% Ge29 Sek;SEK;10000;Senior;29/01/2021;;29/01/2029;;
29/08/2023;MOT;EUROMOT;XS2052474678;Eib Sustainable Tf 0,125% St26 Sek;SEK;10000;Senior;19/09/2019;;21/09/2026;;
29/08/2023;MOT;EUROMOT;CA459058KF93;World Bank Sustainable Tf 1,8% Ge27 Cad;CAD;1000;Senior;19/01/2022;;19/01/2027;;
14/08/2023;EUROTLX;EUROTLX;XS2412556461;Credem Green Bond Mc Ge28 Call Eur;EUR;;Senior;;;19/01/2028;;
10/08/2023;EUROTLX;EUROTLX;XS2627546851;Sg Tf 4,2% Ag28 Call Eur;EUR;1000;Senior;;;09/08/2028;;
10/08/2023;EUROTLX;EUROTLX;XS2521303573;Bnp Issuance Mc Lg27 Eur;EUR;1000;Senior;;;31/07/2027;;
09/08/2023;EUROTLX;EUROTLX;XS2552823879;Gs Group Mc Ag28 Eur;EUR;1000;Senior;;;09/08/2028;;
08/08/2023;EUROTLX;EUROTLX;XS2640881608;Credem Social Tf 4,15% Lg28 Call Eur;EUR;10000;Senior;;;25/07/2028;;
08/08/2023;EUROTLX;EUROTLX;XS2640884701;Credem Social Tf 4,15% Lg27 Call Eur;EUR;10000;Senior;;;31/07/2027;;
08/08/2023;EUROTLX;EUROTLX;US912828YD60;Usa Tf 1,375% Ag26 Usd;USD;1000;Senior;;;31/08/2026;;
08/08/2023;EUROTLX;EUROTLX;IT0005399982;Mps Eur3m+0,60 Lg26 Est Covered Call;EUR;100000;COVERED;;;29/07/2026;;
08/08/2023;EUROTLX;EUROTLX;FR001400CRG6;Rci Banque Tf 4,875% St28 Call Eur;EUR;1000;Senior;;;21/09/2028;;
04/08/2023;MOT;EUROMOT;XS2649050106;Eib Tf 4,875% Dc30 Gbp;GBP;1000;Senior;14/07/2023;;16/12/2030;;
04/08/2023;MOT;EUROMOT;XS2610167962;Eib Sustainable Tf 3,875% Ap28 Gbp;GBP;1000;Senior;14/04/2023;;12/04/2028;;
04/08/2023;MOT;EUROMOT;XS2262090009;World Bank Sustainable Tf 0,25% Lg26 Gbp;GBP;1000;Senior;23/11/2020;;22/07/2026;;
04/08/2023;MOT;EUROMOT;XS2236022153;World Bank Sustainable Tf 0,25% St27 Gbp;GBP;1000;Senior;23/09/2020;;23/09/2027;;
02/08/2023;MOT;EUROMOT;US459058KU68;World Bank Sustainable Tf 4% Lg30 Usd;USD;1000;Senior;25/07/2023;;25/07/2030;;
01/08/2023;MOT;EUROMOT;DE000BU27006;Bund Tf 2,4% Nv30 Eur;EUR;1;Senior;28/07/2023;;15/11/2030;;
31/07/2023;EUROTLX;EUROTLX;IT0005552143;Unicredit Tf 4,05% Lg27 Eur;EUR;;Senior;;;24/07/2027;;
28/07/2023;MOT;EUROMOT;XS2481558414;Ebrd Zc Mg28 Brl;BRL;5000;Senior;19/05/2022;;19/05/2028;;
28/07/2023;MOT;EUROMOT;FR001400JI88;Oatei Tf 0,6% Lg34 Eur;EUR;1;Senior;25/07/2022;;25/07/2034;;
27/07/2023;EUROTLX;EUROTLX;XS2655852726;Terna Green Tf 3,875% Lg33 Call Eur;EUR;100000;Senior;;;24/07/2033;;
27/07/2023;EUROTLX;EUROTLX;XS2637954582;Telecom It Tf 7,875% Lg28 Call Eur;EUR;100000;Senior;;;31/07/2028;;
21/07/2023;MOT;EUROMOT;XS2567573899;Gs Group Oc Lg36 Call Eur;EUR;1000;Senior;20/07/2023;;20/07/2036;;
20/07/2023;MOT;EUROMOT;GR0128017747;Ggb Tf 4,375% Lg38 Eur;EUR;1000;Senior;18/07/2023;;18/07/2038;;
20/07/2023;MOT;EUROMOT;DE000BU2Z015;Bund Tf 2,6% Ag33 Eur;EUR;1;Senior;14/07/2023;;15/08/2033;;
14/07/2023;EUROTLX;EUROTLX;IT0005555476;Intsanpaolo Tf 4,28% Lg28 Eur;EUR;;Senior;;;14/07/2028;;
14/07/2023;MOT;EUROMOT;XS2647979181;Eib Tf 3% Lg33 Eur;EUR;1000;Senior;11/07/2023;;15/07/2033;;
14/07/2023;MOT;BTP;IT0005556011;Btp Tf 3,85% St26 Eur;EUR;1000;Senior;17/07/2023;;15/09/2026;;
13/07/2023;EUROTLX;EUROTLX;XS2641794081;Alperia Green Tf 5,701% Lg28 Call Eur;EUR;100000;Senior;;;05/07/2028;;
13/07/2023;MOT;EUROMOT;GR0514024216;Ggb Tv Eur3m+1,23 Dc27 Eur;EUR;1000;Senior;28/07/2022;;15/12/2027;;
12/07/2023;MOT;EUROMOT;EU000A2SCAJ7;Efsf Tf 3% Lg30 Eur;EUR;1000;Senior;10/07/2023;;10/07/2030;;
11/07/2023;EUROTLX;EUROTLX;XS2631238677;Bnp Mc Gn27 Eur;EUR;1000;Senior;;;29/06/2027;;
06/07/2023;EUROTLX;EUROTLX;XS2643320018;Porsche Tf 4,125% St27 Call Eur;EUR;1000;Senior;;;27/09/2027;;
06/07/2023;MOT;EUROMOT;EU000A3K4D09;Eu Sure Bond Tf 2,75% Dc37 Eur;EUR;1000;Senior;14/12/2022;;04/12/2037;;
06/07/2023;MOT;EUROMOT;EU000A28X702;Eu Tf 0,125% Gn35 Eur;EUR;1000;Senior;10/06/2020;;10/06/2035;;
06/07/2023;MOT;EUROMOT;EU000A19XC51;Eu Tf 1,25% Ap33 Eur;EUR;1000;Senior;06/03/2018;;04/04/2033;;
05/07/2023;EUROTLX;EUROTLX;XS2523675358;Bnp Issuance Mc Lg31 Call Eur;EUR;1000;Senior;;;03/07/2031;;
05/07/2023;EUROTLX;EUROTLX;XS2523675192;Bnp Issuance Mc Lg31 Call Usd;USD;1000;Senior;;;03/07/2031;;
05/07/2023;MOT;EUROMOT;EU000A2SCAF5;Efsf Tf 2,75% Ag26 Eur;EUR;1000;Senior;16/01/2023;;17/08/2026;;
05/07/2023;MOT;EUROMOT;EU000A2SCAG3;Efsf Tf 2,875% Fb33 Eur;EUR;1000;Senior;16/01/2023;;16/02/2033;;
05/07/2023;MOT;EUROMOT;EU000A2SCAE8;Efsf Tf 2,375% Ap28 Eur;EUR;1000;Senior;11/10/2022;;11/04/2028;;
05/07/2023;MOT;EUROMOT;EU000A2SCAB4;Efsf Tf 0,875% St28 Eur;EUR;1000;Senior;05/04/2022;;05/09/2028;;
05/07/2023;MOT;EUROMOT;EU000A2SCAC2;Efsf Tf 2,375% Gn32 Eur;EUR;1000;Senior;21/06/2022;;21/06/2032;;
05/07/2023;MOT;EUROMOT;EU000A2SCAA6;Efsf Tf 0,7% Ge53 Eur;EUR;1000;Senior;17/01/2022;;17/01/2053;;
05/07/2023;MOT;EUROMOT;EU000A1G0EP6;Efsf Tf 0,125% Mz30 Eur;EUR;1000;Senior;17/01/2022;;18/03/2030;;
05/07/2023;MOT;EUROMOT;EU000A1G0EN1;Efsf Tf 0% Lg26 Eur;EUR;1000;Senior;19/04/2021;;20/07/2026;;
30/06/2023;EUROTLX;EUROTLX;XS2641797852;Intsanpaolo Mc Gn28 Usd;USD;2000;Senior;;;29/06/2028;;
30/06/2023;EUROTLX;EUROTLX;XS2641775452;Intsanpaolo Sc Gn27 Usd;USD;2000;Senior;;;29/06/2027;;
30/06/2023;EUROTLX;EUROTLX;XS0460050155;Deutsche Cms Cap&Floor 30gn26;EUR;1000;Senior;;;30/06/2026;;
30/06/2023;EUROTLX;EUROTLX;XS0460050072;Deutsche Bk Oc Ind Link Gn28 Eur;EUR;5000;Senior;;;30/06/2028;;
30/06/2023;MOT;EUROMOT;XS2641797852;Intsanpaolo Mc Gn28 Usd;USD;2000;Senior;29/06/2023;;29/06/2028;;
30/06/2023;MOT;EUROMOT;XS2641775452;Intsanpaolo Sc Gn27 Usd;USD;2000;Senior;29/06/2023;;29/06/2027;;
29/06/2023;MOT;EUROMOT;XS2482780561;Gs Fin Corp Mc Gn33 Eur;EUR;1000;Senior;27/06/2023;;27/06/2033;;
27/06/2023;EUROTLX;EUROTLX;XS2638076187;Intsanpaolo Mc Gn54 Call Usd;USD;200000;Senior;;;20/06/2054;;
27/06/2023;EUROTLX;EUROTLX;XS2638075700;Intsanpaolo Tf 6,625% Gn33 Usd;USD;200000;Senior;;;20/06/2033;;
27/06/2023;EUROTLX;EUROTLX;XS2471584057;Illimity Tf 6,15% Gn26 Eur;EUR;100000;Senior;;;23/06/2026;;
22/06/2023;EUROTLX;EUROTLX;XS2634690114;Stellantis Tf 4,25% Gn31 Call Eur;EUR;100000;Senior;;;16/06/2031;;
22/06/2023;EUROTLX;EUROTLX;XS2634567429;Raiffeisen Tf 5,375% Gn28 Eur;EUR;100000;Senior;;;16/06/2028;;
22/06/2023;MOT;EUROMOT;DE0001030757;Bund Green Bond Tf 1,8% Ag53 Eur;EUR;1;Senior;15/08/2022;;15/08/2053;;
21/06/2023;EUROTLX;EUROTLX;XS2636745882;Autostrade Sdg Link Tf5,125% Gn33calleur;EUR;100000;Senior;;;14/06/2033;;
21/06/2023;EUROTLX;EUROTLX;IT0005549479;Banco Bpm Green Bond Mc Gn28 Call Eur;EUR;150000;Senior;;;14/06/2028;;
20/06/2023;EUROTLX;EUROTLX;XS2552813722;Gs Group Mc Gn28 Eur;EUR;1000;Senior;;;19/06/2028;;
20/06/2023;EUROTLX;EUROTLX;IT0005545642;Intsanpaolo Tf 4% Gn28 Eur;EUR;;Senior;;;20/06/2028;;
20/06/2023;EUROTLX;EUROTLX;FR001400IEQ0;Rci Banque Green Tf 4,875% Gn28 Call Eur;EUR;;Senior;;;14/06/2028;;
16/06/2023;MOT;EUROMOT;EU000A1Z99S3;Esm Tf 3% Ag33 Eur;EUR;1;Senior;23/05/2023;;23/08/2033;;
16/06/2023;MOT;EUROMOT;DE000BU25018;Bobl Tf 2,4% Ot28 Eur;EUR;1;Senior;15/06/2023;;19/10/2028;;
15/06/2023;EUROTLX;EUROTLX;XS2593389302;Sg Mc Gn28 Eur;EUR;1000;Senior;;;14/06/2028;;
15/06/2023;MOT;EUROMOT;XS2622199680;Worldbank Mc Gn26 Usd;USD;2000;Senior;15/06/2023;;28/06/2026;;
15/06/2023;MOT;EUROMOT;XS2622192248;World Bank Mc Dc27 Usd;USD;2000;Senior;15/06/2023;;07/12/2027;;
15/06/2023;MOT;EUROMOT;XS2622191786;World Bank Mc St27 Usd;USD;2000;Senior;15/06/2023;;21/09/2027;;
15/06/2023;MOT;EUROMOT;XS2622190549;World Bank Mc Ag26 Usd;USD;2000;Senior;15/06/2023;;11/08/2026;;
15/06/2023;MOT;EUROMOT;XS2622186786;World Bank Mc Mg26 Usd;USD;2000;Senior;15/06/2023;;31/05/2026;;
14/06/2023;EUROTLX;EUROTLX;XS2633317701;Italgas Tf 4,125% Gn32 Eur;EUR;100000;Senior;;;08/06/2032;;
14/06/2023;MOT;EUROMOT;US459058KT95;World Bank Sustainable Tf 3,5% Lg28 Usd;USD;1000;Senior;12/04/2023;;12/07/2028;;
14/06/2023;MOT;EUROMOT;US459058KQ56;Worldbank Sustainable Tf 3,875% Fb30 Usd;USD;1000;Senior;14/02/2023;;14/02/2030;;
14/06/2023;MOT;EUROMOT;US459058KL69;Worldbank Sustainable Tf 3,625% St29 Usd;USD;1000;Senior;23/09/2022;;21/09/2029;;
14/06/2023;MOT;EUROMOT;US298785JW79;Eib Tf 3,625% Lg30 Usd;USD;1000;Senior;25/04/2023;;15/07/2030;;
14/06/2023;MOT;EUROMOT;US298785JV96;Eib Green Bond Tf 3,75% Fb33 Usd;USD;1000;Senior;14/02/2023;;14/02/2033;;
14/06/2023;MOT;EUROMOT;ES0000012L78;Obligaciones Tf 3,55% Ot33 Eur;EUR;1000;Senior;14/06/2023;;31/10/2033;;
13/06/2023;MOT;BTP;IT0005547408;Btp Valore Gn27 Eur;EUR;1000;Senior;13/06/2023;;13/06/2027;;
09/06/2023;EUROTLX;EUROTLX;XS2630112014;Bayer Tf 4,25% Ag29 Call Eur;EUR;1000;Senior;;;26/08/2029;;
09/06/2023;EUROTLX;EUROTLX;XS2630111982;Bayer Tf 4% Ag26 Call Eur;EUR;1000;Senior;;;26/08/2026;;
09/06/2023;MOT;EUROMOT;XS2535352962;Eib Green Tf 2,25% Mz30 Eur;EUR;1000;Senior;21/09/2022;;15/03/2030;;
09/06/2023;MOT;EUROMOT;XS2484093393;Eib Green Tf 1,5% Gn32 Eur;EUR;1000;Senior;24/05/2022;;15/06/2032;;
09/06/2023;MOT;EUROMOT;XS2433363509;Eib Tf 0,25% Ge32 Eur;EUR;1000;Senior;18/01/2022;;20/01/2032;;
09/06/2023;MOT;EUROMOT;XS2314675997;Eib Green Tf 0,01% Nv30 Eur;EUR;1000;Senior;19/03/2021;;15/11/2030;;
09/06/2023;MOT;EUROMOT;XS2290963466;Eib Tf 0,05% Ge51 Eur;EUR;1000;Senior;27/01/2021;;27/01/2051;;
09/06/2023;MOT;EUROMOT;XS2287879733;Eib Sustainable Tf 0,01% Mg41 Eur;EUR;1000;Senior;19/01/2021;;15/05/2041;;
09/06/2023;MOT;EUROMOT;XS2283340060;Eib Tf 0% Ge31 Eur;EUR;1000;Senior;14/01/2021;;14/01/2031;;
09/06/2023;MOT;EUROMOT;XS2225428809;Eib Tf 0% St30 Eur;EUR;1000;Senior;01/09/2020;;09/09/2030;;
09/06/2023;MOT;EUROMOT;XS1989389041;Eib Tf 0,95% St37 Eur;EUR;1000;Senior;02/05/2019;;15/09/2037;;
09/06/2023;MOT;EUROMOT;XS1980857319;Eib Green Tf 1% Nv42 Eur;EUR;1000;Senior;09/04/2019;;14/11/2042;;
09/06/2023;MOT;EUROMOT;XS1828046570;Eib Green Tf 1,125% Nv32 Eur;EUR;1000;Senior;29/05/2018;;15/11/2032;;
08/06/2023;EUROTLX;EUROTLX;XS2606341787;Credem Green Mc Mg29 Call Eur;EUR;150000;Senior;;;30/05/2029;;
07/06/2023;EUROTLX;EUROTLX;XS2630420268;Isp Social Tf 6,625% Mg33 Call Gbp;GBP;100000;Senior;;;31/05/2033;;
07/06/2023;EUROTLX;EUROTLX;XS2502546364;Bnp Issuance Mc Mg27 Autocall Eur;EUR;1000;Senior;;;30/05/2027;;
07/06/2023;EUROTLX;EUROTLX;IT0005545287;Unicredit Tf 3,7% Mg28 Eur;EUR;;Senior;;;31/05/2028;;
07/06/2023;MOT;EUROMOT;XS2582194143;Ifc Tf 10% Fb27 Brl;BRL;10000;Senior;03/02/2023;;03/02/2027;;
07/06/2023;MOT;EUROMOT;XS2581211716;World Bank Green Bond Tf 6,25% Fb29 Inr;INR;500000;Senior;02/02/2023;;02/02/2029;;
07/06/2023;MOT;EUROMOT;XS2576077809;World Bank Green Bond Tf 6,25% Ge29 Idr;IDR;20000000;Senior;19/01/2023;;19/01/2029;;
05/06/2023;EUROTLX;EUROTLX;DE000A3LH6U5;Merc Green Int Fin Tf 3,7% Mg31 Eur;EUR;;Senior;;;30/05/2031;;
05/06/2023;EUROTLX;EUROTLX;DE000A3LH6T7;Merc Green Int Fin Tf 3,5% Mg26 Eur;EUR;;Senior;;;30/05/2026;;
01/06/2023;EUROTLX;EUROTLX;XS2623496085;Ford Motor Tf 6,125% Mg28 Eur;EUR;100000;Senior;;;15/05/2028;;
01/06/2023;EUROTLX;EUROTLX;XS2529233814;Intsanpaolo Green Tf 4,75% St27 Eur;EUR;150000;Senior;;;06/09/2027;;
01/06/2023;EUROTLX;EUROTLX;XS2304664597;Intsanpaolo Tf 1,35% Fb31 Eur;EUR;;Senior;;;24/02/2031;;
31/05/2023;EUROTLX;EUROTLX;IT0005543720;Mediobanca Tf 4,5% Mg27 Usd;USD;2000;Senior;;;30/05/2027;;
31/05/2023;MOT;EUROMOT;XS2626024868;Eib Tf 2,75% Lg30 Eur;EUR;1000;Senior;24/05/2023;;30/07/2030;;
31/05/2023;MOT;EUROMOT;XS2446841657;Eib Tf 0,38% St27 Eur;EUR;1000;Senior;22/02/2022;;15/09/2027;;
31/05/2023;MOT;EUROMOT;XS2439543047;Eib Green Tf 0,05% Nv29 Eur;EUR;1000;Senior;03/02/2022;;15/11/2029;;
31/05/2023;MOT;EUROMOT;XS2419364653;Eib Green Tf 0% Nv27 Eur;EUR;1000;Senior;09/12/2021;;15/11/2027;;
31/05/2023;MOT;EUROMOT;XS2388495942;Eib Tf 0% Dc26 Eur;EUR;1000;Senior;22/09/2021;;22/12/2026;;
31/05/2023;MOT;EUROMOT;XS2343538372;Eib Tf 0% St28 Eur;EUR;1000;Senior;19/05/2021;;28/09/2028;;
31/05/2023;MOT;EUROMOT;XS2251371022;Eib Tf 0% Mz28 Eur;EUR;1000;Senior;03/11/2020;;28/03/2028;;
31/05/2023;MOT;EUROMOT;XS2168048564;Eib Tf 0% Gn27 Eur;EUR;1000;Senior;06/05/2020;;17/06/2027;;
31/05/2023;MOT;EUROMOT;XS2154339860;Eib Sustainable Tf 0% Mg28 Eur;EUR;1000;Senior;15/04/2020;;15/05/2028;;
31/05/2023;MOT;BTP;IT0005548315;Btp Tf 3,8% Ag28 Eur;EUR;1000;Senior;01/06/2023;;01/08/2028;;
30/05/2023;EUROTLX;EUROTLX;XS2627121259;Fs Green Tf 4,125% Mg29 Eur;EUR;100000;Senior;;;23/05/2029;;
30/05/2023;EUROTLX;EUROTLX;XS2625968776;Bmw Fin Tf 3,625% Mg35 Eur;EUR;1000;Senior;;;22/05/2035;;
30/05/2023;EUROTLX;EUROTLX;XS2625968693;Bmw Fin Tf 3,25% Nv26 Eur;EUR;1000;Senior;;;22/11/2026;;
30/05/2023;EUROTLX;EUROTLX;XS2625968347;Bmw Fin Tf 3,25% Lg30 Eur;EUR;1000;Senior;;;22/07/2030;;
26/05/2023;EUROTLX;EUROTLX;IT0005543233;Bper Banca Tf 4,75% Mg26 Eur;EUR;;Senior;;;26/05/2026;;
26/05/2023;MOT;BTP;IT0005547812;Btpi Tf 2,4% Mg39 Eur;EUR;1000;Senior;15/05/2023;;15/05/2039;;
25/05/2023;EUROTLX;EUROTLX;XS2625196352;Intsanpaolo Green Tf 4,875% Mg30 Eur;EUR;100000;Senior;;;19/05/2030;;
25/05/2023;EUROTLX;EUROTLX;XS2625195891;Intsanpaolo Green Tf 4% Mg26 Eur;EUR;100000;Senior;;;19/05/2026;;
25/05/2023;EUROTLX;EUROTLX;XS2623956773;Eni Tf 4,25% Mg33 Call Eur;EUR;100000;Senior;;;19/05/2033;;
25/05/2023;EUROTLX;EUROTLX;XS2623957078;Eni Sdg Linked Tf 3,625% Mg27 Call Eur;EUR;100000;Senior;;;19/05/2027;;
25/05/2023;EUROTLX;EUROTLX;XS2558332438;Sg Sc Mg28 Call Eur;EUR;1000;Senior;;;25/05/2028;;
23/05/2023;MOT;EUROMOT;EU000A3K4D82;Eu Next Gen Tf 2,75% Ot26 Eur;EUR;1;Senior;16/05/2023;;05/10/2026;;
23/05/2023;MOT;EUROMOT;BE0000359688;Belgium Tf 3,45% Gn43 Eur;EUR;1;Senior;24/05/2023;;22/06/2043;;
17/05/2023;EUROTLX;EUROTLX;XS2492186007;Barclays Sc Mg26 Eur;EUR;1000;Senior;;;18/05/2026;;
15/05/2023;EUROTLX;EUROTLX;XS2558395351;Enbw Fin Green Tf 3,625% Nv26 Call Eur;EUR;1000;Senior;;;22/11/2026;;
15/05/2023;MOT;EUROMOT;XS2624502360;Italy Mc Mg33 Eur;EUR;100000;Senior;17/05/2023;;17/05/2033;;
15/05/2023;MOT;EUROMOT;XS2616399395;Aiib Zc Mg43 Mxn;MXN;100000;Senior;04/05/2023;;04/05/2043;;
10/05/2023;MOT;EUROMOT;XS2608814427;Adb Zc Ap43 Mxn;MXN;1000000;Senior;20/04/2023;;20/04/2043;;
10/05/2023;MOT;EUROMOT;XS2598069503;World Bank Sustainable Zc Mz38 Brl;BRL;10000;Senior;16/03/2023;;16/03/2038;;
10/05/2023;MOT;EUROMOT;XS2546395166;Adb Zc Ot37 Pln;PLN;500000;Senior;21/10/2022;;21/10/2037;;
10/05/2023;MOT;EUROMOT;XS2528343119;Adb Tf 8% St32 Huf;HUF;1000000;Senior;12/09/2022;;12/09/2032;;
09/05/2023;MOT;EUROMOT;FI4000550249;Finland Tf 3% St33 Eur;EUR;1000;Senior;04/05/2023;;15/09/2033;;
09/05/2023;MOT;EUROMOT;EU000A3K4D74;Eu Tf 3,375% Ot38 Eur;EUR;1000;Senior;03/05/2023;;04/10/2038;;
09/05/2023;MOT;EUROMOT;DE000BU3Z005;Bund Green Bond Tf 2,3% Fb33 Eur;EUR;1000;Senior;13/01/2023;;15/02/2033;;
04/05/2023;EUROTLX;EUROTLX;XS2456955272;Gs Intl Oc Ind Link Ap28 Eur;EUR;1000;Senior;;;27/04/2028;;
04/05/2023;EUROTLX;EUROTLX;IT0005539504;Mediobanca Mc Ap27 Eur;EUR;;Senior;;;26/04/2027;;
03/05/2023;EUROTLX;EUROTLX;US91282CGQ87;Usa Tf 4% Fb30 Usd;USD;;Senior;;;28/02/2030;;
03/05/2023;EUROTLX;EUROTLX;US91282CGP05;Usa Tf 4% Fb28 Usd;USD;;Senior;;;29/02/2028;;
03/05/2023;EUROTLX;EUROTLX;US91282CGM73;Usa Tf 3,5% Fb33 Usd;USD;;Senior;;;15/02/2033;;
03/05/2023;EUROTLX;EUROTLX;US91282CGJ45;Usa Tf 3,5% Ge30 Usd;USD;;Senior;;;31/01/2030;;
03/05/2023;EUROTLX;EUROTLX;US91282CGB19;Usa Tf 3,875% Dc29 Usd;USD;;Senior;;;31/12/2029;;
03/05/2023;EUROTLX;EUROTLX;US91282CFY21;Usa Tf 3,875% Nv29 Usd;USD;;Senior;;;30/11/2029;;
03/05/2023;EUROTLX;EUROTLX;US912810TQ13;Usa Tf 3,875% Fb43 Usd;USD;;Senior;;;15/02/2043;;
03/05/2023;EUROTLX;EUROTLX;US912810TN81;Usa Tf 3,625% Fb53 Usd;USD;;Senior;;;15/02/2053;;
03/05/2023;EUROTLX;EUROTLX;US912810TM09;Usa Tf 4% Nv42 Usd;USD;;Senior;;;15/11/2042;;
03/05/2023;MOT;EUROMOT;EU000A2SCAH1;Efsf Tf 3% Dc28 Eur;EUR;1000;Senior;24/04/2023;;15/12/2028;;
02/05/2023;EUROTLX;EUROTLX;XS2615940215;Porsche Tf 4,5% St28 Call Eur;EUR;1000;Senior;;;27/09/2028;;
28/04/2023;EUROTLX;EUROTLX;XS2613472963;Hera Sdg Linked Tf 4,25% Ap33 Call Eur;EUR;100000;Senior;;;20/04/2033;;
28/04/2023;EUROTLX;EUROTLX;XS2609970848;Generali Green Tf 5,399% Ap33 Subt2 Call;EUR;;TIER II;;;20/04/2033;;
28/04/2023;EUROTLX;EUROTLX;XS2607193435;Terna Tf 3,625% Ap29 Call Eur;EUR;100000;Senior;;;21/04/2029;;
28/04/2023;EUROTLX;EUROTLX;XS2598063480;Intsanpaolo Green Mc Mz29 Call Gbp;GBP;;Senior;;;14/03/2029;;
28/04/2023;EUROTLX;EUROTLX;XS2569287795;Banca Ifis Tf 5,875% Dc26 Eur;EUR;10000;Senior;;;22/12/2026;;
28/04/2023;EUROTLX;EUROTLX;XS2567550921;Gs Group Mc Mz29 Eur;EUR;1000;Senior;;;28/03/2029;;
28/04/2023;EUROTLX;EUROTLX;XS2559133363;Intsanpaolo Mc Nv33 Call Usd;USD;;Senior;;;21/11/2033;;
28/04/2023;EUROTLX;EUROTLX;XS2534883363;Intsanpaolo Tf 8,505% St32 Sub Tier2 Gbp;GBP;;TIER II;;;20/09/2032;;
28/04/2023;EUROTLX;EUROTLX;XS2482499949;Gs Fin Corp Mc Infl Link Mz28 Eur;EUR;1000;Senior;;;29/03/2028;;
28/04/2023;EUROTLX;EUROTLX;XS2468223107;Generali Green Tf 5,8% Lg32 Sub T2 Call;EUR;200000;TIER II;;;06/07/2032;;
28/04/2023;EUROTLX;EUROTLX;XS2357754097;Generali Sustainable Tf1,713%Gn32subcall;EUR;100000;TIER II;;;30/06/2032;;
28/04/2023;EUROTLX;EUROTLX;XS2107332640;Gs Group Tf 0,875% Ge30 Eur;EUR;;Senior;;;21/01/2030;;
28/04/2023;EUROTLX;EUROTLX;XS1861206636;Gs Group Tf 2% Nv28 Eur;EUR;1000;Senior;;;01/11/2028;;
28/04/2023;EUROTLX;EUROTLX;XS1458408561;Gs Group Tf 1,625% Lg26 Eur;EUR;1000;Senior;;;27/07/2026;;
28/04/2023;EUROTLX;EUROTLX;XS1362373224;Gs Group Tf 3% Fb31 Eur;EUR;;Senior;;;12/02/2031;;
28/04/2023;EUROTLX;EUROTLX;XS1335427958;Kbn Zc Dc28 Zar;ZAR;;Senior;;;22/12/2028;;
28/04/2023;EUROTLX;EUROTLX;XS0460036915;Deutsche Bk Green Mc Mz29 Autocall Eur;EUR;1000;Senior;;;29/03/2029;;
28/04/2023;EUROTLX;EUROTLX;US195325BK01;Colombia Tf 7,375% St37 Usd;USD;100000;Senior;;;18/09/2037;;
28/04/2023;EUROTLX;EUROTLX;IT0005538837;Mediobanca Tv Ap27 Eur;EUR;1000;Senior;;;19/04/2027;;
28/04/2023;EUROTLX;EUROTLX;IT0005536435;Mediobanca Tf 4,15% Ap28 Eur;EUR;1000;Senior;;;13/04/2028;;
28/04/2023;EUROTLX;EUROTLX;FR001400H2O3;Rci Banque Tf 4,5% Ap27 Call Eur;EUR;1000;Senior;;;06/04/2027;;
28/04/2023;MOT;EUROMOT;FR001400HI98;Oat Tf 2,75% Fb29 Eur;EUR;1000;Senior;25/02/2023;;25/02/2029;;
28/04/2023;MOT;EUROMOT;AT0000A33SK7;Austria Tf 3,15% Ot53 Eur;EUR;1000;Senior;25/04/2023;;20/10/2053;;
28/04/2023;MOT;EUROMOT;AT0000A33SH3;Austria Green Tf 2,9% Mg29 Eur;EUR;1000;Senior;25/04/2023;;23/05/2029;;
28/04/2023;MOT;BTP;IT0005544082;Btp Tf 4,35% Nv33 Eur;EUR;1000;Senior;02/05/2023;;01/11/2033;;
24/04/2023;MOT;EUROMOT;XS2122895159;Adb Tf 6,15% Fb30 Inr;INR;10000;Senior;25/02/2020;;25/02/2030;;
24/04/2023;MOT;EUROMOT;HU0000405550;Hungary Tf 4,75% Nv32 Huf;HUF;500000;Senior;19/01/2022;;24/11/2032;;
24/04/2023;MOT;EUROMOT;HU0000405535;Hungary Green Tf 4,5% Mg32 Huf;HUF;500000;Senior;26/01/2022;;27/05/2032;;
24/04/2023;MOT;EUROMOT;HU0000404934;Hungary Tf 1,5% Ag26 Huf;HUF;500000;Senior;24/02/2021;;26/08/2026;;
24/04/2023;MOT;EUROMOT;HU0000404892;Hungary Tf 2,25% Gn34 Huf;HUF;500000;Senior;20/01/2021;;22/06/2034;;
24/04/2023;MOT;BTP;IT0005543803;Btpi Tf 1.5% Mg29 Eur;EUR;1000;Senior;26/04/2023;;15/05/2029;;
20/04/2023;MOT;EUROMOT;XS2435594135;Aiib Tf 5,75% Ge27 Inr;INR;100000;Senior;25/01/2022;;25/01/2027;;
18/04/2023;MOT;EUROMOT;XS2610236445;Cyprus Sustainable Tf 4,125% Ap33 Eur;EUR;1000;Senior;13/04/2023;;13/04/2033;;
18/04/2023;MOT;EUROMOT;NL0015001DQ7;Netherlands Tf 2,5% Ge30 Eur;EUR;1000;Senior;06/04/2023;;15/01/2030;;
18/04/2023;MOT;EUROMOT;FR001400H7V7;Oat Tf 3% Mg33 Eur;EUR;1000;Senior;25/05/2022;;25/05/2033;;
14/04/2023;MOT;BTP;IT0005542797;Btp Tf 3,7% Gn30 Eur;EUR;1000;Senior;17/04/2023;;15/06/2030;;
13/04/2023;MOT;EUROMOT;GR0114033583;Ggb Tf 3,875% Gn28 Eur;EUR;1000;Senior;05/04/2023;;15/06/2028;;
11/04/2023;MOT;BTP;IT0005542359;Btpgreen 4%Ot31eur;EUR;1000;Senior;13/04/2023;;30/10/2031;;
04/04/2023;MOT;EUROMOT;PL0000113783;Poland Tf 1,75% Ap32 Pln;PLN;1000;Senior;25/04/2021;;25/04/2032;;
04/04/2023;MOT;EUROMOT;PL0000112736;Poland Tf 1,25% Ot30 Pln;PLN;1000;Senior;25/10/2019;;25/10/2030;;
04/04/2023;MOT;EUROMOT;PL0000111498;Poland Tf 2,75% Ot29 Pln;PLN;1000;Senior;25/10/2018;;25/10/2029;;
30/03/2023;MOT;EUROMOT;US00828EER62;Afdb Tf 4,375% Mz28 Usd;USD;1000;Senior;14/03/2023;;14/03/2028;;
24/03/2023;EUROTLX;EUROTLX;US91282CGH88;Usa Tf 3,5% Ge28 Usd;USD;1000;Senior;;;31/01/2028;;
24/03/2023;EUROTLX;EUROTLX;US91282CGC91;Usa Tf 3,875% Dc27 Usd;USD;1000;Senior;;;31/12/2027;;
24/03/2023;EUROTLX;EUROTLX;US91282CFZ95;Usa Tf 3,875% Nv27 Usd;USD;1000;Senior;;;30/11/2027;;
24/03/2023;MOT;EUROMOT;EU000A3K4D41;Eu Tf 3,25% Lg34 Eur;EUR;1000;Senior;14/03/2023;;04/07/2034;;
23/03/2023;MOT;EUROMOT;XS2586778115;Ifc Tf 10,75% Fb28 Brl;BRL;5000;Senior;15/02/2023;;15/02/2028;;
22/03/2023;EUROTLX;EUROTLX;XS2484633768;Bnp Issuance Mc Mz27 Call Usd;USD;1000;Senior;;;20/03/2027;;
22/03/2023;EUROTLX;EUROTLX;XS2479682614;Bnp Issuance Mc Mz27 Call Eur;EUR;1000;Senior;;;22/03/2027;;
20/03/2023;EUROTLX;EUROTLX;XS2597110027;Stellantis Green Tf 4,375% Mz30 Call Eur;EUR;100000;Senior;;;14/03/2030;;
20/03/2023;EUROTLX;EUROTLX;XS2597999452;Mediobanca Mc Mz28 Call Eur;EUR;100000;Senior;;;14/03/2028;;
16/03/2023;MOT;EUROMOT;XS1655142898;Ifc Zc Ag32 Zar;ZAR;10000;Senior;30/08/2017;;31/08/2032;;
15/03/2023;EUROTLX;EUROTLX;XS2592658947;Isp Green Bond Tf 5,625% Mz33 Call Eur;EUR;150000;Senior;;;08/03/2033;;
15/03/2023;EUROTLX;EUROTLX;XS2592650373;Intsanpaolo Green Bond Mc Mz28 Call Eur;EUR;150000;Senior;;;08/03/2028;;
15/03/2023;EUROTLX;EUROTLX;XS2482936247;Rwe Green Bond Tf 2,125% Mg26 Call Eur;EUR;1000;Senior;;;24/05/2026;;
15/03/2023;EUROTLX;EUROTLX;XS2412044567;Rwe Green Bond Tf 0,5% Nv28 Call Eur;EUR;1000;Senior;;;26/11/2028;;
15/03/2023;MOT;EUROMOT;XS2592839810;Coe Tf 27,5% Mz28 Try;TRY;10000;Senior;06/03/2023;;06/03/2028;;
10/03/2023;MOT;EUROMOT;XS2587298204;Eib Tf 2,75% Lg28 Eur;EUR;1000;Senior;15/02/2023;;28/07/2028;;
10/03/2023;MOT;EUROMOT;EU000A1Z99R5;Esm Tf 3% Mz28 Eur;EUR;1000;Senior;27/02/2023;;15/03/2028;;
09/03/2023;MOT;BTP;IT0005532723;Btp Italia Mz28 Eur;EUR;1000;Senior;14/03/2023;;14/03/2028;;
08/03/2023;EUROTLX;EUROTLX;XS2464641971;Bnp Issuance Mc Fb28 Call Eur;EUR;1000;Senior;;;28/02/2028;;
08/03/2023;EUROTLX;EUROTLX;XS2464634331;Bnp Iss Mc Fb28 Call Eur;EUR;1000;Senior;;;28/02/2028;;
07/03/2023;EUROTLX;EUROTLX;XS0460021990;Deutsche Bk Mc Infl Fb28 Eur;EUR;1000;Senior;;;27/02/2028;;
07/03/2023;MOT;EUROMOT;XS1764081110;Kfw Green Tf 1,375% Fb28 Sek;SEK;10000;Senior;02/02/2018;;02/02/2028;;
06/03/2023;MOT;EUROMOT;FR001400FYQ4;Oat Tf 2,5% St26 Eur;EUR;1000;Senior;24/09/2022;;24/09/2026;;
06/03/2023;MOT;EUROMOT;ES0000012L60;Obligaciones Tf 3,9% Lg39 Eur;EUR;1000;Senior;28/02/2023;;30/07/2039;;
06/03/2023;MOT;EUROMOT;BE0000358672;Belgium Tf 3,3% Gn54 Eur;EUR;1000;Senior;22/02/2023;;22/06/2054;;
02/03/2023;EUROTLX;EUROTLX;XS2579191532;Unicredit Tf 4,1% Fb27 Eur;EUR;150000;Senior;;;23/02/2027;;
02/03/2023;EUROTLX;EUROTLX;XS2110114324;Citigroup Sc Fb28 Call Eur;EUR;1000;Senior;;;23/02/2028;;
01/03/2023;EUROTLX;EUROTLX;XS2590759986;Finecobank Mc Fb29 Call Eur;EUR;100000;Senior;;;23/02/2029;;
28/02/2023;EUROTLX;EUROTLX;XS0460032336;Deutsche Bk Oc Ind Link Fb28 Eur;EUR;1000;Senior;;;28/02/2028;;
28/02/2023;MOT;EUROMOT;US298785JU14;Eib Tf 3,875% Mz28 Usd;USD;1000;Senior;11/01/2023;;15/03/2028;;
28/02/2023;MOT;EUROMOT;AU3CB0296754;Eib Green Tf 4,2% Ag28 Aud;AUD;1000;Senior;21/02/2023;;21/08/2028;;
28/02/2023;MOT;EUROMOT;AU3CB0295509;World Bank Sustainable Tf 4,4% Ge28 Aud;AUD;1000;Senior;13/01/2023;;13/01/2028;;
28/02/2023;MOT;EUROMOT;AU3CB0285682;Eib Sustainable Tf 1,8% Ge27 Aud;AUD;1000;Senior;19/01/2022;;19/01/2027;;
24/02/2023;EUROTLX;EUROTLX;XS2589361240;Intsanpaolo Mc Fb34 Sub Tier2 Call Eur;EUR;;TIER II;;;20/02/2034;;
24/02/2023;EUROTLX;EUROTLX;XS2589260996;Efi Sdg Linked Tf 4,5% Fb43 Call Eur;EUR;;Senior;;;20/02/2043;;
24/02/2023;EUROTLX;EUROTLX;XS2589260723;Efi Sdg Linked Tf 4% Fb31 Call Eur;EUR;;Senior;;;20/02/2031;;
23/02/2023;MOT;EUROMOT;XS2558195694;Sg Issuer Mc Fb33 Eur;EUR;1000;Senior;22/02/2023;;22/02/2033;;
22/02/2023;EUROTLX;EUROTLX;XS2588885025;Unicredit Mc Fb29 Call Eur;EUR;150000;Senior;;;16/02/2029;;
21/02/2023;MOT;EUROMOT;FR001400FTH3;Oat Tf 3% Mg54 Eur;EUR;1000;Senior;25/05/2022;;25/05/2054;;
21/02/2023;MOT;BTP;IT0005534141;Btp Tf 4,5% Ot53 Eur;EUR;1000;Senior;23/02/2023;;01/10/2053;;
20/02/2023;EUROTLX;EUROTLX;XS2526828996;E.On Tf 2,875% Ag28 Call Eur;EUR;1000;Senior;;;26/08/2028;;
20/02/2023;EUROTLX;EUROTLX;XS2103014291;E.On Green Bond Tf 0,375% St27 Call Eur;EUR;1000;Senior;;;29/09/2027;;
20/02/2023;MOT;EUROMOT;XS2586944147;Poland Tf 4,25% Fb43 Eur;EUR;1000;Senior;14/02/2023;;14/02/2043;;
20/02/2023;MOT;EUROMOT;XS2586944659;Poland Tf 3,875% Fb33 Eur;EUR;1000;Senior;14/02/2023;;14/02/2033;;
16/02/2023;EUROTLX;EUROTLX;XS2582098187;Mediobanca Mc Fb28 Eur;EUR;1000;Senior;;;15/02/2028;;
16/02/2023;MOT;EUROMOT;NL0015001AM2;Netherlands Tf 2,5% Lg33 Eur;EUR;1000;Senior;09/02/2023;;15/07/2033;;
15/02/2023;EUROTLX;EUROTLX;XS2299521299;Bnp Issuance Tv Ge27 Eur;EUR;1000;Senior;;;31/01/2027;;
15/02/2023;EUROTLX;EUROTLX;XS2299521026;Bnp Issuance Mc Ge27 Call Eur;EUR;1000;Senior;;;31/01/2027;;
14/02/2023;EUROTLX;EUROTLX;XS2469997915;Barclays Mc Fb33 Eur;EUR;1000;Senior;;;14/02/2033;;
10/02/2023;MOT;DOMESTICMOT;IT0005521171;Eni Sdg Linked Tf 4,3% Fb28 Eur;EUR;1000;Senior;10/02/2023;;10/02/2028;;
09/02/2023;EUROTLX;EUROTLX;XS2583205906;A2a Green Bond Tf 4,375% Fb34 Call Eur;EUR;100000;Senior;;;03/02/2034;;
09/02/2023;EUROTLX;EUROTLX;XS2577528016;Mediobanca Mc Fb33 Sub Tier2 Call Eur;EUR;250000;TIER II;;;08/02/2033;;
09/02/2023;EUROTLX;EUROTLX;XS2110105769;Citigroup Mc Fb27 Eur;EUR;1000;Senior;;;08/02/2027;;
09/02/2023;EUROTLX;EUROTLX;FR0013334695;Rci Banque Tf 1,625% Mg26 Call Eur;EUR;1000;Senior;;;26/05/2026;;
07/02/2023;MOT;EUROMOT;XS2580724727;Aiib Zc Fb43 Mxn;MXN;10000;Senior;02/02/2023;;02/02/2043;;
07/02/2023;MOT;EUROMOT;FI4000546528;Finland Tf 2,75% Ap38 Eur;EUR;1000;Senior;02/02/2023;;15/04/2038;;
07/02/2023;MOT;EUROMOT;ES0000012L52;Obligaciones Tf 3,15% Ap33 Eur;EUR;1000;Senior;01/02/2023;;30/04/2033;;
06/02/2023;MOT;EUROMOT;XS2580296403;Adb Zc Fb43 Zar;ZAR;1000;Senior;01/02/2023;;01/02/2043;;
06/02/2023;MOT;EUROMOT;XS2577109049;World Bank Sustainable Tf 2,9% Ge33 Eur;EUR;1000;Senior;19/01/2023;;19/01/2033;;
06/02/2023;MOT;EUROMOT;XS2574388646;Eib Tf 2,88% Ge33 Eur;EUR;1000;Senior;12/01/2023;;12/01/2033;;
03/02/2023;MOT;EUROMOT;XS2581380826;Afdb Zc Fb38 Zar;ZAR;500000;Senior;01/02/2023;;01/02/2038;;
02/02/2023;MOT;EUROMOT;CA459058KM45;World Bank Sustainable Tf 3,7% Ge28 Cad;CAD;1000;Senior;18/01/2023;;18/01/2028;;
01/02/2023;EUROTLX;EUROTLX;XS2581393134;Telecom It Tf 6,875% Fb28 Call Eur;EUR;100000;Senior;;;15/02/2028;;
01/02/2023;EUROTLX;EUROTLX;XS2579897633;Autostrade Sdg Link Tf4,75% Ge31 Calleur;EUR;100000;Senior;;;24/01/2031;;
01/02/2023;EUROTLX;EUROTLX;XS2579284469;Acea Green Bond Tf 3,875% Ge31 Call Eur;EUR;100000;Senior;;;24/01/2031;;
01/02/2023;MOT;EUROMOT;XS2579483319;Bulgaria Tf 4,5% Ge33 Eur;EUR;1000;Senior;27/01/2023;;27/01/2033;;
31/01/2023;EUROTLX;EUROTLX;XS2577533875;Iccrea Social Bond Mc Ge28 Call Eur;EUR;100000;Senior;;;20/01/2028;;
30/01/2023;EUROTLX;EUROTLX;XS2577572188;Banco Bpm Green Bond Tf 4,875% Ge27 Eur;EUR;100000;Senior;;;18/01/2027;;
30/01/2023;EUROTLX;EUROTLX;XS2574873266;E.On Tf 3,5% Ge28 Call Eur;EUR;1000;Senior;;;12/01/2028;;
30/01/2023;EUROTLX;EUROTLX;XS2574873183;E.On Green Bond Tf 3,875% Ge35 Call Eur;EUR;1000;Senior;;;12/01/2035;;
30/01/2023;EUROTLX;EUROTLX;XS2110112385;Citigroup Mc Ge28 Eur;EUR;1000;Senior;;;30/01/2028;;
27/01/2023;MOT;EUROMOT;GR0124039737;Ggb Tf 4,25% Gn33 Eur;EUR;10000;Senior;24/01/2023;;15/06/2033;;
26/01/2023;EUROTLX;EUROTLX;XS2577874782;Heidelberg Sdg Link Tf3,75% Mg32 Calleur;EUR;1000;Senior;;;31/05/2032;;
26/01/2023;EUROTLX;EUROTLX;XS2577518488;Banca Ifis Tf 6,125% Ge27 Eur;EUR;100000;Senior;;;19/01/2027;;
26/01/2023;EUROTLX;EUROTLX;FR001400F0U6;Rci Banque Tf 4,625% Lg26 Call Eur;EUR;1000;Senior;;;13/07/2026;;
26/01/2023;MOT;EUROMOT;XS2574382797;Eib Green Bond Tf 9,25% Ge33 Mxn;MXN;10000;Senior;13/01/2023;;13/01/2033;;
25/01/2023;MOT;EUROMOT;DE000BU25000;Bobl Tf 2,2% Ap28 Eur;EUR;1000;Senior;19/01/2023;;13/04/2028;;
24/01/2023;EUROTLX;EUROTLX;XS2577396430;Pirelli Sdg Linked Tf4,25% Ge28 Call Eur;EUR;100000;Senior;;;18/01/2028;;
24/01/2023;EUROTLX;EUROTLX;FR0014004AF5;Air Fra-Klm Tf 3,875% Lg26 Call Eur;EUR;100000;Senior;;;01/07/2026;;
23/01/2023;EUROTLX;EUROTLX;XS2577053825;Unicredit Mc Ge29 Call Eur;EUR;100000;Senior;;;17/01/2029;;
23/01/2023;MOT;EUROMOT;XS2571924070;Romania Tf 7,625% Ge53 Usd;USD;2000;Senior;17/01/2023;;17/01/2053;;
23/01/2023;MOT;EUROMOT;XS2571923007;Romania Tf 7,125% Ge33 Usd;USD;2000;Senior;17/01/2023;;17/01/2033;;
23/01/2023;MOT;EUROMOT;XS2571922884;Romania Tf 6,625% Fb28 Usd;USD;2000;Senior;17/01/2023;;17/02/2028;;
23/01/2023;MOT;EUROMOT;ES0000012L29;Bonos Tf 2,8% Mg26 Eur;EUR;1000;Senior;17/01/2023;;31/05/2026;;
23/01/2023;MOT;EUROMOT;BE0000357666;Belgium Tf 3% Gn33 Eur;EUR;1000;Senior;17/01/2023;;22/06/2033;;
18/01/2023;EUROTLX;EUROTLX;XS2570955505;Bdm-Mcc Mc Dc32 Sub Tier2 Call Eur;EUR;200000;TIER II;;;29/12/2032;;
18/01/2023;MOT;EUROMOT;XS2574268822;Kfw Tf 3,18% Mz28 Nok;NOK;10000;Senior;11/01/2023;;15/03/2028;;
18/01/2023;MOT;EUROMOT;PTOTEZOE0014;Portugal Tf 3,5% Gn38 Eur;EUR;1000;Senior;12/01/2023;;18/06/2038;;
18/01/2023;MOT;EUROMOT;IE000GVLBXU6;Ireland Green Bond Tf 3% Ot43 Eur;EUR;1000;Senior;12/01/2023;;18/10/2043;;
18/01/2023;MOT;EUROMOT;DE000BU2Z007;Bund Tf 2,3% Fb33 Eur;EUR;1000;Senior;13/01/2023;;15/02/2033;;
16/01/2023;MOT;EUROMOT;AT0000A324S8;Austria Tf 2,9% Fb33 Eur;EUR;1000;Senior;11/01/2023;;20/02/2033;;
13/01/2023;MOT;BTP;IT0005530032;Btp Tf 4,45% St43 Eur;EUR;1000;Senior;01/09/2022;;01/09/2043;;
12/01/2023;MOT;EUROMOT;XS2431006233;World Bank Sustainable Tf 1,25% Dc28 Gbp;GBP;1000;Senior;13/01/2022;;13/12/2028;;
12/01/2023;MOT;EUROMOT;XS2398918024;Eib Sustainable Tf 0,875% Mg26 Gbp;GBP;1000;Senior;20/10/2021;;15/05/2026;;
12/01/2023;MOT;EUROMOT;XS2365061931;Worldbank Sustainable Tf 0,625% Lg28 Gbp;GBP;1000;Senior;15/07/2021;;14/07/2028;;
12/01/2023;MOT;EUROMOT;XS2281370903;Eib Tf 0,125% Dc26 Gbp;GBP;1000;Senior;14/01/2021;;14/12/2026;;
03/01/2023;EUROTLX;EUROTLX;XS2508118374;Sg Issuer Mc Dc27 Call Eur;EUR;1000;Senior;;;23/12/2027;;
29/12/2022;EUROTLX;EUROTLX;IT0005520470;Mediobanca Tf 3,4% Dc27 Eur;EUR;1000;Senior;;;21/12/2027;;
27/12/2022;MOT;EUROMOT;XS2552842150;Gs Group Mc Dc32 Eur;EUR;1000;Senior;22/12/2022;;22/12/2032;;
22/12/2022;EUROTLX;EUROTLX;IT0005519571;Intsanpaolo Tv Eur3m+1,34 Dc27 Eur;EUR;100000;Senior;;;22/12/2027;;
22/12/2022;EUROTLX;EUROTLX;IT0005519332;Intsanpaolo Tf 4,08% Dc26 Eur;EUR;100000;Senior;;;22/12/2026;;
21/12/2022;MOT;EUROMOT;XS1963719585;Eib Tf 3% Nv29 Pln;PLN;1000;Senior;22/03/2019;;25/11/2029;;
21/12/2022;MOT;EUROMOT;US459058KH57;World Bank Sustainable Tv +0,3 Ge29 Usd;USD;1000;Senior;24/01/2022;;24/01/2029;;
21/12/2022;MOT;EUROMOT;US459058KD44;World Bank Sustainable Tv +0,29 Nv28 Usd;USD;1000;Senior;22/11/2021;;22/11/2028;;
16/12/2022;EUROTLX;EUROTLX;IT0005523896;Bper Banca Mc Fb28 Call Eur;EUR;150000;Senior;;;01/02/2028;;
12/12/2022;EUROTLX;EUROTLX;XS2563002653;Mediobanca Sustainable Mc Fb29 Call Eur;EUR;100000;Senior;;;07/02/2029;;
12/12/2022;EUROTLX;EUROTLX;XS2554493622;Unicredit Tf 4% Dc26 Eur;EUR;10000;Senior;;;05/12/2026;;
12/12/2022;EUROTLX;EUROTLX;XS2521913306;Gs Group Mc Dc26 Eur;EUR;1000;Senior;;;07/12/2026;;
08/12/2022;MOT;EUROMOT;XS2558594391;Hungary Green Tf 5% Fb27 Eur;EUR;1000;Senior;21/11/2022;;22/02/2027;;
01/12/2022;MOT;EUROMOT;EU000A3K4DY4;Eu Mfa Tf 3% Mz53 Eur;EUR;1000;Senior;22/11/2022;;04/03/2053;;
30/11/2022;EUROTLX;EUROTLX;XS2558591967;Banco Bpm Green Bond Mc Ge28 Call Eur;EUR;150000;Senior;;;21/01/2028;;
29/11/2022;MOT;BTP;IT0005521981;Btp Tf 3,4% Ap28 Eur;EUR;1000;Senior;30/11/2022;;01/04/2028;;
28/11/2022;MOT;EUROMOT;EU000A3K4DW8;Eu Next Gen Green Bond Tf 2,75% Fb33 Eur;EUR;1000;Senior;22/11/2022;;04/02/2033;;
21/11/2022;MOT;EUROMOT;US857524AE20;Poland Tf 5,75% Nv32 Call Usd;USD;1000;Senior;16/11/2022;;16/11/2032;;
21/11/2022;MOT;EUROMOT;US857524AD47;Poland Tf 5,5% Nv27 Call Usd;USD;1000;Senior;16/11/2022;;16/11/2027;;
18/11/2022;EUROTLX;EUROTLX;XS2555420103;Unicredit Green Bond Mc Nv27 Call Eur;EUR;150000;Senior;;;15/11/2027;;
17/11/2022;MOT;BTP;IT0005517195;Btp Italia Nv28 Eur;EUR;1000;Senior;22/11/2022;;22/11/2028;;
16/11/2022;EUROTLX;EUROTLX;IT0005494270;Banca Adria Sc Lg27 Eur;EUR;1000;Senior;;;05/07/2027;;
14/11/2022;EUROTLX;EUROTLX;XS2521882071;Gs Group Tv Nv26 Eur;EUR;1000;Senior;;;09/11/2026;;
14/11/2022;MOT;BTP;IT0005519787;Btp Tf 3,85% Dc29 Eur;EUR;1000;Senior;15/11/2022;;15/12/2029;;
11/11/2022;EUROTLX;EUROTLX;XS2541570409;Citigroup Gm Mc Nv27 Eur;EUR;1000;Senior;;;09/11/2027;;
10/11/2022;EUROTLX;EUROTLX;XS2440511975;Bnp Issuance Tv Ot26 Eur;EUR;1000;Senior;;;31/10/2026;;
10/11/2022;EUROTLX;EUROTLX;IT0005494056;Cr Fossano Mc Mg27 Eur;EUR;1000;Senior;;;06/05/2027;;
04/11/2022;EUROTLX;EUROTLX;XS2476489682;Sg Issuer Mc Ot27 Eur;EUR;1000;Senior;;;27/10/2027;;
02/11/2022;EUROTLX;EUROTLX;XS2541433590;Unicredit Tf 4,15% Ap27 Eur;EUR;10000;Senior;;;26/04/2027;;
31/10/2022;EUROTLX;EUROTLX;XS0459924386;Deutsche Bk Mc Ind Link Ot27 Eur;EUR;1000;Senior;;;28/10/2027;;
31/10/2022;MOT;EUROMOT;SI0002104121;Slovenia Tf 0,687% Mz81 Eur;EUR;1000;Senior;03/02/2021;;03/03/2081;;
31/10/2022;MOT;EUROMOT;SI0002103842;Slovenia Tf 1,187% Mz29 Eur;EUR;1000;Senior;14/01/2019;;14/03/2029;;
31/10/2022;MOT;EUROMOT;SI0002103677;Slovenia Tf 1,75% Nv40 Eur;EUR;1000;Senior;03/11/2016;;03/11/2040;;
31/10/2022;MOT;BTP;IT0005518128;Btp Tf 4,40% Mg33 Eur;EUR;1000;Senior;01/11/2022;;01/05/2033;;
28/10/2022;EUROTLX;EUROTLX;XS2411537033;Bp Sondrio Mc Fb32 Sub Tier2 Call Eur;EUR;100000;TIER II;;;25/02/2032;;
27/10/2022;MOT;EUROMOT;EU000A3K4DV0;Eu Next Gen Tf 3,375% Nv42 Eur;EUR;1000;Senior;18/10/2022;;04/11/2042;;
25/10/2022;MOT;EUROMOT;NL00150012X2;Netherlands Tf 2% Ge54 Eur;EUR;1000;Senior;29/09/2022;;15/01/2054;;
25/10/2022;MOT;EUROMOT;DE0001102622;Bund Tf 2,1% Nv29 Eur;EUR;1000;Senior;20/10/2022;;15/11/2029;;
25/10/2022;MOT;EUROMOT;DE0001102614;Bund Tf 1,8% Ag53 Eur;EUR;1000;Senior;15/08/2022;;15/08/2053;;
21/10/2022;EUROTLX;EUROTLX;XS2545759099;Intsanpaolo Social Bond 5,25% Ge30 Eur;EUR;100000;Senior;;;13/01/2030;;
21/10/2022;EUROTLX;EUROTLX;XS2533094400;Mediobanca Tf 3,4% Ot26 Eur;EUR;1000;Senior;;;21/10/2026;;
21/10/2022;EUROTLX;EUROTLX;XS2428618685;Bnp Issuance Tv St26 Eur;EUR;1000;Senior;;;30/09/2026;;
14/10/2022;MOT;EUROMOT;XS2436031616;Bnp Issuance Mc Ot27 Eur;EUR;1000;Senior;13/10/2022;;13/10/2027;;
13/10/2022;EUROTLX;EUROTLX;USF2893TAR70;Edf Tf 5,25% Ot55 Call Usd;USD;2000;Senior;;;13/10/2055;;
13/10/2022;EUROTLX;EUROTLX;USF2893TAQ97;Edf Tf 4,95% Ot45 Call Usd;USD;2000;Senior;;;13/10/2045;;
13/10/2022;EUROTLX;EUROTLX;USF2893TAP15;Edf Tf 4,75% Ot35 Call Usd;USD;2000;Senior;;;13/10/2035;;
13/10/2022;EUROTLX;EUROTLX;USF2893TAK28;Edf Tf 4,875% Ge44 Usd;USD;2000;Senior;;;22/01/2044;;
13/10/2022;EUROTLX;EUROTLX;USF2893TAE67;Edf Tf 5,6% Ge40 Usd;USD;2000;Senior;;;27/01/2040;;
11/10/2022;MOT;EUROMOT;XS2539608336;World Bank Zc St52 Mxn;MXN;100000;Senior;30/09/2022;;30/09/2052;;
11/10/2022;MOT;EUROMOT;XS2539440722;Aiib Tf 30% St27 Try;TRY;20000;Senior;29/09/2022;;29/09/2027;;
11/10/2022;MOT;EUROMOT;XS2468431049;Ebrd Zc Ap27 Try;TRY;1000;Senior;12/04/2022;;12/04/2027;;
07/10/2022;EUROTLX;EUROTLX;XS2110100455;Citigroup Social Bond Tf 4,05% St27 Usd;USD;2000;Senior;;;30/09/2027;;
07/10/2022;MOT;EUROMOT;XS2537091899;Ebrd Tf 28% St27 Try;TRY;10000;Senior;27/09/2022;;27/09/2027;;
07/10/2022;MOT;EUROMOT;XS1480880555;Ifc Zc Ag26 Zar;ZAR;10000;Senior;24/08/2016;;24/08/2026;;
06/10/2022;EUROTLX;EUROTLX;XS2529280062;Unicredit Tf 3,9% St26 Eur;EUR;150000;Senior;;;28/09/2026;;
06/10/2022;EUROTLX;EUROTLX;XS0459914239;Deutsche Bk Tv Ot27 Eur;EUR;1000;Senior;;;06/10/2027;;
06/10/2022;EUROTLX;EUROTLX;IT0005507832;Mediobanca Tf 2,9% St27 Eur;EUR;1000;Senior;;;28/09/2027;;
06/10/2022;MOT;EUROMOT;XS2433833071;World Bank Green Bond Zc Ge29 Brl;BRL;10000;Senior;19/01/2022;;19/01/2029;;
06/10/2022;MOT;EUROMOT;EU000A3K4DT4;Eu Next Gen Tf 2,5% Ot52 Eur;EUR;1000;Senior;20/09/2022;;04/10/2052;;
06/10/2022;MOT;EUROMOT;EU000A3K4DS6;Eu Next Gen Tf 2% Ot27 Eur;EUR;1000;Senior;20/09/2022;;04/10/2027;;
06/10/2022;MOT;EUROMOT;AT0000A308C5;Austria Tf 2% Lg26 Eur;EUR;1000;Senior;28/09/2022;;15/07/2026;;
04/10/2022;MOT;EUROMOT;XS2536817484;Bulgaria Tf 4,625% St34 Eur;EUR;1000;Senior;23/09/2022;;23/09/2034;;
04/10/2022;MOT;EUROMOT;XS2536817211;Bulgaria Tf 4,125% St29 Eur;EUR;1000;Senior;23/09/2022;;23/09/2029;;
04/10/2022;MOT;EUROMOT;ES0000012K95;Obligaciones Tf 3,45% Lg43 Eur;EUR;1000;Senior;27/09/2022;;30/07/2043;;
04/10/2022;MOT;EUROMOT;BE0000356650;Belgium Green Bond Tf 2,75% Ap39 Eur;EUR;1000;Senior;21/09/2022;;22/04/2039;;
03/10/2022;EUROTLX;EUROTLX;IT0005507840;Mediobanca Sc St26 Eur;EUR;1000;Senior;;;30/09/2026;;
03/10/2022;MOT;EUROMOT;XS2538441598;Romania Tf 6,625% St29 Eur;EUR;1000;Senior;27/09/2022;;27/09/2029;;
03/10/2022;MOT;EUROMOT;XS2538440780;Romania Tf 5% St26 Eur;EUR;1000;Senior;27/09/2022;;27/09/2026;;
29/09/2022;EUROTLX;EUROTLX;IT0005507436;Mediobanca Mc St26 Eur;EUR;1000;Senior;;;28/09/2026;;
27/09/2022;EUROTLX;EUROTLX;XS2534976886;A2a Green Bond 4,5% St30 Call Eur;EUR;100000;Senior;;;19/09/2030;;
26/09/2022;EUROTLX;EUROTLX;XS2534908889;Bper Banca Mc Ge33 Sub Tier2 Call Eur;EUR;200000;TIER II;;;20/01/2033;;
26/09/2022;EUROTLX;EUROTLX;XS2443527234;Iccrea Banca Mc St27 Call Eur;EUR;100000;Senior;;;20/09/2027;;
26/09/2022;MOT;DOMESTICMOT;IT0005503393;Kme Group Tf 5% St27 Call Eur;EUR;1;Senior;23/09/2022;;23/09/2027;;
22/09/2022;EUROTLX;EUROTLX;XS2532681074;Fs Green Bond 3,75% Ap27 Eur;EUR;100000;Senior;;;14/04/2027;;
21/09/2022;MOT;EUROMOT;FR001400CMX2;Oat Tf 2,5% Mg43 Eur;EUR;1000;Senior;25/05/2022;;25/05/2043;;
20/09/2022;EUROTLX;EUROTLX;US037833DD98;Apple Tf 3,75% St47 Call Usd;USD;2000;Senior;;;12/09/2047;;
20/09/2022;EUROTLX;EUROTLX;US037833CX61;Apple Tf 3% Gn27 Call Usd;USD;2000;Senior;;;20/06/2027;;
20/09/2022;EUROTLX;EUROTLX;US037833CJ77;Apple Tf 3,35% Fb27 Call Usd;USD;2000;Senior;;;09/02/2027;;
20/09/2022;EUROTLX;EUROTLX;US037833CH12;Apple Tf 4,25% Fb47 Call Usd;USD;2000;Senior;;;09/02/2047;;
20/09/2022;EUROTLX;EUROTLX;US037833BX70;Apple Tf 4,65% Fb46 Call Usd;USD;2000;Senior;;;23/02/2046;;
20/09/2022;EUROTLX;EUROTLX;US037833BW97;Apple Tf 4,5% Fb36 Call Usd;USD;2000;Senior;;;23/02/2036;;
20/09/2022;EUROTLX;EUROTLX;US037833BH21;Apple Tf 4,375% Mg45 Call Usd;USD;2000;Senior;;;13/05/2045;;
20/09/2022;EUROTLX;EUROTLX;US037833BA77;Apple Tf 3,45% Fb45 Call Usd;USD;2000;Senior;;;09/02/2045;;
20/09/2022;EUROTLX;EUROTLX;US037833AT77;Apple Tf 4,45% Mg44 Call Usd;USD;2000;Senior;;;06/05/2044;;
20/09/2022;EUROTLX;EUROTLX;US037833AL42;Apple Tf 3,85% Mg43 Call Usd;USD;2000;Senior;;;04/05/2043;;
20/09/2022;EUROTLX;EUROTLX;US023135AP19;Amazon Tf 4,8% Dc34 Call Usd;USD;2000;Senior;;;05/12/2034;;
19/09/2022;EUROTLX;EUROTLX;XS2530053789;Banco Bpm Green Bond 6% St26 Eur;EUR;150000;Senior;;;13/09/2026;;
16/09/2022;EUROTLX;EUROTLX;XS2110087413;Citigroup Mc St26 Eur;EUR;1000;Senior;;;01/09/2026;;
15/09/2022;EUROTLX;EUROTLX;XS2531420656;Efi Sdg Linked Tf 3,875% Mz29 Call Eur;EUR;100000;Senior;;;09/03/2029;;
15/09/2022;EUROTLX;EUROTLX;XS2530769921;Banca Pop Ad Mc St32 Sub Tier2 Call Eur;EUR;200000;TIER II;;;09/09/2032;;
14/09/2022;EUROTLX;EUROTLX;XS2470212726;Gs Group Mc St28 Eur;EUR;1000;Senior;;;07/09/2028;;
13/09/2022;MOT;EUROMOT;DE0001030740;Bobl Green Tf 1,3% Ot27 Eur;EUR;1000;Senior;30/06/2022;;15/10/2027;;
09/09/2022;MOT;EUROMOT;XS2470210514;Gs Group Mc St27 Eur;EUR;1000;Senior;06/09/2022;;06/09/2027;;
09/09/2022;MOT;BTP;IT0005508590;Btpgreen 4%Ap35eur;EUR;1000;Senior;30/04/2022;;30/04/2035;;
05/09/2022;MOT;EUROMOT;XS2524143125;Ifc Green Bond Tf 8,25% Ag34 Zar;ZAR;20000;Senior;25/08/2022;;25/08/2034;;
05/09/2022;MOT;EUROMOT;FI4000527551;Finland Tf 1,375% Ap27 Eur;EUR;1000;Senior;30/08/2022;;15/04/2027;;
02/09/2022;EUROTLX;EUROTLX;US89236TDR32;Toyota Credi Tf 3,2% Ge27 Call Usd;USD;2000;Senior;;;11/01/2027;;
31/08/2022;EUROTLX;EUROTLX;XS2508243941;Unicredit Tf 3,05% Ag27 Eur;EUR;10000;Senior;;;24/08/2027;;
31/08/2022;MOT;EUROMOT;AU3CB0236883;World Bank Tf 3% Ot26 Aud;AUD;1000;Senior;19/04/2016;;19/10/2026;;
24/08/2022;EUROTLX;EUROTLX;IT0005480246;Bcc Pianfei Tf 0,5% Ge27 Eur;EUR;1000;Senior;;;10/01/2027;;
22/08/2022;EUROTLX;EUROTLX;XS2470208294;Gs Group Mc Ag26 Eur;EUR;1000;Senior;;;17/08/2026;;
17/08/2022;EUROTLX;EUROTLX;XS2396274636;Bnp Issuance Tv Lg26 Eur;EUR;1000;Senior;;;29/07/2026;;
17/08/2022;EUROTLX;EUROTLX;XS2392609181;Bnp Issuance Tv Lg27 Eur;EUR;1000;Senior;;;29/07/2027;;
10/08/2022;EUROTLX;EUROTLX;XS2436470459;Sg Issuer Mc Ag29 Call Usd;USD;2000;Senior;;;03/08/2029;;
10/08/2022;EUROTLX;EUROTLX;XS0459921879;Deutsche Bk Oc Ind Link Ag26 Eur;EUR;1000;Senior;;;10/08/2026;;
05/08/2022;EUROTLX;EUROTLX;XS2470196002;Gs Group Tf 3,45% Lg26 Usd;USD;2000;Senior;;;29/07/2026;;
05/08/2022;EUROTLX;EUROTLX;XS0459915806;Deutsche Bk Tv Ag27 Eur;EUR;1000;Senior;;;05/08/2027;;
05/08/2022;MOT;EUROMOT;XS2485249523;Romania Tf 6% Mg34 Usd;USD;2000;Senior;25/05/2022;;25/05/2034;;
05/08/2022;MOT;EUROMOT;XS2485248806;Romania Tf 5,25% Nv27 Usd;USD;2000;Senior;25/05/2022;;25/11/2027;;
03/08/2022;EUROTLX;EUROTLX;XS2502390250;Unicredit Tf 3,05% Lg27 Eur;EUR;10000;Senior;;;27/07/2027;;
03/08/2022;EUROTLX;EUROTLX;XS2499011059;Unicredit Tf 3,25% Lg27 Eur;EUR;10000;Senior;;;27/07/2027;;
23/07/2022;EUROTLX;EUROTLX;XS2493296730;Mediobanca Tf 3% Lg26 Eur;EUR;1000;Senior;;;13/07/2026;;
23/07/2022;MOT;EUROMOT;FR001400BKZ3;Oat Tf 2% Nv32 Eur;EUR;1000;Senior;25/11/2021;;25/11/2032;;
23/07/2022;MOT;EUROMOT;EU000A3K7MW2;Eu Next Gen Tf 1,625% Dc29 Eur;EUR;1000;Senior;19/07/2022;;04/12/2029;;
15/07/2022;EUROTLX;EUROTLX;XS2488465423;Credem Social Mc Ot32 Sub Tier2 Call Eur;EUR;200000;TIER II;;;05/10/2032;;
15/07/2022;EUROTLX;EUROTLX;FR001400B1L7;Rci Banque Tf 4,75% Lg27 Call Eur;EUR;1000;Senior;;;06/07/2027;;
12/07/2022;EUROTLX;EUROTLX;XS2110099855;Citigroup Social Bond Tv Lg26 Eur;EUR;1000;Senior;;;12/07/2026;;
12/07/2022;MOT;EUROMOT;XS2392623760;Bnp Issuance Mc Lg27 Usd;USD;1000;Senior;11/07/2022;;11/07/2027;;
12/07/2022;MOT;EUROMOT;DE0001102606;Bund Tf 1,7% Ag32 Eur;EUR;1000;Senior;08/07/2022;;15/08/2032;;
08/07/2022;MOT;EUROMOT;EU000A3K4DM9;Eu Next Gen Green Bond Tf2,625% Fb48 Eur;EUR;1000;Senior;28/06/2022;;04/02/2048;;
07/07/2022;EUROTLX;EUROTLX;XS2491637323;Bnp Tv Gn26 Eur;EUR;1000;Senior;;;30/06/2026;;
06/07/2022;EUROTLX;EUROTLX;US91282CEN74;Usa Tf 2,75% Ap27 Usd;USD;1000;Senior;;;30/04/2027;;
06/07/2022;EUROTLX;EUROTLX;US91282CEM91;Usa Tf 2,875% Ap29 Usd;USD;1000;Senior;;;30/04/2029;;
06/07/2022;EUROTLX;EUROTLX;US912810TG31;Usa Tf 2,875% Mg52 Usd;USD;1000;Senior;;;15/05/2052;;
06/07/2022;EUROTLX;EUROTLX;IT0005499857;Bnl Tv Eur3m+0,08 Lg26 Covered Eur;EUR;100000;COVERED;;;28/07/2026;;
04/07/2022;MOT;EUROMOT;DE0001141869;Bobl Tf 1,3% Ot27 Eur;EUR;1000;Senior;30/06/2022;;15/10/2027;;
01/07/2022;EUROTLX;EUROTLX;US91282CET45;Usa Tf 2,625% Mg27 Usd;USD;1000;Senior;;;31/05/2027;;
01/07/2022;EUROTLX;EUROTLX;US91282CES61;Usa Tf 2,75% Mg29 Usd;USD;1000;Senior;;;31/05/2029;;
01/07/2022;EUROTLX;EUROTLX;US91282CEP23;Usa Tf 2,875% Mg32 Usd;USD;1000;Senior;;;15/05/2032;;
01/07/2022;EUROTLX;EUROTLX;US912810TH14;Usa Tf 3,25% Mg42 Usd;USD;1000;Senior;;;15/05/2042;;
01/07/2022;MOT;BTP;IT0005500068;Btp Tf 2,65% Dc27 Eur;EUR;1000;Senior;04/07/2022;;01/12/2027;;
30/06/2022;EUROTLX;EUROTLX;XS0460007064;Deutsche Bk Oc Ind Link Gn27 Eur;EUR;1000;Senior;;;30/06/2027;;
27/06/2022;MOT;EUROMOT;XS2487342649;Lithuania Tf 2,125% Gn32 Eur;EUR;1000;Senior;01/06/2022;;01/06/2032;0;
27/06/2022;MOT;EUROMOT;XS2181347183;Estonia Tf 0,125% Gn30 Eur;EUR;1000;Senior;10/06/2020;;10/06/2030;0;
23/06/2022;MOT;BTP;IT0005497000;Btp Italia Gn30 Eur;EUR;1000;Senior;28/06/2022;;28/06/2030;0;
22/06/2022;MOT;EUROMOT;XS2364754411;Lithuania Tf 0,75% Lg51 Eur;EUR;1000;Senior;15/07/2021;;15/07/2051;;
22/06/2022;MOT;EUROMOT;XS1619568139;Lithuania Tf 2,1% Mg47 Eur;EUR;1000;Senior;26/05/2017;;26/05/2047;;
21/06/2022;EUROTLX;EUROTLX;XS2486825826;Intsanpaolo Tf 2,35% Gn27 Eur;EUR;100000;Senior;;;16/06/2027;;
21/06/2022;EUROTLX;EUROTLX;XS2474941460;Citigroup Gm Tv Gn27 Eur;EUR;1000;Senior;;;17/06/2027;;
17/06/2022;EUROTLX;EUROTLX;IT0005495210;Intsanpaolo Tv Eur3m+1,02 Gn27 Eur;EUR;100000;Senior;;;16/06/2027;;
17/06/2022;MOT;EUROMOT;XS2489772561;Ifc Tf 6,4% Gn27 Ron;RON;100000;Senior;14/06/2022;;14/06/2027;0;
17/06/2022;MOT;EUROMOT;XS2213808863;Ebrd Zc Ag30 Try;TRY;10000;Senior;28/08/2020;;28/08/2030;0;
17/06/2022;MOT;EUROMOT;XS2210006339;Lithuania Tf 0,5% Lg50 Eur;EUR;1000;Senior;28/07/2020;;28/07/2050;0;
17/06/2022;MOT;EUROMOT;XS2013678086;Lithuania Tf 1,625% Gn49 Eur;EUR;1000;Senior;19/06/2019;;19/06/2049;0;
17/06/2022;MOT;EUROMOT;ES0000012K61;Obligaciones Tf 2,55% Ot32 Eur;EUR;1000;Senior;14/06/2022;;31/10/2032;0;
14/06/2022;MOT;EUROMOT;XS2444203462;World Bank Green Bond Tf 6,75% Gn27 Mxn;MXN;25000;Senior;11/02/2022;;17/06/2027;0;
10/06/2022;EUROTLX;EUROTLX;IT0005495202;Intsanpaolo Tf 2,64% Gn27 Eur;EUR;100000;Senior;;;10/06/2027;;
10/06/2022;MOT;EUROMOT;FR001400AQH0;Oatei Green Bond Tf 0,1% Lg38 Eur;EUR;1000;Senior;25/07/2021;;25/07/2038;0;
07/06/2022;MOT;EUROMOT;XS1653972312;Ifc Tf 8% Lg27 Zar;ZAR;10000;Senior;27/07/2017;;27/07/2027;0;
07/06/2022;MOT;EUROMOT;FI4000523238;Finland Tf 1,5% St32 Eur;EUR;1000;Senior;01/06/2022;;15/09/2032;0;
02/06/2022;MOT;EUROMOT;AT0000A2Y8G4;Austria Green Bond Tf 1,85% Mg49 Eur;EUR;1000;Senior;31/05/2022;;23/05/2049;0;
01/06/2022;MOT;EUROMOT;XS2483844176;World Bank Zc Mg37 Brl;BRL;10000;Senior;26/05/2022;;26/05/2037;0;
30/05/2022;MOT;EUROMOT;XS2447602793;Poland Tf 2,75% Mg32 Eur;EUR;1000;Senior;25/05/2022;;25/05/2032;0;
29/05/2022;MOT;EUROMOT;XS2482615957;Intsanpaolo Tf 4,5% Mg29 Usd;USD;2000;Senior;25/05/2022;;25/05/2029;;
27/05/2022;MOT;EUROMOT;FR001400AIN5;Oat Tf 0,75% Fb28 Eur;EUR;1000;Senior;25/02/2022;;25/02/2028;0;
27/05/2022;MOT;BTP;IT0005496770;Btp Tf 3,25% Mz38 Eur;EUR;1000;Senior;01/03/2022;;01/03/2038;0;
26/05/2022;EUROTLX;EUROTLX;XS2482615957;Intsanpaolo Tf 4,5% Mg29 Usd;USD;2000;Senior;;;25/05/2029;;
26/05/2022;EUROTLX;EUROTLX;IT0005493652;Mediobanca Tf 2,1% Mg28 Eur;EUR;1000;Senior;;;25/05/2028;;
25/05/2022;EUROTLX;EUROTLX;XS2469317718;Mediobanca Mc Mg26 Eur;EUR;1000;Senior;;;20/05/2026;;
24/05/2022;EUROTLX;EUROTLX;XS2410414333;Citigroup Gm Tv Mg26 Eur;EUR;1000;Senior;;;20/05/2026;;
20/05/2022;EUROTLX;EUROTLX;NZGOVDT541C9;New Zeland Tf 1,75% Mg41 Nzd;NZD;10000;Senior;;;15/05/2041;;
20/05/2022;EUROTLX;EUROTLX;NO0012440397;Norway Tf 2,125% Mg32 Nok;NOK;1000;Senior;;;18/05/2032;;
20/05/2022;EUROTLX;EUROTLX;AU0000143901;Australia Tf 1,75% Nv32 Aud;AUD;1000;Senior;;;21/11/2032;;
20/05/2022;EUROTLX;EUROTLX;AU0000075681;Australia Tf 1,25% Mg32 Aud;AUD;1000;Senior;;;21/05/2032;;
20/05/2022;MOT;EUROMOT;US500769JQ84;Kfw Green Bond Tf 1% Ot26 Usd;USD;1000;Senior;20/10/2021;;01/10/2026;0;
18/05/2022;MOT;EUROMOT;US500769JT24;Kfw Tf 3% Mg27 Usd;USD;1000;Senior;28/04/2022;;20/05/2027;0;
16/05/2022;MOT;EUROMOT;US45906M3D11;World Bank Sustainable Tf 2,5% Mz32 Usd;USD;1000;Senior;29/03/2022;;29/03/2032;0;
16/05/2022;MOT;EUROMOT;US459058KA05;Worldbank Sustainable Tf 1,625% Nv31 Usd;USD;1000;Senior;03/11/2021;;03/11/2031;0;
16/05/2022;MOT;EUROMOT;US298785JR84;Eib Tf 1,75% Mz29 Usd;USD;1000;Senior;08/03/2022;;15/03/2029;0;
16/05/2022;MOT;EUROMOT;US298785JQ02;Eib Tf 1,375% Mz27 Usd;USD;1000;Senior;12/01/2022;;15/03/2027;0;
16/05/2022;MOT;EUROMOT;US298785JP29;Eib Tf 0,75% Ot26 Usd;USD;1000;Senior;01/09/2021;;26/10/2026;0;
13/05/2022;EUROTLX;EUROTLX;IT0005466229;Cr Fossano Tf 0,5% Nv26 Eur;EUR;1000;Senior;;;08/11/2026;;
13/05/2022;MOT;EUROMOT;XS2471908645;Ifc Zc Ap52 Mxn;MXN;20000;Senior;26/04/2022;;26/04/2052;0;
13/05/2022;MOT;BTP;IT0005495731;Btp Tf 2,80% Gn29 Eur;EUR;1000;Senior;16/05/2022;;15/06/2029;0;
09/05/2022;EUROTLX;EUROTLX;IT0005490955;Mediobanca Tf 3% Ap27 Usd;USD;2000;Senior;;;29/04/2027;;
09/05/2022;MOT;EUROMOT;XS2398707914;Gs Group Tf 3% Ap32 Call Eur;EUR;1000;Senior;05/05/2022;;05/04/2032;0;
06/05/2022;EUROTLX;EUROTLX;US71643VAB18;Pemex Tf 6,7% Fb32 Amort Call Usd;USD;10000;Senior;;;16/02/2032;;
04/05/2022;MOT;EUROMOT;XS2455938212;Alerion Green Tf 3,5% Mg28 Call Eur;EUR;1000;Senior;17/05/2022;;17/05/2028;0;
04/05/2022;MOT;EUROMOT;DE0001102598;Bund Tf 1% Mg38 Eur;EUR;1000;Senior;29/04/2022;;15/05/2038;0;
02/05/2022;MOT;BTP;IT0005494239;Btp Tf 2,5% Dc32 Eur;EUR;1000;Senior;03/05/2022;;01/12/2032;0;
30/04/2022;EUROTLX;EUROTLX;XS2459026204;Intsanpaolo Tf 1,45% Ap27 Eur;EUR;100000;Senior;;;27/04/2027;;
30/04/2022;EUROTLX;EUROTLX;XS2436303718;Sg Issuer Oc Ind Link Ap28 Eur;EUR;1000;Senior;;;26/04/2028;;
30/04/2022;EUROTLX;EUROTLX;XS0459891866;Deutsche Bk Oc Ind Link Nv27 Eur;EUR;1000;Senior;;;05/11/2027;;
30/04/2022;EUROTLX;EUROTLX;US91282CEF41;Usa Tf 2,5% Mz27 Usd;USD;1000;Senior;;;31/03/2027;;
30/04/2022;EUROTLX;EUROTLX;US91282CDY49;Usa Tf 1,875% Fb32 Usd;USD;1000;Senior;;;15/02/2032;;
30/04/2022;EUROTLX;EUROTLX;US91282CEC10;Usa Tf 1,875% Fb27 Usd;USD;1000;Senior;;;28/02/2027;;
30/04/2022;EUROTLX;EUROTLX;US91282CAV37;Usa Tf 0,875% Nv30 Usd;USD;1000;Senior;;;15/11/2030;;
30/04/2022;EUROTLX;EUROTLX;US912828Z781;Usa Tf 1,5% Ge27 Usd;USD;1000;Senior;;;31/01/2027;;
30/04/2022;EUROTLX;EUROTLX;US912810TF57;Usa Tf 2,375% Fb42 Usd;USD;1000;Senior;;;15/02/2042;;
30/04/2022;EUROTLX;EUROTLX;US912810TD00;Usa Tf 2,25% Fb52 Usd;USD;1000;Senior;;;15/02/2052;;
30/04/2022;EUROTLX;EUROTLX;NZGOVDT551C8;New Zeland Tf 2,75% Mg51 Nzd;NZD;10000;Senior;;;15/05/2051;;
30/04/2022;EUROTLX;EUROTLX;NZGOVDT532C8;New Zeland Tf 2% Mg32 Nzd;NZD;10000;Senior;;;15/05/2032;;
30/04/2022;EUROTLX;EUROTLX;NZGOVDT437C0;New Zeland Tf 2,75% Ap37 Nzd;NZD;10000;Senior;;;15/04/2037;;
30/04/2022;EUROTLX;EUROTLX;NO0010930522;Norway Tf 1,25% St31 Nok;NOK;1000;Senior;;;17/09/2031;;
30/04/2022;EUROTLX;EUROTLX;AU000XCLWAS7;Australia Tf 3% Mz47 Aud;AUD;1000;Senior;;;21/03/2047;;
22/04/2022;EUROTLX;EUROTLX;XS2447564332;Bmw Fin Tf 1% Mg28 Eur;EUR;1000;Senior;;;22/05/2028;;
22/04/2022;EUROTLX;EUROTLX;XS2438616240;Vw Fin Ser Tf 0,875% Ge28 Eur;EUR;1000;Senior;;;31/01/2028;;
22/04/2022;EUROTLX;EUROTLX;XS2374594823;Vw Fin Ser Tf 0,375% Fb30 Eur;EUR;1000;Senior;;;12/02/2030;;
20/04/2022;MOT;EUROMOT;XS2466401812;Bnp Mc Ap29 Eur;EUR;1000;Senior;19/04/2022;;19/04/2029;0;
20/04/2022;MOT;EUROMOT;XS2466405649;Bnp Mc Ap27 Eur;EUR;1000;Senior;19/04/2022;;19/04/2027;0;
19/04/2022;MOT;EUROMOT;PTOTEYOE0031;Portugal Tf 1,65% Lg32 Eur;EUR;1000;Senior;13/04/2022;;16/07/2032;0;
19/04/2022;MOT;EUROMOT;EU000A3K4DG1;Eu Next Gen Green Bond Tf 1,25% Fb43 Eur;EUR;1000;Senior;12/04/2022;;04/02/2043;0;
15/04/2022;EUROTLX;EUROTLX;XS2463212303;Unicredit Mc Ap22-Lg27 Call Eur;EUR;150000;Senior;;;07/07/2027;;
15/04/2022;EUROTLX;EUROTLX;XS2455982038;Unicredit Mc Lg27 Call Eur;EUR;150000;Senior;;;07/07/2027;;
15/04/2022;EUROTLX;EUROTLX;IT0005487134;Mediobanca Sc Ap28 Usd;USD;2000;Senior;;;13/04/2028;;
14/04/2022;MOT;EUROMOT;FR0014009O62;Oat Tf 1,25% Mg38 Eur;EUR;1000;Senior;25/05/2021;;25/05/2038;0;
09/04/2022;EUROTLX;EUROTLX;ZAG000125972;South Africa Tf 8,875% Fb35 Zar;ZAR;10000;Senior;;;28/02/2035;;
09/04/2022;EUROTLX;EUROTLX;ZAG000077470;South Africa Tf 7% Fb31 Zar;ZAR;10000;Senior;;;28/02/2031;;
09/04/2022;EUROTLX;EUROTLX;XS2464732770;Stellantis Tf 2,75% Ap32 Call Eur;EUR;100000;Senior;;;01/04/2032;;
07/04/2022;MOT;EUROMOT;AT0000A2WSC8;Austria Tf 0,9% Fb32 Eur;EUR;1000;Senior;30/03/2022;;20/02/2032;0;
01/04/2022;MOT;EUROMOT;EU000A3K4DE6;Eu Sure Bond Tf 1,125% Gn37 Eur;EUR;1000;Senior;29/03/2022;;04/06/2037;0;
01/04/2022;MOT;EUROMOT;EU000A3K4DD8;Eu Next Gen Tf 1% Lg32 Eur;EUR;1000;Senior;29/03/2022;;06/07/2032;0;
26/03/2022;EUROTLX;EUROTLX;ZAG000125980;South Africa Tf 9% Ge40 Zar;ZAR;10000;Senior;;;31/01/2040;;
26/03/2022;EUROTLX;EUROTLX;ZAG000107012;South Africa Tf 8,5% Ge37 Zar;ZAR;10000;Senior;;;31/01/2037;;
26/03/2022;EUROTLX;EUROTLX;ZAG000107004;South Africa Tf 8,25% Mz32 Zar;ZAR;10000;Senior;;;31/03/2032;;
26/03/2022;EUROTLX;EUROTLX;ZAG000106998;Sudafrica 8% 31ge30;ZAR;10000;Senior;;;31/01/2030;;
26/03/2022;EUROTLX;EUROTLX;ZAG000077488;South Africa Tf 6,5% Fb41 Zar;ZAR;10000;Senior;;;28/02/2041;;
26/03/2022;EUROTLX;EUROTLX;ZAG000030404;Sudafrica 6.25% 31mz36;ZAR;10000;Senior;;;31/03/2036;;
26/03/2022;EUROTLX;EUROTLX;XS2445840809;Castor Tv Eur3m+5,25 Fb29 Call Eur;EUR;100000;Senior;;;15/02/2029;;
26/03/2022;EUROTLX;EUROTLX;XS2445836286;Castor Tf 6% Fb29 Call Eur;EUR;100000;Senior;;;15/02/2029;;
26/03/2022;EUROTLX;EUROTLX;XS2445142867;Intsanpaolo Tf 1,05% Fb28 Chf;CHF;2000;Senior;;;21/02/2028;;
26/03/2022;EUROTLX;EUROTLX;XS2444707850;Intsanpaolo Sc Fb30 Usd;USD;2000;Senior;;;21/02/2030;;
26/03/2022;EUROTLX;EUROTLX;XS2444704758;Intsanpaolo Tf 2,8% Fb27 Usd;USD;2000;Senior;;;21/02/2027;;
26/03/2022;EUROTLX;EUROTLX;XS2437324333;Webuild Sdg Link Tf 3,875% Lg26 Call Eur;EUR;100000;Senior;;;28/07/2026;;
26/03/2022;EUROTLX;EUROTLX;XS2434702853;Autostrade Tf 2,25% Ge32 Call Eur;EUR;100000;Senior;;;25/01/2032;;
26/03/2022;EUROTLX;EUROTLX;XS2434701616;Autostrade Tf 1,625% Ge28 Call Eur;EUR;100000;Senior;;;25/01/2028;;
26/03/2022;EUROTLX;EUROTLX;XS2434421413;Banco Bpm Mc Ge32 Sub Tier2 Call Eur;EUR;200000;TIER II;;;19/01/2032;;
26/03/2022;EUROTLX;EUROTLX;XS2433828071;Bper Banca Mc Lg32 Sub Tier2 Call Eur;EUR;200000;TIER II;;;25/07/2032;;
26/03/2022;EUROTLX;EUROTLX;XS2433141947;Unicredit Tf 1,625% Ge32 Eur;EUR;100000;Senior;;;18/01/2032;;
26/03/2022;EUROTLX;EUROTLX;XS2433139966;Unicredit Mc Ge28 Call Eur;EUR;100000;Senior;;;18/01/2028;;
26/03/2022;EUROTLX;EUROTLX;XS2431320378;Mediobanca Mc Lg29 Call Eur;EUR;100000;Senior;;;17/07/2029;;
26/03/2022;EUROTLX;EUROTLX;XS2428063874;Intsanpaolo Tf 1,19% Mz27 Eur;EUR;100000;Senior;;;22/03/2027;;
26/03/2022;EUROTLX;EUROTLX;XS2412566262;Intsanpaolo Sc Dc31 Eur;EUR;100000;Senior;;;29/12/2031;;
26/03/2022;EUROTLX;EUROTLX;XS2407748016;Intsanpaolo Tf 2,3% Nv28 Usd;USD;2000;Senior;;;18/11/2028;;
26/03/2022;EUROTLX;EUROTLX;XS2401565630;Raiffeisen Tf 0,85% Ot26 Eur;EUR;100000;Senior;;;26/10/2026;;
26/03/2022;EUROTLX;EUROTLX;XS2400296773;Fnm Tf 0,75% Ot26 Call Eur;EUR;100000;Senior;;;20/10/2026;;
26/03/2022;EUROTLX;EUROTLX;XS2398807383;Finecobank Mc Ot27 Call Eur;EUR;100000;Senior;;;21/10/2027;;
26/03/2022;EUROTLX;EUROTLX;XS2397352662;Iccrea Banca Mc Ge32 Sub Tier2 Call Eur;EUR;100000;TIER II;;;18/01/2032;;
26/03/2022;EUROTLX;EUROTLX;XS2395954998;Intsanpaolo Tf 2,5% Ot31 Usd;USD;2000;Senior;;;14/10/2031;;
26/03/2022;EUROTLX;EUROTLX;XS2390849664;Unicredit Social Bond Tv Ot31 Eur;EUR;10000;Senior;;;22/10/2031;;
26/03/2022;EUROTLX;EUROTLX;XS2388426541;Intsanpaolo Sc Ot31 Eur;EUR;100000;Senior;;;20/10/2031;;
26/03/2022;EUROTLX;EUROTLX;XS2386287689;Mediobanca Mc Nv28 Call Eur;EUR;250000;Senior;;;02/11/2028;;
26/03/2022;EUROTLX;EUROTLX;XS2373172548;Intsanpaolo Tf 0,24% St28 Eur;EUR;100000;Senior;;;10/09/2028;;
26/03/2022;EUROTLX;EUROTLX;XS2365097455;Banco Bpm Social Bond Tf 0,875% Lg26 Eur;EUR;100000;Senior;;;15/07/2026;;
26/03/2022;EUROTLX;EUROTLX;XS2363719050;Bp Sondrio Green Bond Mc Lg27 Call Eur;EUR;100000;Senior;;;13/07/2027;;
26/03/2022;EUROTLX;EUROTLX;XS2360310044;Unicredit Green Bond Mc Lg29 Call Eur;EUR;100000;Senior;;;05/07/2029;;
26/03/2022;EUROTLX;EUROTLX;XS2358835036;Banco Bpm Mc Gn31 Sub Tier2 Call Eur;EUR;100000;TIER II;;;29/06/2031;;
26/03/2022;EUROTLX;EUROTLX;XS2357812556;Guala Closur Tf 3,25% Gn28 Call Eur;EUR;100000;Senior;;;15/06/2028;;
26/03/2022;EUROTLX;EUROTLX;XS2356041165;Stellantis Tf 1,25% Gn33 Call Eur;EUR;100000;Senior;;;20/06/2033;;
26/03/2022;EUROTLX;EUROTLX;XS2356040357;Stellantis Tf 0,75% Ge29 Call Eur;EUR;100000;Senior;;;18/01/2029;;
26/03/2022;EUROTLX;EUROTLX;XS2351324947;Intsanpaolo Mc Infl Link Gn28 Usd;USD;2000;Senior;;;15/06/2028;;
26/03/2022;EUROTLX;EUROTLX;XS2351324517;Intsanpaolo Tf 1,35% Gn26 Usd;USD;2000;Senior;;;15/06/2026;;
26/03/2022;EUROTLX;EUROTLX;XS2350601162;Intsanpaolo Tf 0,6% Lg28 Eur;EUR;100000;Senior;;;08/07/2028;;
26/03/2022;EUROTLX;EUROTLX;XS2348714713;Unicredit Mc Gn32 Call Usd;USD;200000;Senior;;;03/06/2032;;
26/03/2022;EUROTLX;EUROTLX;XS2348710562;Unicredit Mc Gn27 Call Usd;USD;200000;Senior;;;03/06/2027;;
26/03/2022;EUROTLX;EUROTLX;XS2344735811;Eni Sdg Linked Tf 0,375% Gn28 Call Eur;EUR;100000;Senior;;;14/06/2028;;
26/03/2022;EUROTLX;EUROTLX;XS2343822842;Vw Leasing Tf 0,375% Lg26 Eur;EUR;1000;Senior;;;20/07/2026;;
26/03/2022;EUROTLX;EUROTLX;XS2343822503;Vw Leasing Tf 0,625% Lg29 Eur;EUR;1000;Senior;;;19/07/2029;;
26/03/2022;EUROTLX;EUROTLX;XS2338174068;Bnp Mc Mg27 Usd;USD;1000;Senior;;;12/05/2027;;
26/03/2022;EUROTLX;EUROTLX;XS2332590475;Nexi Tf 2,125% Ap29 Call Eur;EUR;100000;Senior;;;30/04/2029;;
26/03/2022;EUROTLX;EUROTLX;XS2331921390;Anima H Tf 1,5% Ap28 Call Eur;EUR;100000;Senior;;;22/04/2028;;
26/03/2022;EUROTLX;EUROTLX;XS2326630907;Mediobanca Sc Mg26 Usd;USD;2000;Senior;;;07/05/2026;;
26/03/2022;EUROTLX;EUROTLX;XS2325743990;Bper Social Bond Fix Float Call 31mz27;EUR;100000;Senior;;;31/03/2027;;
26/03/2022;EUROTLX;EUROTLX;XS2325733413;Stellantis 0.625% Call 30mz27;EUR;100000;Senior;;;30/03/2027;;
26/03/2022;EUROTLX;EUROTLX;XS2325696628;Saipem Finance Int 3.125% Call 31mz28;EUR;100000;Senior;;;31/03/2028;;
26/03/2022;EUROTLX;EUROTLX;XS2322452637;Isp 2.25% 29mz28;AUD;2000;Senior;;;29/03/2028;;
26/03/2022;EUROTLX;EUROTLX;XS2322452553;Isp 2.7% 29mz31;USD;2000;Senior;;;29/03/2031;;
26/03/2022;EUROTLX;EUROTLX;XS2317069685;Isp Green Bond 0.75% 16mz28;EUR;100000;Senior;;;16/03/2028;;
26/03/2022;EUROTLX;EUROTLX;XS2312756062;Isp 2.625% 11mz36;GBP;100000;Senior;;;11/03/2036;;
26/03/2022;EUROTLX;EUROTLX;XS2303107937;Isp 0.35% 23mz28;EUR;100000;Senior;;;23/03/2028;;
26/03/2022;EUROTLX;EUROTLX;XS2301390089;Atlantia 1.875% Call 12fb28;EUR;100000;Senior;;;12/02/2028;;
26/03/2022;EUROTLX;EUROTLX;XS2294840363;Isp 1.4% 08fb31;GBP;1000;Senior;;;08/02/2031;;
26/03/2022;EUROTLX;EUROTLX;XS2294835017;Isp 1.9% 08fb29;USD;2000;Senior;;;08/02/2029;;
26/03/2022;EUROTLX;EUROTLX;XS2292487076;Acea Green Bond 0.25% Call 28lg30;EUR;100000;Senior;;;28/07/2030;;
26/03/2022;EUROTLX;EUROTLX;XS2289133758;Ucg 0.85% 19ge31;EUR;100000;Senior;;;19/01/2031;;
26/03/2022;EUROTLX;EUROTLX;XS2288906857;Oman 7% 25ge51;USD;200000;Senior;;;25/01/2051;;
26/03/2022;EUROTLX;EUROTLX;XS2288109676;Tim Sustainable 1.625% Call 18ge29;EUR;100000;Senior;;;18/01/2029;;
26/03/2022;EUROTLX;EUROTLX;XS2283188683;Exor 0.875% Call 19ge31;EUR;100000;Senior;;;19/01/2031;;
26/03/2022;EUROTLX;EUROTLX;XS2282095970;Volkswagen Leasing 0.5% 12ge29;EUR;1000;Senior;;;12/01/2029;;
26/03/2022;EUROTLX;EUROTLX;XS2280845145;Bmw Finance 0.2% 11ge33;EUR;1000;Senior;;;11/01/2033;;
26/03/2022;EUROTLX;EUROTLX;XS2278566299;Autostrade Call 2% 15ge30;EUR;100000;Senior;;;15/01/2030;;
26/03/2022;EUROTLX;EUROTLX;XS2270397016;Poste Italiane 0.5% Call 10dc28;EUR;100000;Senior;;;10/12/2028;;
26/03/2022;EUROTLX;EUROTLX;XS2267889991;Autostrade Call 2% 04dc28;EUR;100000;Senior;;;04/12/2028;;
26/03/2022;EUROTLX;EUROTLX;XS2250376477;A2a 0.625% Call 28ot32;EUR;100000;Senior;;;28/10/2032;;
26/03/2022;EUROTLX;EUROTLX;XS2249600771;Unipolsai-Fixfloat Sub Perpetual Cal Eur;ERR;200000;;;;;;
26/03/2022;EUROTLX;EUROTLX;XS2244936659;Infrastr Wireless 1.625% Call 21ot28;EUR;100000;Senior;;;21/10/2028;;
26/03/2022;EUROTLX;EUROTLX;XS2241390983;Isp 2.1% 13nv30;USD;2000;Senior;;;13/11/2030;;
26/03/2022;EUROTLX;EUROTLX;XS2241390710;Isp Step Up 13nv27;USD;2000;Senior;;;13/11/2027;;
26/03/2022;EUROTLX;EUROTLX;XS2239553048;Campari 1.25% Call 06ot27;EUR;100000;Senior;;;06/10/2027;;
26/03/2022;EUROTLX;EUROTLX;XS2238533231;Ibrd Sustainable Zc 28st40;ZAR;10000;Senior;;;28/09/2040;;
26/03/2022;EUROTLX;EUROTLX;XS2237434803;Unipol Green Bond 3.25% Call 23st30;EUR;100000;Senior;;;23/09/2030;;
26/03/2022;EUROTLX;EUROTLX;XS2227196404;Mediobanca Green Bond 1% 08st27;EUR;100000;Senior;;;08/09/2027;;
26/03/2022;EUROTLX;EUROTLX;XS2223762381;Isp-Fix To Cms Sub Perpetual Call Eur;ERR;250000;;;;;;
26/03/2022;EUROTLX;EUROTLX;XS2223761813;Isp-Fix To Cms Sub Perpetual Call Eur;ERR;250000;;;;;;
26/03/2022;EUROTLX;EUROTLX;XS2207976783;Ucg-Fix Float Call 22lg27;EUR;250000;Senior;;;22/07/2027;;
26/03/2022;EUROTLX;EUROTLX;XS2202907510;Saipem Finance Int 3.375% Call 15lg26;EUR;100000;Senior;;;15/07/2026;;
26/03/2022;EUROTLX;EUROTLX;XS2200244072;Argentina 0.5% Call Sink 09lg29;EUR;1;Senior;;;09/07/2029;;
26/03/2022;EUROTLX;EUROTLX;XS2201857534;Generali Green 2.429% Call Sub 14lg31;EUR;100000;TIER II;;;14/07/2031;;
26/03/2022;EUROTLX;EUROTLX;XS2199351375;Stellantis 4.5% Call 07lg28;EUR;100000;Senior;;;07/07/2028;;
26/03/2022;EUROTLX;EUROTLX;XS2196325331;Ucg-Fix To Cmt Call Sub 30gn35;USD;200000;TIER II;;;30/06/2035;;
26/03/2022;EUROTLX;EUROTLX;XS2177365520;Argentina Step Up Call Sink 09lg46;EUR;1;Senior;;;09/07/2046;;
26/03/2022;EUROTLX;EUROTLX;XS2177365363;Argentina Step Up Call Sink 09lg41;EUR;1;Senior;;;09/07/2041;;
26/03/2022;EUROTLX;EUROTLX;XS2177365017;Argentina Step Up Call Sink 09ge38;EUR;1;Senior;;;09/01/2038;;
26/03/2022;EUROTLX;EUROTLX;XS2177364390;Argentina Step Up Call Sink 09lg35;EUR;1;Senior;;;09/07/2035;;
26/03/2022;EUROTLX;EUROTLX;XS2177363665;Argentina 0.125% Call Sink 09lg30;EUR;1;Senior;;;09/07/2030;;
26/03/2022;EUROTLX;EUROTLX;XS2176899701;Egitto 8.875% 29mg50;USD;200000;Senior;;;29/05/2050;;
26/03/2022;EUROTLX;EUROTLX;XS2152061904;Volkswagen Fin Serv 3.375% 06ap28;EUR;1000;Senior;;;06/04/2028;;
26/03/2022;EUROTLX;EUROTLX;XS2141592365;Imi Step Up 05gn26;USD;2000;Senior;;;05/06/2026;;
26/03/2022;EUROTLX;EUROTLX;XS2121237908;Mediobanca 0.75% 15lg27;EUR;100000;Senior;;;15/07/2027;;
26/03/2022;EUROTLX;EUROTLX;XS2116503546;Amplifon 1.125% Call 13fb27;EUR;100000;Senior;;;13/02/2027;;
26/03/2022;EUROTLX;EUROTLX;XS2109438387;Imi-Fix Float Cap 31ge30;EUR;1000;Senior;;;31/01/2030;;
26/03/2022;EUROTLX;EUROTLX;XS2105803527;Bei 7.25% 23ge30;ZAR;10000;Senior;;;23/01/2030;;
26/03/2022;EUROTLX;EUROTLX;XS2104968404;Ucg 1.80% 20ge30;EUR;250000;Senior;;;20/01/2030;;
26/03/2022;EUROTLX;EUROTLX;XS2104886341;Messico 1.125% Call 17ge30;EUR;100000;Senior;;;17/01/2030;;
26/03/2022;EUROTLX;EUROTLX;XS2102392276;Webuild 3.625% Call 28ge27;EUR;100000;Senior;;;28/01/2027;;
26/03/2022;EUROTLX;EUROTLX;XS2101558307;Ucg-Fix To Cms Call Sub 15ge32;EUR;200000;TIER II;;;15/01/2032;;
26/03/2022;EUROTLX;EUROTLX;XS2102388597;Isp 2.50% 15ge30;GBP;100000;Senior;;;15/01/2030;;
26/03/2022;EUROTLX;EUROTLX;XS2090807293;Italgas 1% 11dc31;EUR;100000;Senior;;;11/12/2031;;
26/03/2022;EUROTLX;EUROTLX;XS2081018629;Isp 1.00% 19nv26;EUR;100000;Senior;;;19/11/2026;;
26/03/2022;EUROTLX;EUROTLX;XS2069040389;Anima Hold 1.75% Call 23ot26;EUR;100000;Senior;;;23/10/2026;;
26/03/2022;EUROTLX;EUROTLX;XS2066706909;Efi Sdg Linked 0.375% Call 17gn27;EUR;100000;Senior;;;17/06/2027;;
26/03/2022;EUROTLX;EUROTLX;XS2066706735;Efi Sdg Linked 1.125% Call 17ot34;EUR;100000;Senior;;;17/10/2034;;
26/03/2022;EUROTLX;EUROTLX;XS2066560421;Imi Step Up 23ot26;USD;2000;Senior;;;23/10/2026;;
26/03/2022;EUROTLX;EUROTLX;XS2065946837;Eni 1% 11ot34;EUR;100000;Senior;;;11/10/2034;;
26/03/2022;EUROTLX;EUROTLX;XS2065601937;Iren Green Bond 0.875 % Call 14ot29;EUR;100000;Senior;;;14/10/2029;;
26/03/2022;EUROTLX;EUROTLX;XS2064247377;Ifc 0.5% 11ot39;MXN;100000;Senior;;;11/10/2039;;
26/03/2022;EUROTLX;EUROTLX;XS2063283472;Ifc Zc 10ot29;MXN;100000;Senior;;;10/10/2029;;
26/03/2022;EUROTLX;EUROTLX;XS2058888616;Exor 1.750% Call 14ot34;EUR;100000;Senior;;;14/10/2034;;
26/03/2022;EUROTLX;EUROTLX;XS2056491587;Generali Green 2.124% Sub 01ot30;EUR;100000;TIER II;;;01/10/2030;;
26/03/2022;EUROTLX;EUROTLX;XS2056488013;Toyota Motor Credit Step-Up 22ot26;USD;2000;Senior;;;22/10/2026;;
26/03/2022;EUROTLX;EUROTLX;XS2055728054;Bmw Finance 0.375% 24st27;EUR;1000;Senior;;;24/09/2027;;
26/03/2022;EUROTLX;EUROTLX;XS2051904733;Igt 2.375% Call 15ap28;EUR;100000;Senior;;;15/04/2028;;
26/03/2022;EUROTLX;EUROTLX;XS2051660509;Snam Tf 1% St34 Call Eur;EUR;100000;Senior;;;12/09/2034;;
26/03/2022;EUROTLX;EUROTLX;XS2042747548;Gs Fin Corp Mc Ind Link Ag28 Usd;USD;2000;Senior;;;11/08/2028;;
26/03/2022;EUROTLX;EUROTLX;XS2032727310;Italgas 0.875% 24ap30;EUR;100000;Senior;;;24/04/2030;;
26/03/2022;EUROTLX;EUROTLX;XS2031926731;Mps 10.50% Sub 23lg29;EUR;100000;TIER II;;;23/07/2029;;
26/03/2022;EUROTLX;EUROTLX;XS2026171079;Fs Green Bond 1.125% 09lg26;EUR;100000;Senior;;;09/07/2026;;
26/03/2022;EUROTLX;EUROTLX;XS2026150313;A2a Green Bond 1% Call 16lg29;EUR;100000;Senior;;;16/07/2029;;
26/03/2022;EUROTLX;EUROTLX;XS2022424993;Isp 1.75% 04lg29;EUR;100000;Senior;;;04/07/2029;;
26/03/2022;EUROTLX;EUROTLX;XS2022084367;Cnh Ind Finance Eu 1.625% Call 03lg29;EUR;100000;Senior;;;03/07/2029;;
26/03/2022;EUROTLX;EUROTLX;XS2020608548;Hera Green Bond 0.875% Call 05lg27;EUR;100000;Senior;;;05/07/2027;;
26/03/2022;EUROTLX;EUROTLX;XS2018637327;Heidelbergcement Fin 1.125% Call 01dc27;EUR;1000;Senior;;;01/12/2027;;
26/03/2022;EUROTLX;EUROTLX;XS2014291616;Vw Leasing Tf 1,5% Gn26 Eur;EUR;1000;Senior;;;19/06/2026;;
26/03/2022;EUROTLX;EUROTLX;XS2013745703;Bbva Tf 1% Gn26 Eur;EUR;100000;Senior;;;21/06/2026;;
26/03/2022;EUROTLX;EUROTLX;XS2013682609;Imi - Fix Float 24gn29;EUR;1000;Senior;;;24/06/2029;;
26/03/2022;EUROTLX;EUROTLX;XS2011157877;Db-Fix To Cms Cap&Floor 26fb28;USD;2000;Senior;;;26/02/2028;;
26/03/2022;EUROTLX;EUROTLX;XS2011158339;Db - Dws Fund 26ag27;USD;2000;Senior;;;26/08/2027;;
26/03/2022;EUROTLX;EUROTLX;XS2011156986;Db Cms 01nv27;USD;1000;Senior;;;01/11/2027;;
26/03/2022;EUROTLX;EUROTLX;XS2011155749;Db-Fix To Cms Cap&Floor 30ot28;USD;2000;Senior;;;30/10/2028;;
26/03/2022;EUROTLX;EUROTLX;XS2011153884;Db - Dws Inv Asian Bonds 11ag26;USD;2000;Senior;;;11/08/2026;;
26/03/2022;EUROTLX;EUROTLX;XS2011151839;Db Zc 31lg27;EUR;1000;Senior;;;31/07/2027;;
26/03/2022;EUROTLX;EUROTLX;XS2011151755;Db 1.02% 07ag27;EUR;1000;Senior;;;07/08/2027;;
26/03/2022;EUROTLX;EUROTLX;XS2011149775;Db Cms Cap&Floor 15mg26;EUR;1000;Senior;;;15/05/2026;;
26/03/2022;EUROTLX;EUROTLX;XS2011149692;Db Cms Cap&Floor 30gn26;EUR;1000;Senior;;;30/06/2026;;
26/03/2022;EUROTLX;EUROTLX;XS2010447238;Bmw Fin Tf 0,75% Lg26 Eur;EUR;1000;Senior;;;13/07/2026;;
26/03/2022;EUROTLX;EUROTLX;XS2010037682;Jaguar Land Rover 6.875% Call 15nv26;EUR;100000;Senior;;;15/11/2026;;
26/03/2022;EUROTLX;EUROTLX;XS2005658781;Snam 1.625% Call 07ge30;EUR;100000;Senior;;;07/01/2030;;
26/03/2022;EUROTLX;EUROTLX;XS2001278899;Acea 1.75% Call 23mg28;EUR;100000;Senior;;;23/05/2028;;
26/03/2022;EUROTLX;EUROTLX;XS1998237363;Bnp - Fix To Cms 24mg29;USD;1000;Senior;;;24/05/2029;;
26/03/2022;EUROTLX;EUROTLX;XS1996367238;Imi Step Up 21mg26;USD;2000;Senior;;;21/05/2026;;
26/03/2022;EUROTLX;EUROTLX;XS1972731787;Ucg-Fix To Cms Call Sub 02ap34;USD;200000;TIER II;;;02/04/2034;;
26/03/2022;EUROTLX;EUROTLX;XS1972547696;Volkswagen Fin Serv 2.25% 01ot27;EUR;1000;Senior;;;01/10/2027;;
26/03/2022;EUROTLX;EUROTLX;XS1969600748;Cnh Ind Finance Eu 1.75% Call 25mz27;EUR;100000;Senior;;;25/03/2027;;
26/03/2022;EUROTLX;EUROTLX;XS1963242752;Imi-Fix Float Cap&Floor 20mz29;USD;2000;Senior;;;20/03/2029;;
26/03/2022;EUROTLX;EUROTLX;XS1961772560;Telefonica Emisiones 1.788% Call 12mz29;EUR;100000;Senior;;;12/03/2029;;
26/03/2022;EUROTLX;EUROTLX;XS1958656982;Imi Step Up 11mz29;EUR;1000;Senior;;;11/03/2029;;
26/03/2022;EUROTLX;EUROTLX;XS1948611840;Bmw Finance 1.5% 06fb29;EUR;1000;Senior;;;06/02/2029;;
26/03/2022;EUROTLX;EUROTLX;XS1941841311;Generali 3.875% Sub 29ge29;EUR;100000;TIER II;;;29/01/2029;;
26/03/2022;EUROTLX;EUROTLX;XS1937018841;Imi-Fix Float Floor 24ge27;EUR;1000;Senior;;;24/01/2027;;
26/03/2022;EUROTLX;EUROTLX;XS1936302949;Arabia Saudita 5.25% 16ge50;USD;200000;Senior;;;16/01/2050;;
26/03/2022;EUROTLX;EUROTLX;XS1910948675;Volkswagen Int Fin 4.125% 16nv38;EUR;100000;Senior;;;16/11/2038;;
26/03/2022;EUROTLX;EUROTLX;XS1910948329;Volkswagen Int Fin 3.250% 18nv30;EUR;100000;Senior;;;18/11/2030;;
26/03/2022;EUROTLX;EUROTLX;XS1910948162;Volkswagen Int Fin 2.625% 16nv27;EUR;100000;Senior;;;16/11/2027;;
26/03/2022;EUROTLX;EUROTLX;XS1893631769;Volkswagen Fin Serv 2.25% 16ot26;EUR;1000;Senior;;;16/10/2026;;
26/03/2022;EUROTLX;EUROTLX;XS1855456288;Vittoria 5.75% Sub 11lg28;EUR;100000;TIER II;;;11/07/2028;;
26/03/2022;EUROTLX;EUROTLX;XS1854164024;Imi Step Up 16lg26;EUR;1000;Senior;;;16/07/2026;;
26/03/2022;EUROTLX;EUROTLX;XS1840166992;Gsi -Tv Floor 30lg26;EUR;1000;Senior;;;30/07/2026;;
26/03/2022;EUROTLX;EUROTLX;XS1828033834;Dt Intl Fin Tf 2% Dc29 Eur;EUR;1000;Senior;;;01/12/2029;;
26/03/2022;EUROTLX;EUROTLX;XS1824424706;Pemex Tf 4,75% Fb29 Call Eur;EUR;100000;Senior;;;26/02/2029;;
26/03/2022;EUROTLX;EUROTLX;XS1823246803;Bmw Fin Tf 1,125% Mg26 Eur;EUR;1000;Senior;;;22/05/2026;;
26/03/2022;EUROTLX;EUROTLX;XS1823086415;Ibrd Zc 25mg33;MXN;50000;Senior;;;25/05/2033;;
26/03/2022;EUROTLX;EUROTLX;XS1822868698;Imi-Fix Float Cap&Floor 24mg28;EUR;1000;Senior;;;24/05/2028;;
26/03/2022;EUROTLX;EUROTLX;XS1822866643;Imi-Fix Float Cap&Floor 24mg26;USD;2000;Senior;;;24/05/2026;;
26/03/2022;EUROTLX;EUROTLX;XS1810736758;Gsi - Fix Float 31mg26;EUR;1000;Senior;;;31/05/2026;;
26/03/2022;EUROTLX;EUROTLX;XS1796209010;Gs Group Tf 2% Mz28 Eur;EUR;1000;Senior;;;22/03/2028;;
26/03/2022;EUROTLX;EUROTLX;XS1793255941;Softbank Group 5% Call 15ap28;EUR;100000;Senior;;;15/04/2028;;
26/03/2022;EUROTLX;EUROTLX;XS1791939736;Arabia Saudita 5% 17ap49;USD;200000;Senior;;;17/04/2049;;
26/03/2022;EUROTLX;EUROTLX;XS1785340172;Isp 1.75% 20mz28;EUR;100000;Senior;;;20/03/2028;;
26/03/2022;EUROTLX;EUROTLX;XS1784311703;Unipolsai 3.875% Sub 01mz28;EUR;100000;TIER II;;;01/03/2028;;
26/03/2022;EUROTLX;EUROTLX;XS1767087866;Acea 1.5% Call 08gn27;EUR;100000;Senior;;;08/06/2027;;
26/03/2022;EUROTLX;EUROTLX;XS1765875718;Astm 1.625% Call C.P. 08fb28;EUR;100000;Senior;;;08/02/2028;;
26/03/2022;EUROTLX;EUROTLX;XS1756296965;Telefon Emis Tf 1,447% Ge27 Call Eur;EUR;100000;Senior;;;22/01/2027;;
26/03/2022;EUROTLX;EUROTLX;XS1753808929;Exor 1.75% Call 18ge28;EUR;100000;Senior;;;18/01/2028;;
26/03/2022;EUROTLX;EUROTLX;XS1752894292;Mps-Fix Float Call Sub 18ge28;EUR;100000;TIER II;;;18/01/2028;;
26/03/2022;EUROTLX;EUROTLX;XS1751479426;Imi-Fix Float Cap&Floor 22ge28;USD;2000;Senior;;;22/01/2028;;
26/03/2022;EUROTLX;EUROTLX;XS1750986744;Enel Finance Green 1.125% Call 16st26;EUR;100000;Senior;;;16/09/2026;;
26/03/2022;EUROTLX;EUROTLX;XS1750114396;Oman 6.75% 17ge48;USD;200000;Senior;;;17/01/2048;;
26/03/2022;EUROTLX;EUROTLX;XS1747444831;Bmw Fin Tf 1,125% Ge28 Eur;EUR;1000;Senior;;;10/01/2028;;
26/03/2022;EUROTLX;EUROTLX;XS1733289406;Cattolica-Fix Float Call Sub 14dc47;EUR;100000;TIER II;;;14/12/2047;;
26/03/2022;EUROTLX;EUROTLX;XS1725580622;Unipol Gruppo 3.5% Call 29nv27;EUR;100000;Senior;;;29/11/2027;;
26/03/2022;EUROTLX;EUROTLX;XS1721422902;Vodafone Group 2.875% 20nv37;EUR;100000;Senior;;;20/11/2037;;
26/03/2022;EUROTLX;EUROTLX;XS1721051495;Edp Finance 1.5% 22nv27;EUR;100000;Senior;;;22/11/2027;;
26/03/2022;EUROTLX;EUROTLX;XS1720194981;Imi-Fix Float Cap 24nv27;EUR;1000;Senior;;;24/11/2027;;
26/03/2022;EUROTLX;EUROTLX;XS1717013095;Nigeria 7.625% 28nv47;USD;200000;Senior;;;28/11/2047;;
26/03/2022;EUROTLX;EUROTLX;XS1709374497;2irg 1.608% Call 31ot27;EUR;100000;Senior;;;31/10/2027;;
26/03/2022;EUROTLX;EUROTLX;XS1706922256;Esselunga 1.875% Call 25ot27;EUR;100000;Senior;;;25/10/2027;;
26/03/2022;EUROTLX;EUROTLX;XS1702729275;Innogy Finan Tf 1,25% Ot27 Call Eur;EUR;1000;Senior;;;19/10/2027;;
26/03/2022;EUROTLX;EUROTLX;XS1704789590;Iren Green Bond 1.5% Call 24ot27;EUR;100000;Senior;;;24/10/2027;;
26/03/2022;EUROTLX;EUROTLX;XS1701884204;A2a 1.625% Call 19ot27;EUR;100000;Senior;;;19/10/2027;;
26/03/2022;EUROTLX;EUROTLX;XS1700721464;Snam 1.375% Call 25ot27;EUR;100000;Senior;;;25/10/2027;;
26/03/2022;EUROTLX;EUROTLX;XS1700435453;Ifis-Fix To Cms Call Sub 17ot27;EUR;100000;TIER II;;;17/10/2027;;
26/03/2022;EUROTLX;EUROTLX;XS1698218523;Tim 2.375% Call 12ot27;EUR;100000;Senior;;;12/10/2027;;
26/03/2022;EUROTLX;EUROTLX;XS1694218469;Arabia Saudita 4.625% 04ot47;USD;200000;Senior;;;04/10/2047;;
26/03/2022;EUROTLX;EUROTLX;XS1691781865;Heineken 1.5% Call 03ot29;EUR;100000;Senior;;;03/10/2029;;
26/03/2022;EUROTLX;EUROTLX;XS1688199949;Autostrade Call 1.875% 26st29;EUR;100000;Senior;;;26/09/2029;;
26/03/2022;EUROTLX;EUROTLX;XS1685542497;Italgas 1.625% 18ge29;EUR;100000;Senior;;;18/01/2029;;
26/03/2022;EUROTLX;EUROTLX;XS1684385591;Softbank Group 4% Call 19st29;EUR;100000;Senior;;;19/09/2029;;
26/03/2022;EUROTLX;EUROTLX;XS1681521081;Telefonica Emisiones 1.715% Call 12ge28;EUR;100000;Senior;;;12/01/2028;;
26/03/2022;EUROTLX;EUROTLX;XS1675862103;Bahrain 7.5% 20st47;USD;200000;Senior;;;20/09/2047;;
26/03/2022;EUROTLX;EUROTLX;XS1652866002;Terna 1.375% 26lg27;EUR;100000;Senior;;;26/07/2027;;
26/03/2022;EUROTLX;EUROTLX;XS1652855815;Vodafone Group 1.5% 24lg27;EUR;100000;Senior;;;24/07/2027;;
26/03/2022;EUROTLX;EUROTLX;XS1645722262;Atlantia 1.875% Call 13lg27;EUR;100000;Senior;;;13/07/2027;;
26/03/2022;EUROTLX;EUROTLX;XS1631415582;Ucg-Fix Float Call Sub 19gn32;USD;200000;TIER II;;;19/06/2032;;
26/03/2022;EUROTLX;EUROTLX;XS1629866432;At&T Tf 3,15% St36 Call Eur;EUR;100000;Senior;;;04/09/2036;;
26/03/2022;EUROTLX;EUROTLX;XS1628404524;Db-Nordea1 Stable Return Fund Cap 28gn28;EUR;1000;Senior;;;28/06/2028;;
26/03/2022;EUROTLX;EUROTLX;XS1628404441;Db - Fix To Cms Cap&Floor 31mg28;EUR;1000;Senior;;;31/05/2028;;
26/03/2022;EUROTLX;EUROTLX;XS1628401421;Db - Fix To Cms Call Cap&Floor 30ap28;EUR;1000;Senior;;;30/04/2028;;
26/03/2022;EUROTLX;EUROTLX;XS1627947440;Adr - 1.625% Call 08gn27;EUR;100000;Senior;;;08/06/2027;;
26/03/2022;EUROTLX;EUROTLX;XS1617898363;Dt Intl Fin Tf 1,125% Mg26 Eur;EUR;1000;Senior;;;22/05/2026;;
26/03/2022;EUROTLX;EUROTLX;XS1615079974;Jp Morgan Chase&Co-Fix Float Call 18mg28;EUR;100000;Senior;;;18/05/2028;;
26/03/2022;EUROTLX;EUROTLX;XS1612543394;General Electric 2.125% Call 17mg37;EUR;100000;Senior;;;17/05/2037;;
26/03/2022;EUROTLX;EUROTLX;XS1612543121;General Electric 1.5% Call 17mg29;EUR;100000;Senior;;;17/05/2029;;
26/03/2022;EUROTLX;EUROTLX;XS1610707850;Goldman Sachs Group Step Up Call 26ot27;USD;2000;Senior;;;26/10/2027;;
26/03/2022;EUROTLX;EUROTLX;XS1610700764;Goldman Sachs Group Step Up Call 29dc27;USD;2000;Senior;;;29/12/2027;;
26/03/2022;EUROTLX;EUROTLX;XS1610698844;Gs-Fix To Euribor Cap 21gn28;EUR;1000;Senior;;;21/06/2028;;
26/03/2022;EUROTLX;EUROTLX;XS1610697366;Goldman Sachs Group Step Up Call 26ap28;USD;2000;Senior;;;26/04/2028;;
26/03/2022;EUROTLX;EUROTLX;XS1610690197;Gs - Fix To Euribor Cap 31ag28;EUR;1000;Senior;;;31/08/2028;;
26/03/2022;EUROTLX;EUROTLX;XS1610681444;Goldman Sachs Group-Fix Float 30ot28;EUR;1000;Senior;;;30/10/2028;;
26/03/2022;EUROTLX;EUROTLX;XS1608207566;Imi - Fix Float Cap 17mg27;EUR;1000;Senior;;;17/05/2027;;
26/03/2022;EUROTLX;EUROTLX;XS1603892149;Ms Tf 1.875% Ap27 Eur;EUR;100000;Senior;;;27/04/2027;;
26/03/2022;EUROTLX;EUROTLX;XS1596778008;Ucg 4.625% 12ap27;USD;200000;Senior;;;12/04/2027;;
26/03/2022;EUROTLX;EUROTLX;XS1588019817;Imi - Fix Float Floor 07gn27;EUR;1000;Senior;;;07/06/2027;;
26/03/2022;EUROTLX;EUROTLX;XS1586555945;Volkswagen Int Fin 1.875% 30mz27;EUR;100000;Senior;;;30/03/2027;;
26/03/2022;EUROTLX;EUROTLX;XS1575968026;Oman 6.5% 08mz47;USD;200000;Senior;;;08/03/2047;;
26/03/2022;EUROTLX;EUROTLX;XS1574950892;Citigroup Gmh - Fix Istx Eur Grow 18gn27;EUR;1000;Senior;;;18/06/2027;;
26/03/2022;EUROTLX;EUROTLX;XS1571982468;2irg 1.75% Call 28ag26;EUR;100000;Senior;;;28/08/2026;;
26/03/2022;EUROTLX;EUROTLX;XS1567811341;Credit Suisse-Fix Float Cap 15mz27;GBP;1000;Senior;;;15/03/2027;;
26/03/2022;EUROTLX;EUROTLX;XS1562614831;Bbva 3.5% Sub 10fb27;EUR;100000;TIER II;;;10/02/2027;;
26/03/2022;EUROTLX;EUROTLX;XS1558078736;Egitto 7.5% 31ge27;USD;200000;Senior;;;31/01/2027;;
26/03/2022;EUROTLX;EUROTLX;XS1552684687;Credit Suisse-Fix Float Cap&Floor 21fb27;USD;1000;Senior;;;21/02/2027;;
26/03/2022;EUROTLX;EUROTLX;XS1551929760;Imi-Fix Float Cap 25ge27;EUR;1000;Senior;;;25/01/2027;;
26/03/2022;EUROTLX;EUROTLX;XS1551917591;Italgas 1.625% 19ge27;EUR;100000;Senior;;;19/01/2027;;
26/03/2022;EUROTLX;EUROTLX;XS1551068676;Eni 1.5% 17ge27;EUR;100000;Senior;;;17/01/2027;;
26/03/2022;EUROTLX;EUROTLX;XS1550951138;Telefon Emis Tf 2,318% Ot28 Eur;EUR;100000;Senior;;;17/10/2028;;
26/03/2022;EUROTLX;EUROTLX;XS1548475968;Isp-Fix To Cms Sub Perpetual Call Eur;ERR;200000;;;;;;
26/03/2022;EUROTLX;EUROTLX;XS1538284230;Ca Tf 1.875% Dc26 Eur;EUR;100000;Senior;;;20/12/2026;;
26/03/2022;EUROTLX;EUROTLX;XS1532610323;Credit Suisse - Fix Float 09ge27;USD;1000;Senior;;;09/01/2027;;
26/03/2022;EUROTLX;EUROTLX;XS1528093799;Autostrade 1.75% 01fb27;EUR;100000;Senior;;;01/02/2027;;
26/03/2022;EUROTLX;EUROTLX;XS1517954985;Bei Fix Float Cap 29dc26;USD;2000;Senior;;;29/12/2026;;
26/03/2022;EUROTLX;EUROTLX;XS1508912646;Acea 1% Call 24ot26;EUR;100000;Senior;;;24/10/2026;;
26/03/2022;EUROTLX;EUROTLX;XS1508675508;Arabia Saudita 4.5% 26ot46;USD;200000;Senior;;;26/10/2046;;
26/03/2022;EUROTLX;EUROTLX;XS1508450688;Ucg 2.125% 24ot26;EUR;100000;Senior;;;24/10/2026;;
26/03/2022;EUROTLX;EUROTLX;XS1505573482;Snam 0.875% 25ot26;EUR;100000;Senior;;;25/10/2026;;
26/03/2022;EUROTLX;EUROTLX;XS1505554771;Telefonica Emisiones 1.93% 17ot31;EUR;100000;Senior;;;17/10/2031;;
26/03/2022;EUROTLX;EUROTLX;XS1504194173;Hera 0.875% 14ot26;EUR;100000;Senior;;;14/10/2026;;
26/03/2022;EUROTLX;EUROTLX;XS1503131713;Terna 1% 11ot28;EUR;100000;Senior;;;11/10/2028;;
26/03/2022;EUROTLX;EUROTLX;XS1493328477;Eni 1.125% 19st28;EUR;100000;Senior;;;19/09/2028;;
26/03/2022;EUROTLX;EUROTLX;XS1490787113;Imi-Fix Float Cap 28st26;EUR;1000;Senior;;;28/09/2026;;
26/03/2022;EUROTLX;EUROTLX;XS1484153744;Bnp-Fix Float Cap 30st26;USD;1000;Senior;;;30/09/2026;;
26/03/2022;EUROTLX;EUROTLX;XS1463101680;Vodafone Group 1.6% 29lg31;EUR;100000;Senior;;;29/07/2031;;
26/03/2022;EUROTLX;EUROTLX;XS1457608286;Citigroup 1.5% Call 26ot28;EUR;100000;Senior;;;26/10/2028;;
26/03/2022;EUROTLX;EUROTLX;XS1444473109;Ibrd Fix Float Cap 11ag26;USD;2000;Senior;;;11/08/2026;;
26/03/2022;EUROTLX;EUROTLX;XS1444047697;Credit Suisse-Fix Float Floor 14st26;AUD;2000;Senior;;;14/09/2026;;
26/03/2022;EUROTLX;EUROTLX;XS1439749364;Teva Pharma Fin Ii 1.625% Call 15ot28;EUR;100000;Senior;;;15/10/2028;;
26/03/2022;EUROTLX;EUROTLX;XS1428773763;Generali-Fix Float Call Sub 08gn48;EUR;100000;TIER II;;;08/06/2048;;
26/03/2022;EUROTLX;EUROTLX;XS1425966287;Enel Finance Int 1.375% 01gn26;EUR;100000;Senior;;;01/06/2026;;
26/03/2022;EUROTLX;EUROTLX;XS1419869885;Telecom Italia 3.625% 25mg26;EUR;100000;Senior;;;25/05/2026;;
26/03/2022;EUROTLX;EUROTLX;XS1417280598;Goldman Sachs Group-Fix Float Cap 30nv26;USD;2000;Senior;;;30/11/2026;;
26/03/2022;EUROTLX;EUROTLX;XS1417274278;Goldman Sachs Group Step Up Call 27lg27;USD;2000;Senior;;;27/07/2027;;
26/03/2022;EUROTLX;EUROTLX;XS1412711217;Eni 1.625% 17mg28;EUR;100000;Senior;;;17/05/2028;;
26/03/2022;EUROTLX;EUROTLX;XS1410333527;Ibrd Fix Float Cap 31mg26;USD;2000;Senior;;;31/05/2026;;
26/03/2022;EUROTLX;EUROTLX;XS1405781854;Qatar 4.625% Call 02gn46;USD;200000;Senior;;;02/06/2046;;
26/03/2022;EUROTLX;EUROTLX;XS1402921412;J.P. Morgan Chase & Co. 1.5% 29ot26;EUR;100000;Senior;;;29/10/2026;;
26/03/2022;EUROTLX;EUROTLX;XS1396701168;Credit Suisse-Fix Float Cap 07gn26;GBP;1000;Senior;;;07/06/2026;;
26/03/2022;EUROTLX;EUROTLX;XS1396632504;Credit Suisse-Fix Float Floor 13lg26;USD;1000;Senior;;;13/07/2026;;
26/03/2022;EUROTLX;EUROTLX;XS1394283078;Imi - Zc 25mg26;EUR;1000;Senior;;;25/05/2026;;
26/03/2022;EUROTLX;EUROTLX;XS1389110716;Citigroup Gmh - Fix Float Cap 30st26;USD;2000;Senior;;;30/09/2026;;
26/03/2022;EUROTLX;EUROTLX;XS1382791975;Dt Int Fin 1.5% 03ap28;EUR;1000;Senior;;;03/04/2028;;
26/03/2022;EUROTLX;EUROTLX;XS1379091546;Imi-Fix Float Cap 10mg26;EUR;1000;Senior;;;10/05/2026;;
26/03/2022;EUROTLX;EUROTLX;XS1372839214;Vodafone Tf 2,2% Ag26 Eur;EUR;100000;Senior;;;25/08/2026;;
26/03/2022;EUROTLX;EUROTLX;XS1327504087;Autostrade 1.75% 26gn26;EUR;100000;Senior;;;26/06/2026;;
26/03/2022;EUROTLX;EUROTLX;XS1311440082;Generali-Fix Float Call Sub 27ot47;EUR;100000;TIER II;;;27/10/2047;;
26/03/2022;EUROTLX;EUROTLX;XS1273513504;Citigroup Step Up Call 31lg26;USD;2000;Senior;;;31/07/2026;;
26/03/2022;EUROTLX;EUROTLX;XS1273452877;Citigroup Sc Gn28 Usd;USD;2000;Senior;;;18/06/2028;;
26/03/2022;EUROTLX;EUROTLX;XS1273449576;Citigroup Sc Gn28 Call Usd;USD;2000;Senior;;;16/06/2028;;
26/03/2022;EUROTLX;EUROTLX;XS1236580517;Socgen-Fix Float Cap 04ge28;USD;2000;Senior;;;04/01/2028;;
26/03/2022;EUROTLX;EUROTLX;XS1211044075;Teva Pharma Fin Ii 1.875% Call 31mz27;EUR;100000;Senior;;;31/03/2027;;
26/03/2022;EUROTLX;EUROTLX;XS1204154410;Credit Agricole Sub 2.625% 17mz27;EUR;100000;TIER II;;;17/03/2027;;
26/03/2022;EUROTLX;EUROTLX;XS1196380031;At&T 2.45% Call 15mz35;EUR;100000;Senior;;;15/03/2035;;
26/03/2022;EUROTLX;EUROTLX;XS1190974011;Bp Capital Markets 1.573% 16fb27;EUR;100000;Senior;;;16/02/2027;;
26/03/2022;EUROTLX;EUROTLX;XS1167667283;Volkswagen Int Fin 1.625% 16ge30;EUR;1000;Senior;;;16/01/2030;;
26/03/2022;EUROTLX;EUROTLX;XS1135277140;Shell Int Fin 1.625% 20ge27;EUR;100000;Senior;;;20/01/2027;;
26/03/2022;EUROTLX;EUROTLX;XS1120892507;Telefon Emis Tf 2,932% Ot29 Eur;EUR;100000;Senior;;;17/10/2029;;
26/03/2022;EUROTLX;EUROTLX;XS1110833123;Bahrain Tf 6% St44 Usd;USD;200000;Senior;;;19/09/2044;;
26/03/2022;EUROTLX;EUROTLX;XS1109765005;Isp 3.928% Sub 15st26;EUR;100000;TIER II;;;15/09/2026;;
26/03/2022;EUROTLX;EUROTLX;XS1107727007;Citigroup 2.125% 10st26;EUR;100000;Senior;;;10/09/2026;;
26/03/2022;EUROTLX;EUROTLX;XS1074144871;Goldman Sachs Group 2.875% 03gn26;EUR;1000;Senior;;;03/06/2026;;
26/03/2022;EUROTLX;EUROTLX;XS1069928783;Rabobank Zc 23mg34;ZAR;100000;Senior;;;23/05/2034;;
26/03/2022;EUROTLX;EUROTLX;XS1023703090;Eni 3.625% 29ge29;EUR;100000;Senior;;;29/01/2029;;
26/03/2022;EUROTLX;EUROTLX;XS0908570459;Volkswagen Int Fin 3.3% 22mz33;EUR;100000;Senior;;;22/03/2033;;
26/03/2022;EUROTLX;EUROTLX;XS0880764435;Hera 5.2% 29ge28;EUR;100000;Senior;;;29/01/2028;;
26/03/2022;EUROTLX;EUROTLX;XS0876771840;Db Zc 16ge28;ZAR;20000;Senior;;;16/01/2028;;
26/03/2022;EUROTLX;EUROTLX;XS0875797515;Dt Int Fin 3.25% 17ge28;EUR;1000;Senior;;;17/01/2028;;
26/03/2022;EUROTLX;EUROTLX;XS0819573394;Db Zc 21ag32;ZAR;10000;Senior;;;21/08/2032;;
26/03/2022;EUROTLX;EUROTLX;XS0553728709;Dt Int Fin 4.5% 28ot30;EUR;1000;Senior;;;28/10/2030;;
26/03/2022;EUROTLX;EUROTLX;XS0505478684;Egitto 6.875% 30ap40;USD;100000;Senior;;;30/04/2040;;
26/03/2022;EUROTLX;EUROTLX;XS0468535637;Qatar 6.4% Call 02ge40;USD;100000;Senior;;;20/01/2040;;
26/03/2022;EUROTLX;EUROTLX;XS0461384900;Db-Fix Float Cap&Floor 08gn26;USD;2000;Senior;;;08/06/2026;;
26/03/2022;EUROTLX;EUROTLX;XS0461383845;Db-Fix Float 03lg27;EUR;1000;Senior;;;03/07/2027;;
26/03/2022;EUROTLX;EUROTLX;XS0461383258;Db-Fix Float Cap 03lg27;USD;2000;Senior;;;03/07/2027;;
26/03/2022;EUROTLX;EUROTLX;XS0461375312;Db - 2 Fondi Pimco 24lg26;EUR;1000;Senior;;;24/07/2026;;
26/03/2022;EUROTLX;EUROTLX;XS0461373028;Db-Fix To Cms Cap&Floor 14lg26;EUR;1000;Senior;;;14/07/2026;;
26/03/2022;EUROTLX;EUROTLX;XS0461359464;Db - Pimco Gis Income Fund 01mz28;EUR;1000;Senior;;;01/03/2028;;
26/03/2022;EUROTLX;EUROTLX;XS0461356445;Db - Fix To Cms Cap 15fb27;EUR;1000;Senior;;;15/02/2027;;
26/03/2022;EUROTLX;EUROTLX;XS0452187320;Enel Finance Int 5.75% 14st40;GBP;50000;Senior;;;14/09/2040;;
26/03/2022;EUROTLX;EUROTLX;XS0306646042;Enel 5.625% 21gn27;EUR;50000;Senior;;;21/06/2027;;
26/03/2022;EUROTLX;EUROTLX;XS0229567440;General Electric 4.125% Sub 19st35;EUR;1000;SUBORDINATO;;;19/09/2035;;
26/03/2022;EUROTLX;EUROTLX;XS0214965963;Telecom Italia 5.25% 17mz55;EUR;100000;Senior;;;17/03/2055;;
26/03/2022;EUROTLX;EUROTLX;XS0162990229;Edf 5.625% 21fb33;EUR;1000;Senior;;;21/02/2033;;
26/03/2022;EUROTLX;EUROTLX;XS0162869076;Telefonica Europe 5.875% 14fb33;EUR;1000;Senior;;;14/02/2033;;
26/03/2022;EUROTLX;EUROTLX;XS0162513211;Innogy Finance 5.75% 14fb33;EUR;1000;Senior;;;14/02/2033;;
26/03/2022;EUROTLX;EUROTLX;XS0161488498;Dt Int Fin 7.5% C.P. 24ge33;EUR;1000;Senior;;;24/01/2033;;
26/03/2022;EUROTLX;EUROTLX;XS0161100515;Telecom Italia Finance 7.75% 24ge33;EUR;1000;Senior;;;24/01/2033;;
26/03/2022;EUROTLX;EUROTLX;XS0076085603;Db Zc 27mg27;ZAR;5000;Senior;;;27/05/2027;;
26/03/2022;EUROTLX;EUROTLX;XS0071996515;Morgan Guaranty Trust Zc 21ge27;ITL;5000000;Senior;;;21/01/2027;;
26/03/2022;EUROTLX;EUROTLX;XS0071948540;Ubs Finance Zc 29ge27;ITL;5000000;Senior;;;29/01/2027;;
26/03/2022;EUROTLX;EUROTLX;USU37818AT53;Glencore Funding 3.875% Call 27ot27;USD;2000;Senior;;;27/10/2027;;
26/03/2022;EUROTLX;EUROTLX;USP989MJBN03;Ypf 7.0% Call 15dc47;USD;10000;Senior;;;15/12/2047;;
26/03/2022;EUROTLX;EUROTLX;USP989MJBL47;Ypf 6.95% 21lg27;USD;10000;Senior;;;21/07/2027;;
26/03/2022;EUROTLX;EUROTLX;USN30707AG37;Enel Finance Int 3.5% Call 06ap28;USD;200000;Senior;;;06/04/2028;;
26/03/2022;EUROTLX;EUROTLX;USN30707AE88;Enel Finance Int 4.75% Call 25mg47;USD;200000;Senior;;;25/05/2047;;
26/03/2022;EUROTLX;EUROTLX;USN30707AC23;Enel Finance Int 3.625% Call 25mg27;USD;200000;Senior;;;25/05/2027;;
26/03/2022;EUROTLX;EUROTLX;USG5002FAM89;Jaguar Land Rover 4.5% Call 01ot27;USD;200000;Senior;;;01/10/2027;;
26/03/2022;EUROTLX;EUROTLX;US984121CL51;Xerox 4.80% Call 01mz35;USD;2000;Senior;;;01/03/2035;;
26/03/2022;EUROTLX;EUROTLX;US984121CB79;Xerox 6.75% Call 15dc39;USD;2000;Senior;;;15/12/2039;;
26/03/2022;EUROTLX;EUROTLX;US912909AD03;Us Steel 6.65% Call 01gn37;USD;1000;Senior;;;01/06/2037;;
26/03/2022;EUROTLX;EUROTLX;US91282CDK45;Usa Tf 1,25% Nv26 Usd;USD;1000;Senior;;;30/11/2026;;
26/03/2022;EUROTLX;EUROTLX;US91282CDJ71;Usa Tf 1,375% Nv31 Usd;USD;1000;Senior;;;15/11/2031;;
26/03/2022;EUROTLX;EUROTLX;US91282CDG33;Usa Tf 1,125% Ot26 Usd;USD;1000;Senior;;;31/10/2026;;
26/03/2022;EUROTLX;EUROTLX;US91282CCV19;Usa Tf 1,125% Ag28 Usd;USD;1000;Senior;;;31/08/2028;;
26/03/2022;EUROTLX;EUROTLX;US91282CCS89;Usa Tf 1,25% Ag31 Usd;USD;1000;Senior;;;15/08/2031;;
26/03/2022;EUROTLX;EUROTLX;US91282CCB54;Usa Tf 1,625% Mg31 Usd;USD;1000;Senior;;;15/05/2031;;
26/03/2022;EUROTLX;EUROTLX;US912828ZB95;Usa T-Note Tf 1,125% Fb27 Usd;USD;1000;Senior;;;28/02/2027;;
26/03/2022;EUROTLX;EUROTLX;US912828Z948;Usa T-Note Tf 1,5% Fb30 Usd;USD;1000;Senior;;;15/02/2030;;
26/03/2022;EUROTLX;EUROTLX;US912828YS30;Usa T-Note Tf 1,75% Nv29 Usd;USD;1000;Senior;;;15/11/2029;;
26/03/2022;EUROTLX;EUROTLX;US912828YB05;Usa T-Note Tf 1,625% Ag29 Usd;USD;1000;Senior;;;15/08/2029;;
26/03/2022;EUROTLX;EUROTLX;US9128286T26;Usa T-Note Tf 2,375% Mg29 Usd;USD;1000;Senior;;;15/05/2029;;
26/03/2022;EUROTLX;EUROTLX;US9128282A70;Usa - T-Note 1.5% 15ag26;USD;1000;Senior;;;15/08/2026;;
26/03/2022;EUROTLX;EUROTLX;US9128286B18;Usa T-Note Tf 2,625% Fb29 Usd;USD;1000;Senior;;;15/02/2029;;
26/03/2022;EUROTLX;EUROTLX;US912810TC27;Usa Tf 2% Nv41 Usd;USD;1000;Senior;;;15/11/2041;;
26/03/2022;EUROTLX;EUROTLX;US912810TB44;Usa Tf 1,875% Nv51 Usd;USD;1000;Senior;;;15/11/2051;;
26/03/2022;EUROTLX;EUROTLX;US912810TA60;Usa Tf 1,75% Ag41 Usd;USD;1000;Senior;;;15/08/2041;;
26/03/2022;EUROTLX;EUROTLX;US912810SZ21;Usa Tf 2% Ag51 Usd;USD;1000;Senior;;;15/08/2051;;
26/03/2022;EUROTLX;EUROTLX;US912810SY55;Usa Tf 2,25% Mg41 Usd;USD;1000;Senior;;;15/05/2041;;
26/03/2022;EUROTLX;EUROTLX;US912810SX72;Usa Tf 2,375% Mg51 Usd;USD;1000;Senior;;;15/05/2051;;
26/03/2022;EUROTLX;EUROTLX;US912810SS87;Usa Tf 1,625% Nv50 Usd;USD;1000;Senior;;;15/11/2050;;
26/03/2022;EUROTLX;EUROTLX;US912810SP49;Usa Tf 1,375% Ag50 Usd;USD;1000;Senior;;;15/08/2050;;
26/03/2022;EUROTLX;EUROTLX;US912810SN90;Usa Tf 1,25% Mg50 Usd;USD;1000;Senior;;;15/05/2050;;
26/03/2022;EUROTLX;EUROTLX;US912810SL35;Usa T-Bond Tf 2% Fb50 Usd;USD;1000;Senior;;;15/02/2050;;
26/03/2022;EUROTLX;EUROTLX;US912810SK51;Usa Tf 2,375% Nv49 Usd;USD;1000;Senior;;;15/11/2049;;
26/03/2022;EUROTLX;EUROTLX;US912810SJ88;Usa T-Bond Tf 2,25% Ag49 Usd;USD;1000;Senior;;;15/08/2049;;
26/03/2022;EUROTLX;EUROTLX;US912810SE91;Usa T-Bond Tf 3,375% Nv48 Usd;USD;1000;Senior;;;15/11/2048;;
26/03/2022;EUROTLX;EUROTLX;US912810RX81;Usa T-Bond Tf 3% Mg47 Usd;USD;1000;Senior;;;15/05/2047;;
26/03/2022;EUROTLX;EUROTLX;US912810RU43;Usa Tf 2,875% Nv46 Usd;USD;1000;Senior;;;15/11/2046;;
26/03/2022;EUROTLX;EUROTLX;US912810RS96;Usa T-Bond Tf 2,5% Mg46 Usd;USD;1000;Senior;;;15/05/2046;;
26/03/2022;EUROTLX;EUROTLX;US912810RN00;Usa T-Bond Tf 2,875% Ag45 Usd;USD;1000;Senior;;;15/08/2045;;
26/03/2022;EUROTLX;EUROTLX;US912810RM27;Usa -T-Bond 3% 15mg45;USD;1000;Senior;;;15/05/2045;;
26/03/2022;EUROTLX;EUROTLX;US912810RK60;Usa -T-Bond 2.5% 15fb45;USD;1000;Senior;;;15/02/2045;;
26/03/2022;EUROTLX;EUROTLX;US912810RJ97;Usa -T-Bond 3% 15nv44;USD;1000;Senior;;;15/11/2044;;
26/03/2022;EUROTLX;EUROTLX;US912810RH32;Usa -T-Bond 3.125% 15ag44;USD;1000;Senior;;;15/08/2044;;
26/03/2022;EUROTLX;EUROTLX;US912810RG58;Usa -T-Bond 3.375% 15mg44;USD;1000;Senior;;;15/05/2044;;
26/03/2022;EUROTLX;EUROTLX;US912810RE01;Usa T-Bond Tf 3,625% Fb44 Usd;USD;1000;Senior;;;15/02/2044;;
26/03/2022;EUROTLX;EUROTLX;US912810RC45;Usa -T-Bond 3.625% 15ag43;USD;1000;Senior;;;15/08/2043;;
26/03/2022;EUROTLX;EUROTLX;US912810RB61;Usa -T-Bond 2.875% 15mg43;USD;1000;Senior;;;15/05/2043;;
26/03/2022;EUROTLX;EUROTLX;US912810QZ49;Usa -T-Bond 3.125% 15fb43;USD;1000;Senior;;;15/02/2043;;
26/03/2022;EUROTLX;EUROTLX;US912810QU51;Usa T-Bond Tf 3,125% Fb42 Usd;USD;1000;Senior;;;15/02/2042;;
26/03/2022;EUROTLX;EUROTLX;US912810QN19;Usa T-Bond Tf 4,75% Fb41 Usd;USD;1000;Senior;;;15/02/2041;;
26/03/2022;EUROTLX;EUROTLX;US912810QK79;Usa T-Bond Tf 3,875% Ag40 Usd;USD;1000;Senior;;;15/08/2040;;
26/03/2022;EUROTLX;EUROTLX;US912810QE10;Usa -T-Bond 4.625% 15fb40;USD;1000;Senior;;;15/02/2040;;
26/03/2022;EUROTLX;EUROTLX;US912810QD37;Usa Tf 4,375% Nv39 Usd;USD;1000;Senior;;;15/11/2039;;
26/03/2022;EUROTLX;EUROTLX;US912810PX00;Usa T-Bond Tf 4,5% Mg38 Usd;USD;1000;Senior;;;15/05/2038;;
26/03/2022;EUROTLX;EUROTLX;US912810PU60;Usa -T-Bond 5% 15mg37;USD;1000;Senior;;;15/05/2037;;
26/03/2022;EUROTLX;EUROTLX;US912810PT97;Usa -T-Bond 4.75% 15fb37;USD;1000;Senior;;;15/02/2037;;
26/03/2022;EUROTLX;EUROTLX;US912810FT08;Usa -T-Bond 4.5% 15fb36;USD;1000;Senior;;;15/02/2036;;
26/03/2022;EUROTLX;EUROTLX;US912810FP85;Usa T-Bond Tf 5,375% Fb31 Usd;USD;1000;Senior;;;15/02/2031;;
26/03/2022;EUROTLX;EUROTLX;US912810FM54;Usa -T-Bond 6.25% 15mg30;USD;1000;Senior;;;15/05/2030;;
26/03/2022;EUROTLX;EUROTLX;US912810FJ26;Usa -T-Bond 6.125% 15ag29;USD;1000;Senior;;;15/08/2029;;
26/03/2022;EUROTLX;EUROTLX;US912810FG86;Usa -T-Bond 5.25% 15fb29;USD;1000;Senior;;;15/02/2029;;
26/03/2022;EUROTLX;EUROTLX;US912810FF04;Usa -T-Bond 5.25% 15nv28;USD;1000;Senior;;;15/11/2028;;
26/03/2022;EUROTLX;EUROTLX;US912810FE39;Usa -T-Bond 5.5% 15ag28;USD;1000;Senior;;;15/08/2028;;
26/03/2022;EUROTLX;EUROTLX;US91086QBE70;Messico 5.55% Call 21ge45;USD;2000;Senior;;;21/01/2045;;
26/03/2022;EUROTLX;EUROTLX;US91086QBB32;Messico 4.75% Call 08mz44;USD;2000;Senior;;;08/03/2044;;
26/03/2022;EUROTLX;EUROTLX;US91086QAV05;Messico 6.05% Call 11ge40;USD;2000;Senior;;;11/01/2040;;
26/03/2022;EUROTLX;EUROTLX;US91086QAZ19;Messico 5.75% Call 12ot10;USD;2000;Senior;;;12/10/2110;;
26/03/2022;EUROTLX;EUROTLX;US91086QAS75;Messico 6.75% 27st34;USD;1000;Senior;;;27/09/2034;;
26/03/2022;EUROTLX;EUROTLX;US91086QAG38;Messico 8.3% 15ag31;USD;1000;Senior;;;15/08/2031;;
26/03/2022;EUROTLX;EUROTLX;US900123CQ19;Turkey Tf 6.125% Ot28 Usd;USD;200000;Senior;;;24/10/2028;;
26/03/2022;EUROTLX;EUROTLX;US900123CP36;Turkey Tf 5.125% Fb28 Usd;USD;200000;Senior;;;17/02/2028;;
26/03/2022;EUROTLX;EUROTLX;US900123CM05;Turkey Tf 5.75% Mg47 Usd;USD;200000;Senior;;;11/05/2047;;
26/03/2022;EUROTLX;EUROTLX;US900123CL22;Turkey Tf 6% Mz27 Usd;USD;200000;Senior;;;25/03/2027;;
26/03/2022;EUROTLX;EUROTLX;US900123CK49;Turkey Tf 4.875% Ot26 Usd;USD;200000;Senior;;;09/10/2026;;
26/03/2022;EUROTLX;EUROTLX;US900123BB58;Turchia 7.25% 05mz38;USD;2000;Senior;;;05/03/2038;;
26/03/2022;EUROTLX;EUROTLX;US900123AT75;Turchia 8% 14fb34;USD;2000;Senior;;;14/02/2034;;
26/03/2022;EUROTLX;EUROTLX;US900123AL40;Turchia 11.875% 15ge30;USD;1000;Senior;;;15/01/2030;;
26/03/2022;EUROTLX;EUROTLX;US893830AT68;Transocean 6.8% Call 15mz38;USD;1000;Senior;;;15/03/2038;;
26/03/2022;EUROTLX;EUROTLX;US893830AF64;Transocean 7.5% Call 15ap31;USD;1000;Senior;;;15/04/2031;;
26/03/2022;EUROTLX;EUROTLX;US88167AAF84;Teva Pharma Fin Iii 4.10% Call 01ot46;USD;2000;Senior;;;01/10/2046;;
26/03/2022;EUROTLX;EUROTLX;US88167AAE10;Teva Pharma Fin Iii 3.15% Call 01ot26;USD;2000;Senior;;;01/10/2026;;
26/03/2022;EUROTLX;EUROTLX;US88163VAD10;Teva Pharm Fin Co Llc 6.15% Call 01fb36;USD;2000;Senior;;;01/02/2036;;
26/03/2022;EUROTLX;EUROTLX;US87927VAV09;Tim Cap 7.721% Call 04gn38;USD;2000;Senior;;;04/06/2038;;
26/03/2022;EUROTLX;EUROTLX;US87927VAR96;Tim Cap 7.2% Call 18lg36;USD;2000;Senior;;;18/07/2036;;
26/03/2022;EUROTLX;EUROTLX;US87927VAM00;Tim Cap 6% Call 30st34;USD;1000;Senior;;;30/09/2034;;
26/03/2022;EUROTLX;EUROTLX;US87927VAF58;Tim Cap 6.375% Call 15nv33;USD;1000;Senior;;;15/11/2033;;
26/03/2022;EUROTLX;EUROTLX;US836205AZ74;Sudafrica 6.3% 22gn48;USD;200000;Senior;;;22/06/2048;;
26/03/2022;EUROTLX;EUROTLX;US836205AX27;Sudafrica 5.650% 27st47;USD;200000;Senior;;;27/09/2047;;
26/03/2022;EUROTLX;EUROTLX;US836205AS32;Sudafrica 5.375% 24lg44;USD;200000;Senior;;;24/07/2044;;
26/03/2022;EUROTLX;EUROTLX;US836205AP92;Sudafrica 6.25% 08mz41;USD;100000;Senior;;;08/03/2041;;
26/03/2022;EUROTLX;EUROTLX;US822582BQ44;Shell Int Fin 4% Call 10mg46;USD;1000;Senior;;;10/05/2046;;
26/03/2022;EUROTLX;EUROTLX;US786514BA67;Safeway 7.25% Call 01fb31;USD;1000;Senior;;;01/02/2031;;
26/03/2022;EUROTLX;EUROTLX;US780153AW20;Royal Caribb Tf 3,7% Mz28 Call Usd;USD;2000;Senior;;;15/03/2028;;
26/03/2022;EUROTLX;EUROTLX;US780153AG79;Royal Caribb Tf 7,5% Ot27 Usd;USD;1000;Senior;;;15/10/2027;;
26/03/2022;EUROTLX;EUROTLX;US71656MAF68;Pemex Tf 6,625% Perpetual Call Usd;ERR;10000;;;;;;
26/03/2022;EUROTLX;EUROTLX;US71654QDF63;Petroleos Mexicanos 6.95% Call 28ge60;USD;10000;Senior;;;28/01/2060;;
26/03/2022;EUROTLX;EUROTLX;US71654QDE98;Petroleos Mexicanos 5.95% Call 28ge31;USD;10000;Senior;;;28/01/2031;;
26/03/2022;EUROTLX;EUROTLX;US71654QDD16;Petroleos Mexicanos 7.69% Call 23ge50;USD;10000;Senior;;;23/01/2050;;
26/03/2022;EUROTLX;EUROTLX;US71654QDC33;Petroleos Mexicanos 6.84% Call 23ge30;USD;10000;Senior;;;23/01/2030;;
26/03/2022;EUROTLX;EUROTLX;US71654QDB59;Petroleos Mexicanos 6.49% Call 23ge27;USD;10000;Senior;;;23/01/2027;;
26/03/2022;EUROTLX;EUROTLX;US71654QCP54;Petroleos Mexicanos 6.5% Call 23ge29;USD;10000;Senior;;;23/01/2029;;
26/03/2022;EUROTLX;EUROTLX;US71654QCL41;Petroleos Mexicanos 6.350% Call 12fb48;USD;10000;Senior;;;12/02/2048;;
26/03/2022;EUROTLX;EUROTLX;US71654QCK67;Petroleos Mexicanos 5.35% Call 12fe28;USD;10000;Senior;;;12/02/2028;;
26/03/2022;EUROTLX;EUROTLX;US71654QCG55;Petroleos Mexicanos 6.5% Call 13mz27;USD;10000;Senior;;;13/03/2027;;
26/03/2022;EUROTLX;EUROTLX;US71654QCC42;Petroleos Mexicanos 6.750% Call 21st47;USD;10000;Senior;;;21/09/2047;;
26/03/2022;EUROTLX;EUROTLX;US71654QBX97;Petroleos Mexicanos 5.625% Call 23ge46;USD;10000;Senior;;;23/01/2046;;
26/03/2022;EUROTLX;EUROTLX;US71654QBR20;Petroleos Mexicanos 6.375% Call 23ge45;USD;10000;Senior;;;23/01/2045;;
26/03/2022;EUROTLX;EUROTLX;US71654QBE17;Petroleos Mexicanos 5.5% Call 27gn44;USD;10000;Senior;;;27/06/2044;;
26/03/2022;EUROTLX;EUROTLX;US71654QAZ54;Petroleos Mexicanos 6.5% Call 02gn41;USD;10000;Senior;;;02/06/2041;;
26/03/2022;EUROTLX;EUROTLX;US71647NBJ72;Petrobras Tf 5,5% Gn51 Call Usd;USD;2000;Senior;;;10/06/2051;;
26/03/2022;EUROTLX;EUROTLX;US71647NBH17;Petrobras 5.6% Call 03ge31;USD;2000;Senior;;;03/01/2031;;
26/03/2022;EUROTLX;EUROTLX;US71647NBE85;Petrobras 5.093% Call 15ge30;USD;2000;Senior;;;15/01/2030;;
26/03/2022;EUROTLX;EUROTLX;US71647NBD03;Petrobras 6.9% Call 19mz49;USD;2000;Senior;;;19/03/2049;;
26/03/2022;EUROTLX;EUROTLX;US71647NAZ24;Petrobras 5.75% Call 01fb29;USD;2000;Senior;;;01/02/2029;;
26/03/2022;EUROTLX;EUROTLX;US71647NAY58;Petrobras 5.999% Call 27ge28;USD;2000;Senior;;;27/01/2028;;
26/03/2022;EUROTLX;EUROTLX;US71647NAS80;Petrobras 7.375% Call 17ge27;USD;2000;Senior;;;17/01/2027;;
26/03/2022;EUROTLX;EUROTLX;US71647NAN93;Petrobras 6.85% Call 05gn2115;USD;2000;Senior;;;05/06/2115;;
26/03/2022;EUROTLX;EUROTLX;US71647NAK54;Petrobras 7.25% Call 17mz44;USD;2000;Senior;;;17/03/2044;;
26/03/2022;EUROTLX;EUROTLX;US71647NAA72;Petrobras 5.625% Call 20mg43;USD;2000;Senior;;;20/05/2043;;
26/03/2022;EUROTLX;EUROTLX;US71645WAS08;Petrobras 6.75% Call 27ge41;USD;2000;Senior;;;27/01/2041;;
26/03/2022;EUROTLX;EUROTLX;US71645WAQ42;Petrobras 6.875% Call 20ge40;USD;2000;Senior;;;20/01/2040;;
26/03/2022;EUROTLX;EUROTLX;US715638BU55;Peru' 4.125% 25ag27;USD;1000;Senior;;;25/08/2027;;
26/03/2022;EUROTLX;EUROTLX;US715638BM30;Peru' 5.625% 18nv50;USD;1000;Senior;;;18/11/2050;;
26/03/2022;EUROTLX;EUROTLX;US706451BR12;Petroleos Mexicanos 6.625% Call 15gn38;USD;10000;Senior;;;15/06/2038;;
26/03/2022;EUROTLX;EUROTLX;US706451BG56;Petroleos Mexicanos 6.625% Call 15gn35;USD;10000;Senior;;;15/06/2035;;
26/03/2022;EUROTLX;EUROTLX;US674599CJ22;Occidental Petr Corp 4.40% Call 15ap46;USD;2000;Senior;;;15/04/2046;;
26/03/2022;EUROTLX;EUROTLX;US655664AS97;Nordstrom 4% Call 15mz27;USD;2000;Senior;;;15/03/2027;;
26/03/2022;EUROTLX;EUROTLX;US655664AR15;Nordstrom 5% Call 15ge44;USD;2000;Senior;;;15/01/2044;;
26/03/2022;EUROTLX;EUROTLX;US655664AH33;Nordstrom 6.95% 15mz28;USD;1000;Senior;;;15/03/2028;;
26/03/2022;EUROTLX;EUROTLX;US64110LAN64;Netflix 4.375% Call 15nv26;USD;2000;Senior;;;15/11/2026;;
26/03/2022;EUROTLX;EUROTLX;US637071AK74;Nov Inc Tf 3,95% Dc42 Call Usd;USD;2000;Senior;;;01/12/2042;;
26/03/2022;EUROTLX;EUROTLX;US62854AAP93;Utah Acquisition 5.25% Call 15gn46;USD;2000;Senior;;;15/06/2046;;
26/03/2022;EUROTLX;EUROTLX;US626717AG73;Murphy Oil Tf C.P. Dc42 Call Usd;USD;2000;Senior;;;01/12/2042;;
26/03/2022;EUROTLX;EUROTLX;US61744YAL20;Ms - Fixed Floater Call 22lg38;USD;1000;Senior;;;22/07/2038;;
26/03/2022;EUROTLX;EUROTLX;US61744YAK47;Ms - Fixed Floater Call 22lg28;USD;1000;Senior;;;22/07/2028;;
26/03/2022;EUROTLX;EUROTLX;US594918BT09;Microsoft 3.70% Call 08ag46;USD;2000;Senior;;;08/08/2046;;
26/03/2022;EUROTLX;EUROTLX;US594918BR43;Microsoft 2.4% Call 08ag26;USD;2000;Senior;;;08/08/2026;;
26/03/2022;EUROTLX;EUROTLX;US55616XAM92;Macys 4.50% Call 15dc34;USD;2000;Senior;;;15/12/2034;;
26/03/2022;EUROTLX;EUROTLX;US55616XAJ63;Macys 4.30% Call 15fb43;USD;2000;Senior;;;15/02/2043;;
26/03/2022;EUROTLX;EUROTLX;US55616XAG25;Macys 5.125% Call 15ge42;USD;2000;Senior;;;15/01/2042;;
26/03/2022;EUROTLX;EUROTLX;US532716AN75;L Brands 7.60% Call 15lg37;USD;2000;Senior;;;15/07/2037;;
26/03/2022;EUROTLX;EUROTLX;US532716AK37;L Brands 6.95% Call 01mz33;USD;1000;Senior;;;01/03/2033;;
26/03/2022;EUROTLX;EUROTLX;US501797AM65;Lbrands 6.750% Callable 01lg36;USD;2000;Senior;;;01/07/2036;;
26/03/2022;EUROTLX;EUROTLX;US501797AL82;Lbrands 6.8750% Callable 01nv35;USD;2000;Senior;;;01/11/2035;;
26/03/2022;EUROTLX;EUROTLX;US500255AV61;Kohls 5.5% Call 17lg45;USD;2000;Senior;;;17/07/2045;;
26/03/2022;EUROTLX;EUROTLX;US46647PAK21;Jp Morgan Chase&Co-Fix Float Call 24lg48;USD;2000;Senior;;;24/07/2048;;
26/03/2022;EUROTLX;EUROTLX;US46647PAJ57;Jp Morgan Chase&Co-Fix Float Call 24lg38;USD;2000;Senior;;;24/07/2038;;
26/03/2022;EUROTLX;EUROTLX;US46625HRV41;J.P. Morgan Chase & Co 2.95% Call 01ot26;USD;2000;Senior;;;01/10/2026;;
26/03/2022;EUROTLX;EUROTLX;US46625HRS12;J.P. Morgan Chase & Co. 3.2% Call 15gn26;USD;2000;Senior;;;15/06/2026;;
26/03/2022;EUROTLX;EUROTLX;US42824CAY57;Hpe 6.35% Call 15ot45;USD;2000;Senior;;;15/10/2045;;
26/03/2022;EUROTLX;EUROTLX;US428236BR31;Hp 6% Call 15st41;USD;2000;Senior;;;15/09/2041;;
26/03/2022;EUROTLX;EUROTLX;US40434LAC90;Hp 3.4% Call 17gn30;USD;2000;Senior;;;17/06/2030;;
26/03/2022;EUROTLX;EUROTLX;US406216BK61;Halliburton 5% Call 15nv45;USD;2000;Senior;;;15/11/2045;;
26/03/2022;EUROTLX;EUROTLX;US40434LAB18;Hp 3% Call 17gn27;USD;2000;Senior;;;17/06/2027;;
26/03/2022;EUROTLX;EUROTLX;US382550BG56;Goodyear 4.875% Call 15mz27;USD;1000;Senior;;;15/03/2027;;
26/03/2022;EUROTLX;EUROTLX;US37045VAK61;Gm 6.6% Call 01ap36;USD;2000;Senior;;;01/04/2036;;
26/03/2022;EUROTLX;EUROTLX;US370425RZ53;Ally Financial 8% 01nv31;USD;1000;Senior;;;01/11/2031;;
26/03/2022;EUROTLX;EUROTLX;US36962G4B75;General Electric 6.875% 10ge39;USD;1000;Senior;;;10/01/2039;;
26/03/2022;EUROTLX;EUROTLX;US36962G3P70;General Electric 5.875% 14ge38;USD;1000;Senior;;;14/01/2038;;
26/03/2022;EUROTLX;EUROTLX;US369604BY81;General Electric 4.35% Call 01mg50;USD;2000;Senior;;;01/05/2050;;
26/03/2022;EUROTLX;EUROTLX;US369604BW26;General Electric 3.625% Call 01mg30;USD;2000;Senior;;;01/05/2030;;
26/03/2022;EUROTLX;EUROTLX;US369604BV43;General Electric 3.45% Call 01mg27;USD;2000;Senior;;;01/05/2027;;
26/03/2022;EUROTLX;EUROTLX;US369604BH58;General Electric 4.5% Call 11mz44;USD;2000;Senior;;;11/03/2044;;
26/03/2022;EUROTLX;EUROTLX;US369604BF92;General Electric 4.125% Call 09ot42;USD;2000;Senior;;;09/10/2042;;
26/03/2022;EUROTLX;EUROTLX;US35671DBJ37;Freeport-Mcmoran 5.40% Call 14nv34;USD;2000;Senior;;;14/11/2034;;
26/03/2022;EUROTLX;EUROTLX;US35671DBC83;Freeport-Mcmoran 5.450% Call 15mz43;USD;2000;Senior;;;15/03/2043;;
26/03/2022;EUROTLX;EUROTLX;US345370CX67;Ford Motor 9.625% Call 22ap30;USD;2000;Senior;;;22/04/2030;;
26/03/2022;EUROTLX;EUROTLX;US345370CS72;Ford Motor 5.291% Call 08dc46;USD;2000;Senior;;;08/12/2046;;
26/03/2022;EUROTLX;EUROTLX;US345370CR99;Ford Motor 4.346% Call 08dc26;USD;2000;Senior;;;08/12/2026;;
26/03/2022;EUROTLX;EUROTLX;US345370CQ17;Ford Motor 4.75% 15ge43;USD;2000;Senior;;;15/01/2043;;
26/03/2022;EUROTLX;EUROTLX;US345370CA64;Ford Motor 7.45% 16lg31;USD;1000;Senior;;;16/07/2031;;
26/03/2022;EUROTLX;EUROTLX;US345370BY59;Ford Motor 6.625% 01ot28;USD;1000;Senior;;;01/10/2028;;
26/03/2022;EUROTLX;EUROTLX;US29078EAA38;Lumen Tech 7.995% Call 01gn36;USD;1000;Senior;;;01/06/2036;;
26/03/2022;EUROTLX;EUROTLX;US279158AJ82;Ecopetrol 5.875% Call 28mg45;USD;1000;Senior;;;28/05/2045;;
26/03/2022;EUROTLX;EUROTLX;US279158AE95;Ecopetrol Tf 7,375% St43 Call Usd;USD;1000;Senior;;;18/09/2043;;
26/03/2022;EUROTLX;EUROTLX;US278642AF09;Ebay 4% Call 15lg42;USD;2000;Senior;;;15/07/2042;;
26/03/2022;EUROTLX;EUROTLX;US260543CG61;Dow Chemical 4.375% Call 15nv42;USD;2000;Senior;;;15/11/2042;;
26/03/2022;EUROTLX;EUROTLX;US195325BM66;Colombia 6.125% Call 18ge41;USD;100000;Senior;;;18/01/2041;;
26/03/2022;EUROTLX;EUROTLX;US172967LP48;Citigroup-Fix Float Call 24lg28;USD;1000;Senior;;;24/07/2028;;
26/03/2022;EUROTLX;EUROTLX;US172967LJ87;Citigroup-Fix Float Call 24ap48;USD;1000;Senior;;;24/04/2048;;
26/03/2022;EUROTLX;EUROTLX;US172967KY63;Citigroup 3.2% Call 21ot26;USD;1000;Senior;;;21/10/2026;;
26/03/2022;EUROTLX;EUROTLX;US172967KA87;Citigroup Sub 4.45% 29st27;USD;1000;TIER II;;;29/09/2027;;
26/03/2022;EUROTLX;EUROTLX;US168863BP27;Cile 3.625% 30ot42;USD;150000;Senior;;;30/10/2042;;
26/03/2022;EUROTLX;EUROTLX;US156700AT34;Lumen Tech 7.65% Call 15mz42;USD;2000;Senior;;;15/03/2042;;
26/03/2022;EUROTLX;EUROTLX;US156700AM80;Lumen Tech 7.6% Call 15st39;USD;2000;Senior;;;15/09/2039;;
26/03/2022;EUROTLX;EUROTLX;US156686AM96;Lumen Tech Tf 6,875% Ge28 Call Usd;USD;1000;Senior;;;15/01/2028;;
26/03/2022;EUROTLX;EUROTLX;US12594KAB89;Cnh Industrial 3.85% Call 15nv27;USD;2000;Senior;;;15/11/2027;;
26/03/2022;EUROTLX;EUROTLX;US105756BY51;Brasile 5.625% Call 21fb47;USD;200000;Senior;;;21/02/2047;;
26/03/2022;EUROTLX;EUROTLX;US105756BW95;Brasile 5% Call 27ge45;USD;200000;Senior;;;27/01/2045;;
26/03/2022;EUROTLX;EUROTLX;US105756BR01;Brasile 5.625% Call 07ge41;USD;100000;Senior;;;07/01/2041;;
26/03/2022;EUROTLX;EUROTLX;US105756BK57;Brasile 7.125% 20ge37;USD;1000;Senior;;;20/01/2037;;
26/03/2022;EUROTLX;EUROTLX;US105756AL40;Brasile 12.25% 06mz30;USD;1000;Senior;;;06/03/2030;;
26/03/2022;EUROTLX;EUROTLX;US105756AE07;Brasile 10.125% 15mg27;USD;1000;Senior;;;15/05/2027;;
26/03/2022;EUROTLX;EUROTLX;US06051GGG82;Bofa - Fix Float Call 20ge48;USD;2000;Senior;;;20/01/2048;;
26/03/2022;EUROTLX;EUROTLX;US06051GGF00;Bofa - Fix Float Call 20ge28;USD;2000;Senior;;;20/01/2028;;
26/03/2022;EUROTLX;EUROTLX;US06051GGA13;Bofa 3.248% Call 21ot27;USD;2000;Senior;;;21/10/2027;;
26/03/2022;EUROTLX;EUROTLX;US040114HX11;Argentina 1% Call Sink 09lg29;USD;1;Senior;;;09/07/2029;;
26/03/2022;EUROTLX;EUROTLX;US040114HW38;Argentina Step Up Call Sink 09lg46;USD;1;Senior;;;09/07/2046;;
26/03/2022;EUROTLX;EUROTLX;US040114HV54;Argentina Step Up Call Sink 09lg41;USD;1;Senior;;;09/07/2041;;
26/03/2022;EUROTLX;EUROTLX;US040114HU71;Argentina Step Up Call Sink 09ge38;USD;1;Senior;;;09/01/2038;;
26/03/2022;EUROTLX;EUROTLX;US040114HT09;Argentina Step Up Call Sink 09lg35;USD;1;Senior;;;09/07/2035;;
26/03/2022;EUROTLX;EUROTLX;US040114HS26;Argentina Step Up Call Sink 09lg30;USD;1;Senior;;;09/07/2030;;
26/03/2022;EUROTLX;EUROTLX;US03938LAP94;Arcelormittal Tf C.P. Ot39 Call Usd;USD;2000;Senior;;;15/10/2039;;
26/03/2022;EUROTLX;EUROTLX;US037833DK32;Apple 3.0% Call 13nv27;USD;2000;Senior;;;13/11/2027;;
26/03/2022;EUROTLX;EUROTLX;US037833DG20;Apple 3.75% Call 13nv47;USD;2000;Senior;;;13/11/2047;;
26/03/2022;EUROTLX;EUROTLX;US037833DB33;Apple 2.9% Call 12st27;USD;2000;Senior;;;12/09/2027;;
26/03/2022;EUROTLX;EUROTLX;US037833CR93;Apple 3.2% Call 11mg27;USD;2000;Senior;;;11/05/2027;;
26/03/2022;EUROTLX;EUROTLX;US037833CD08;Apple 3.85% Call 04ag46;USD;2000;Senior;;;04/08/2046;;
26/03/2022;EUROTLX;EUROTLX;US037833BZ29;Apple 2.45% Call 04ag26;USD;2000;Senior;;;04/08/2026;;
26/03/2022;EUROTLX;EUROTLX;US037411BA28;Apache Corp 4.75% Call 15ap43;USD;2000;Senior;;;15/04/2043;;
26/03/2022;EUROTLX;EUROTLX;US03512TAB70;Anglogold Tf 6,5% Ap40 Call Usd;USD;1000;Senior;;;15/04/2040;;
26/03/2022;EUROTLX;EUROTLX;US023135BM78;Amazon 4.250% Callable 22ag57;USD;2000;Senior;;;22/08/2057;;
26/03/2022;EUROTLX;EUROTLX;US023135AQ91;Amazon 4.950% Callable 05dc44;USD;2000;Senior;;;05/12/2044;;
26/03/2022;EUROTLX;EUROTLX;US013817AK77;Howmet Aerospace 5.95% Call 01fb37;USD;1000;Senior;;;01/02/2037;;
26/03/2022;EUROTLX;EUROTLX;US00206RCP55;At&T 4.5% Call 15mg35;USD;2000;Senior;;;15/05/2035;;
26/03/2022;EUROTLX;EUROTLX;NZGOVDT531C0;Nuova Zelanda - 1.5% 15mg31;NZD;10000;Senior;;;15/05/2031;;
26/03/2022;EUROTLX;EUROTLX;US00206RBH49;At&T 4.3% Call 15dc42;USD;1000;Senior;;;15/12/2042;;
26/03/2022;EUROTLX;EUROTLX;NZGOVDT528C6;New Zeland Tf 0,25% Mg28 Nzd;NZD;10000;Senior;;;15/05/2028;;
26/03/2022;EUROTLX;EUROTLX;NZGOVDT429C7;Nuova Zelanda - 3.0% 20ap29;NZD;10000;Senior;;;20/04/2029;;
26/03/2022;EUROTLX;EUROTLX;NZGOVDT427C1;Nuova Zelanda - 4.5% 15ap27;NZD;10000;Senior;;;15/04/2027;;
26/03/2022;EUROTLX;EUROTLX;NO0010875230;Norway Tf 1,375% Ag30 Nok;NOK;1000;Senior;;;19/08/2030;;
26/03/2022;EUROTLX;EUROTLX;NO0010844079;Norway Tf 1,75% St29 Nok;NOK;1000;Senior;;;06/09/2029;;
26/03/2022;EUROTLX;EUROTLX;NO0010821598;Norway Tf 2% Ap28 Nok;NOK;1000;Senior;;;26/04/2028;;
26/03/2022;EUROTLX;EUROTLX;NO0010786288;Norway Tf 1,75% Fb27 Nok;NOK;1000;Senior;;;17/02/2027;;
26/03/2022;EUROTLX;EUROTLX;IT0006737214;Bnp Iss - Asset Future 31mz27;EUR;1000;Senior;;;31/03/2027;;
26/03/2022;EUROTLX;EUROTLX;IT0006736869;Bnp Iss - Asset Future 28fb27;EUR;1000;Senior;;;28/02/2027;;
26/03/2022;EUROTLX;EUROTLX;IT0006736448;Bnp Iss - Asset Future 31ge27;EUR;1000;Senior;;;31/01/2027;;
26/03/2022;EUROTLX;EUROTLX;IT0005467722;Mediobanca Tf 2,05% Dc29 Usd;USD;2000;Senior;;;23/12/2029;;
26/03/2022;EUROTLX;EUROTLX;IT0005450934;Mediobanca Sc Lg31 Usd;USD;2000;Senior;;;30/07/2031;;
26/03/2022;EUROTLX;EUROTLX;IT0005436875;Mediobanca Step Up 01ap28;USD;20000;Senior;;;01/04/2028;;
26/03/2022;EUROTLX;EUROTLX;IT0005433849;Mediobanca Step Up 26fb28;USD;2000;Senior;;;26/02/2028;;
26/03/2022;EUROTLX;EUROTLX;IT0005399586;Cdp Social Bond 1% 11fb30;EUR;100000;Senior;;;11/02/2030;;
26/03/2022;EUROTLX;EUROTLX;IT0005396863;Mediobanca - Fix Float 28fb27;USD;6000;Senior;;;28/02/2027;;
26/03/2022;EUROTLX;EUROTLX;IT0005374043;Cdp Fix Float 28gn26;EUR;1000;Senior;;;28/06/2026;;
26/03/2022;EUROTLX;EUROTLX;IT0005177032;Ucg Zc 10gn26;EUR;10000;Senior;;;10/06/2026;;
26/03/2022;EUROTLX;EUROTLX;IT0004099930;Bnl Zc 23ag29;EUR;50000;Senior;;;23/08/2029;;
26/03/2022;EUROTLX;EUROTLX;IT0004085186;Bnl Zc 18lg29;EUR;50000;Senior;;;18/07/2029;;
26/03/2022;EUROTLX;EUROTLX;IT0004059264;Bnl Zc 30mg29;EUR;1000;Senior;;;30/05/2029;;
26/03/2022;EUROTLX;EUROTLX;IT0004049224;Bnl Zc 03mg29;EUR;1000;Senior;;;03/05/2029;;
26/03/2022;EUROTLX;EUROTLX;IT0004026420;Bnl Zc 31mz29;EUR;1000;Senior;;;31/03/2029;;
26/03/2022;EUROTLX;EUROTLX;IT0004013881;Bnl Zc 28fb29;EUR;1000;Senior;;;28/02/2029;;
26/03/2022;EUROTLX;EUROTLX;IT0003966626;Bnl Zc 30dc27;EUR;1000;Senior;;;30/12/2027;;
26/03/2022;EUROTLX;EUROTLX;IT0003941629;Bnl Zc 01dc27;EUR;1000;Senior;;;01/12/2027;;
26/03/2022;EUROTLX;EUROTLX;IT0003895445;Bnl Zc 01st26;EUR;1000;Senior;;;01/09/2026;;
26/03/2022;EUROTLX;EUROTLX;IT0003889141;Bnl Zc 01ag26;EUR;1000;Senior;;;01/08/2026;;
26/03/2022;EUROTLX;EUROTLX;IT0003812093;Banca Bologna Zc 18fb28;EUR;1000;Senior;;;18/02/2028;;
26/03/2022;EUROTLX;EUROTLX;GB00BYZW3G56;Gilt 1.5% 22lg26;GBP;1000;Senior;;;22/07/2026;;
26/03/2022;EUROTLX;EUROTLX;GB00BN65R313;Gilt 3.5% 22ge45;GBP;1000;Senior;;;22/01/2045;;
26/03/2022;EUROTLX;EUROTLX;GB00B84Z9V04;Gilt 3.25% 22ge44;GBP;1000;Senior;;;22/01/2044;;
26/03/2022;EUROTLX;EUROTLX;GB00B3KJDS62;Gilt 4.25% 07st39;GBP;1000;Senior;;;07/09/2039;;
26/03/2022;EUROTLX;EUROTLX;GB00B16NNR78;Gilt 4.25% 07dc27;GBP;1000;Senior;;;07/12/2027;;
26/03/2022;EUROTLX;EUROTLX;FR0014002OL8;Renault 2.5% Call 01ap28;EUR;100000;Senior;;;01/04/2028;;
26/03/2022;EUROTLX;EUROTLX;FR0013476090;Rci Banque 1.125% Call 15ge27;EUR;1000;Senior;;;15/01/2027;;
26/03/2022;EUROTLX;EUROTLX;FR0013448859;Sg Tf 0.875% St29 Eur;EUR;100000;Senior;;;24/09/2029;;
26/03/2022;EUROTLX;EUROTLX;FR0013385473;Veolia Environnement 1.94% Call 07ge30;EUR;100000;Senior;;;07/01/2030;;
26/03/2022;EUROTLX;EUROTLX;FR0013284254;Engie 1.375% Call 28fb29;EUR;100000;Senior;;;28/02/2029;;
26/03/2022;EUROTLX;EUROTLX;FR0013241676;Orange Tf 1,5% St27 Call Eur;EUR;100000;Senior;;;09/09/2027;;
26/03/2022;EUROTLX;EUROTLX;FR0013217114;Orange Tf 0,875% Fb27 Call Eur;EUR;100000;Senior;;;03/02/2027;;
26/03/2022;EUROTLX;EUROTLX;FR0013210416;Veolia Environnement 0.927% Call 04ge29;EUR;100000;Senior;;;04/01/2029;;
26/03/2022;EUROTLX;EUROTLX;FR0011225143;Edf 4.125% 25mz27;EUR;100000;Senior;;;25/03/2027;;
26/03/2022;EUROTLX;EUROTLX;FR0010014845;Gie Psa Trésorerie 6% 19st33;EUR;1000;Senior;;;19/09/2033;;
26/03/2022;EUROTLX;EUROTLX;FR0000471930;Orange 8.125% 28ge33;EUR;1000;Senior;;;28/01/2033;;
26/03/2022;EUROTLX;EUROTLX;DE000DL40SR8;Db 4.50% Sub 19mg26;EUR;100000;TIER II;;;19/05/2026;;
26/03/2022;EUROTLX;EUROTLX;DE000DL19VU0;Db-Fix Float Call 17fb32;EUR;100000;Senior;;;17/02/2032;;
26/03/2022;EUROTLX;EUROTLX;DE000DL19T26;Deutsche Bk Tf 1,75% Ge28 Eur;EUR;100000;Senior;;;17/01/2028;;
26/03/2022;EUROTLX;EUROTLX;DE000A3H3JM4;Daimler Green Bond 0.75% 11mz33;EUR;1000;Senior;;;11/03/2033;;
26/03/2022;EUROTLX;EUROTLX;DE000A2TR083;Daimler Tf 2% Fb31 Eur;EUR;1000;Senior;;;27/02/2031;;
26/03/2022;EUROTLX;EUROTLX;DE000A2RYD91;Daim Int Fin Tf 1,375% Gn26 Eur;EUR;1000;Senior;;;26/06/2026;;
26/03/2022;EUROTLX;EUROTLX;DE000A2GSLY0;Daimler Tf 1% Nv27 Eur;EUR;1000;Senior;;;15/11/2027;;
26/03/2022;EUROTLX;EUROTLX;DE000A2GSCW3;Daimler Tf 1,5% Lg29 Eur;EUR;1000;Senior;;;03/07/2029;;
26/03/2022;EUROTLX;EUROTLX;DE000A289QR9;Daimler Green Bond 0.75% 10st30;EUR;1000;Senior;;;10/09/2030;;
26/03/2022;EUROTLX;EUROTLX;DE000A1ZZ028;Bmw Us Cap Tf 1% Ap27 Eur;EUR;1000;Senior;;;20/04/2027;;
26/03/2022;EUROTLX;EUROTLX;DE000A1HG1K6;Allian F Ii Tf 3% Mz28 Eur;EUR;100000;Senior;;;13/03/2028;;
26/03/2022;EUROTLX;EUROTLX;DE000A169NC2;Daimler Tf 1,375% Mg28 Eur;EUR;1000;Senior;;;11/05/2028;;
26/03/2022;EUROTLX;EUROTLX;DE0001892057;Db Zc 20ge32;ITL;5000000;Senior;;;20/01/2032;;
26/03/2022;EUROTLX;EUROTLX;DE0001345759;Db Zc 28ot26;DEM;10000;Senior;;;28/10/2026;;
26/03/2022;EUROTLX;EUROTLX;DE0001342244;Db Zc 15ot26;ITL;5000000;Senior;;;15/10/2026;;
26/03/2022;EUROTLX;EUROTLX;AU3TB0000192;Australia Tf 3,75% Ap37 Aud;AUD;1000;Senior;;;21/04/2037;;
26/03/2022;EUROTLX;EUROTLX;AU3TB0000150;Australia 3.25% 21ap29;AUD;1000;Senior;;;21/04/2029;;
26/03/2022;EUROTLX;EUROTLX;AU000XCLWAX7;Australia Tf 2,75% Nv29 Aud;AUD;1000;Senior;;;21/11/2029;;
26/03/2022;EUROTLX;EUROTLX;AU000XCLWAU3;Australia 2.75% 21nv28;AUD;1000;Senior;;;21/11/2028;;
26/03/2022;EUROTLX;EUROTLX;AU000XCLWAR9;Australia Tf 2,25% Mg28 Aud;AUD;1000;Senior;;;21/05/2028;;
26/03/2022;EUROTLX;EUROTLX;AU000XCLWAP3;Australia Tf 3,25% Gn39 Aud;AUD;1000;Senior;;;21/06/2039;;
26/03/2022;EUROTLX;EUROTLX;AU000XCLWAM0;Australia 2.75% 21gn35;AUD;1000;Senior;;;21/06/2035;;
26/03/2022;EUROTLX;EUROTLX;AU000XCLWAG2;Australia 4.5% 21ap33;AUD;1000;Senior;;;21/04/2033;;
26/03/2022;EUROTLX;EUROTLX;AU0000087454;Australia Tf 1% Dc30 Aud;AUD;1000;Senior;;;21/12/2030;;
26/03/2022;EUROTLX;EUROTLX;AU0000018442;Australia Tf 2,75% Mg41 Aud;AUD;1000;Senior;;;21/05/2041;;
26/03/2022;MOT;EXTRAMOT;XS2049616894;Siemens Fin Tf 0,5% St34 Eur;EUR;1000;Senior;05/09/2019;;05/09/2034;100;
26/03/2022;MOT;EXTRAMOT;XS2049616621;Siemens Fin Tf 0,125% St29 Eur;EUR;1000;Senior;05/09/2019;;05/09/2029;100;
26/03/2022;MOT;EXTRAMOT;XS2024716099;Dtelekom Tf 1,375% Lg34 Eur;EUR;1000;Senior;05/07/2019;;05/07/2034;100;
26/03/2022;MOT;EXTRAMOT;XS2024715794;Dtelekom Tf 0,5% Lg27 Eur;EUR;1000;Senior;05/07/2019;;05/07/2027;100;
26/03/2022;MOT;EXTRAMOT;XS1955187932;Siemens Fin Tf 1,75% Fb39 Eur;EUR;1000;Senior;28/02/2019;;28/02/2039;100;
26/03/2022;MOT;EXTRAMOT;XS1693818525;Total Cap In Tf 1,375% Ot29 Eur;EUR;100000;Senior;04/10/2017;;04/10/2029;100;
26/03/2022;MOT;EXTRAMOT;XS1681519184;Gsk Capital Tf 1% St26 Call Eur;EUR;100000;Senior;12/09/2017;;12/09/2026;100;
26/03/2022;MOT;EXTRAMOT;XS1626600040;Dbahnfinance Tf 1,5% Dc32 Call Eur;EUR;1000;Senior;08/06/2017;;08/12/2032;100;
26/03/2022;MOT;EXTRAMOT;XS1605365193;Ca Tf 1,375% Mg27 Eur;EUR;100000;Senior;03/05/2017;;03/05/2027;100;
26/03/2022;MOT;EXTRAMOT;XS1574158082;Pfizer Tf 1% Mz27 Call Eur;EUR;100000;Senior;06/03/2017;;06/03/2027;100;
26/03/2022;MOT;EXTRAMOT;XS1566101603;Unilever Tf 1% Fb27 Eur;EUR;100000;Senior;14/02/2017;;14/02/2027;100;
26/03/2022;MOT;EXTRAMOT;XS1557095616;Dt Intl Fin Tf 1,375% Ge27 Eur;EUR;1000;Senior;30/01/2017;;30/01/2027;100;
26/03/2022;MOT;EXTRAMOT;XS1551446880;Gas Fenosa Tf 1,375% Ge27 Call Eur;EUR;100000;Senior;19/01/2017;;19/01/2027;100;
26/03/2022;MOT;EXTRAMOT;XS1527556192;Asml Hol Nv Tf 1,625% Mg27 Call Eur;EUR;100000;Senior;30/11/2016;;28/05/2027;100;
26/03/2022;MOT;EXTRAMOT;XS1476654584;Shell Int Tf 0,75% Ag28 Eur;EUR;100000;Senior;15/08/2016;;15/08/2028;100;
26/03/2022;MOT;EXTRAMOT;XS1470601656;Bnp Tf 2,25% Ge27 Sub Tier2 Eur;EUR;100000;Si;11/08/2016;;11/01/2027;100;
26/03/2022;MOT;EXTRAMOT;XS1441837546;Dbahnfinance Tf 0,875% Lg31 Eur;EUR;1000;Senior;11/07/2016;;11/07/2031;100;
26/03/2022;MOT;EXTRAMOT;XS1410582313;Airbus Fin Tf 1,375% Mg31 Call Eur;EUR;100000;Senior;13/05/2016;;13/05/2031;100;
26/03/2022;MOT;EXTRAMOT;XS1410426024;Axa Tf 1,125% Mg28 Call Eur;EUR;100000;Senior;13/05/2016;;15/05/2028;100;
26/03/2022;MOT;EXTRAMOT;XS1408421763;Philip Morr Tf 2% Mg36 Call Eur;EUR;100000;Senior;09/05/2016;;09/05/2036;100;
26/03/2022;MOT;EXTRAMOT;XS1405762805;Telekom Finm Tf 1,5% Dc26 Call Eur;EUR;100000;Senior;07/12/2016;;07/12/2026;100;
26/03/2022;MOT;EXTRAMOT;XS1403264291;Mcdonald'S Tf 1,75% Mg28 Eur;EUR;100000;Senior;03/05/2016;;03/05/2028;100;
26/03/2022;MOT;EXTRAMOT;XS1378880253;Bnp Tf 2,875% Ot26 Sub Tier2 Eur;EUR;100000;Si;11/03/2016;;01/10/2026;100;
26/03/2022;MOT;EXTRAMOT;XS1309529680;Bng Bank Tf 1,375% Ot30 Eur;EUR;1000;Senior;21/10/2015;;21/10/2030;100;
26/03/2022;MOT;EXTRAMOT;XS1292389415;Apple Tf 2% St27 Call Eur;EUR;100000;Senior;17/09/2015;;17/09/2027;100;
26/03/2022;MOT;EXTRAMOT;XS1203860934;Bat Intl Fin Tf 2% Mz45 Call Eur;EUR;100000;Senior;13/03/2015;;13/03/2045;100;
26/03/2022;MOT;EXTRAMOT;XS1190624038;Equinor Asa Tf 1,25% Fb27 Call Eur;EUR;100000;Senior;17/02/2015;;17/02/2027;100;
26/03/2022;MOT;EXTRAMOT;XS1180130939;Rabobank Nl Tf 1,375% Fb27 Eur;EUR;1000;Senior;03/02/2015;;03/02/2027;100;
26/03/2022;MOT;EXTRAMOT;XS1128224703;Airbus Fin Tf 2,125% Ot29 Eur;EUR;100000;Senior;29/10/2014;;29/10/2029;100;
26/03/2022;MOT;EXTRAMOT;XS1114473579;Bp Capital M Tf 2,213% St26 Eur;EUR;100000;Senior;25/09/2014;;25/09/2026;100;
26/03/2022;MOT;EXTRAMOT;XS1114159277;Adidas Tf 2,25% Ot26 Call Eur;EUR;1000;Senior;08/10/2014;;08/10/2026;100;
26/03/2022;MOT;EXTRAMOT;XS1111559925;Total Canada Tf 2,125% St29 Eur;EUR;100000;Senior;18/09/2014;;18/09/2029;100;
26/03/2022;MOT;EXTRAMOT;XS1109741329;British Sky Tf 2,5% St26 Eur;EUR;100000;Senior;15/09/2014;;15/09/2026;100;
26/03/2022;MOT;EXTRAMOT;XS0935427970;Jpmorgan C&C Tf 2,875% Mg28 Eur;EUR;100000;Senior;24/05/2013;;24/05/2028;100;
26/03/2022;MOT;EXTRAMOT;XS0438844093;Enbw Fin Tf 6,125% Lg39 Eur;EUR;1000;Senior;07/07/2009;;07/07/2039;100;
26/03/2022;MOT;EXTRAMOT;FR0013310224;Orange Tf 1,375% Ge30 Call Eur;EUR;100000;Senior;16/01/2018;;16/01/2030;100;
26/03/2022;MOT;EXTRAMOT;FR0013284270;Engie Tf 2% St37 Call Eur;EUR;100000;Senior;28/09/2017;;28/09/2037;100;
26/03/2022;MOT;EXTRAMOT;FR0013264439;Coenterprise Tf 2,125% Lg32 Call Eur;EUR;100000;Senior;29/06/2017;;29/07/2032;100;
26/03/2022;MOT;EXTRAMOT;FR0013264421;Coenterprise Tf 1,5% Lg28 Call Eur;EUR;100000;Senior;29/06/2017;;29/07/2028;100;
26/03/2022;MOT;EXTRAMOT;FR0013152899;Rte Tf 1% Ot26 Call Eur;EUR;100000;Senior;18/04/2016;;19/10/2026;100;
26/03/2022;MOT;EXTRAMOT;FR0012663169;Veolia Env Tf 1,59% Ge28 Call Eur;EUR;100000;Senior;09/04/2015;;10/01/2028;100;
26/03/2022;MOT;EXTRAMOT;FR0012146801;Sanofi Tf 1,75% St26 Call Eur;EUR;100000;Senior;10/09/2014;;10/09/2026;100;
26/03/2022;MOT;EXTRAMOT;FR0011911247;Engie Tf 2,375% Mg26 Eur;EUR;100000;Senior;19/05/2014;;19/05/2026;100;
26/03/2022;MOT;EXTRAMOT;DE000A2TSDE2;Dtelekom Tf 1,75% Mz31 Eur;EUR;1000;Senior;25/03/2019;;25/03/2031;100;
26/03/2022;MOT;EXTRAMOT;DE000A2GSCX1;Daimler Tf 2,125% Lg37 Eur;EUR;1000;Senior;03/07/2017;;03/07/2037;100;
26/03/2022;MOT;EXTRAMOT;DE000A180B80;Allian F Ii Tf 1,375% Ap31 Call Eur;EUR;100000;Senior;21/04/2016;;21/04/2031;100;
26/03/2022;MOT;EXTRAMOT;DE000A13SL34;Sap Tf 1,75% Fb27 Call Eur;EUR;1000;Senior;20/11/2014;;22/02/2027;100;
26/03/2022;MOT;EXTRAMOT;CA135087XW98;Canada Tf 5% Gn37 Cad;CAD;1000;Senior;19/07/2004;;01/06/2037;100;
26/03/2022;MOT;EXTRAMOT;CA135087K379;Canada Tf 1,25% Gn30 Cad;CAD;1000;Senior;26/07/2019;;01/06/2030;100;
26/03/2022;MOT;EXTRAMOT;CA135087J397;Canada Tf 2,25% Gn29 Cad;CAD;1000;Senior;27/07/2018;;01/06/2029;100;
26/03/2022;MOT;EXTRAMOT;CA135087H235;Canada Tf 2% Gn28 Cad;CAD;1000;Senior;01/08/2017;;01/06/2028;100;
26/03/2022;MOT;EXTRAMOT;CA135087F825;Canada Tf 1% Gn27 Cad;CAD;1000;Senior;03/08/2016;;01/06/2027;100;
26/03/2022;MOT;EXTRAMOT;CA135087E679;Canada Tf 1,5% Gn26 Cad;CAD;1000;Senior;21/07/2015;;01/06/2026;100;
26/03/2022;MOT;EXTRAMOT;CA135087D358;Canada Tf 2,75% Dc48 Cad;CAD;1000;Senior;02/06/2014;;01/12/2048;100;
26/03/2022;MOT;EXTRAMOT;BE6282460615;Solvay Tf 2,75% Dc27 Call Eur;EUR;100000;Senior;02/12/2015;;02/12/2027;100;
26/03/2022;MOT;DOMESTICMOT;XS1236574627;Sg Mc Ge28 Eur;EUR;2000;Senior;04/01/2016;;04/01/2028;;
26/03/2022;MOT;DOMESTICMOT;XS0231558858;Austria-35 Cms Link;EUR;1000;Senior;24/10/2005;;24/10/2035;;
26/03/2022;MOT;DOMESTICMOT;IT0006527300;Eib-99/29 Eu Sd;EUR;1000;Senior;26/02/1999;;26/02/2029;;
26/03/2022;MOT;DOMESTICMOT;IT0006526609;Eib-99/29 F & Zero;EUR;1000;Senior;22/01/1999;;22/01/2029;;
26/03/2022;MOT;DOMESTICMOT;IT0005374043;Cdp Mc Gn26 Eur;EUR;1000;Senior;28/06/2019;;28/06/2026;;
26/03/2022;MOT;DOMESTICMOT;IT0005188351;Mediobanca Opera Tf 3,75% Gn26 Sub Tier2;EUR;1000;TIER II;16/06/2016;;16/06/2026;;
26/03/2022;MOT;DOMESTICMOT;IT0001308508;Mpaschi-15fb29 8 Tm;EUR;1000;Senior;15/02/1999;;15/02/2029;;
26/03/2022;MOT;DOMESTICMOT;IT0001302733;Mpaschi-99/29 4 Tm;EUR;1000;Senior;01/02/1999;;01/02/2029;;
26/03/2022;MOT;DOMESTICMOT;IT0001205589;Mediolomb-98/28 25zc;EUR;1000;Senior;18/02/1998;;18/02/2028;;
26/03/2022;MOT;DOMESTICMOT;IT0001203253;Medio Cen-98/28 Zc;EUR;1000;Senior;10/02/1998;;10/02/2028;;
26/03/2022;MOT;DOMESTICMOT;IT0001200390;Comit-98/28 Zc;EUR;1000;Senior;17/02/1998;;17/02/2028;;
26/03/2022;MOT;DOMESTICMOT;IT0000966017;Comit-97/27 Zc;EUR;1000;Senior;08/01/1997;;08/01/2027;;
26/03/2022;MOT;EUROMOT;XS2447948824;Afdb Zc Fb42 Brl;BRL;5000;Senior;24/02/2022;;24/02/2042;;
26/03/2022;MOT;EUROMOT;XS2445142867;Intsanpaolo Tf 1,05% Fb28 Chf;CHF;2000;Senior;21/02/2022;;21/02/2028;;
26/03/2022;MOT;EUROMOT;XS2444707850;Intsanpaolo Sc Fb30 Usd;USD;2000;Senior;21/02/2022;;21/02/2030;;
26/03/2022;MOT;EUROMOT;XS2444704758;Intsanpaolo Tf 2,8% Fb27 Usd;USD;2000;Senior;21/02/2022;;21/02/2027;;
26/03/2022;MOT;EUROMOT;XS2439227047;World Bank Green Bond Tf 6,875% Fb29 Mxn;MXN;25000;Senior;09/02/2022;;09/02/2029;;
26/03/2022;MOT;EUROMOT;XS2439224705;World Bank Green Bond Tf 9,5% Fb29 Brl;BRL;5000;Senior;09/02/2022;;09/02/2029;;
26/03/2022;MOT;EUROMOT;XS2439224374;World Bank Green Bond Tf 6,75% Fb29 Zar;ZAR;20000;Senior;09/02/2022;;09/02/2029;;
26/03/2022;MOT;EUROMOT;XS2438631710;Ebrd Zc Fb32 Brl;BRL;5000;Senior;02/02/2022;;02/02/2032;;
26/03/2022;MOT;EUROMOT;XS2436920321;Eib Tf 9,25% Ge27 Brl;BRL;5000;Senior;28/01/2022;;28/01/2027;;
26/03/2022;MOT;EUROMOT;XS2434896010;Romania Tf 3,625% Mz32 Usd;USD;2000;Senior;27/01/2022;;27/03/2032;;
26/03/2022;MOT;EUROMOT;XS2434895988;Romania Tf 3% Fb27 Usd;USD;2000;Senior;27/01/2022;;27/02/2027;;
26/03/2022;MOT;EUROMOT;XS2434895806;Romania Tf 3,75% Fb34 Eur;EUR;1000;Senior;07/02/2022;;07/02/2034;;
26/03/2022;MOT;EUROMOT;XS2434895558;Romania Tf 2,125% Mz28 Eur;EUR;1000;Senior;07/02/2022;;07/03/2028;;
26/03/2022;MOT;EUROMOT;XS2434801325;Aiib Zc Ge32 Rub;RUB;100000;Senior;20/01/2022;;20/01/2032;;
26/03/2022;MOT;EUROMOT;XS2434393968;Cyprus Tf 0,95% Ge32 Eur;EUR;1000;Senior;20/01/2022;;20/01/2032;;
26/03/2022;MOT;EUROMOT;XS2432303571;Adb Tf 2,45% Ge27 Cny;CNY;100000;Senior;24/01/2022;;24/01/2027;;
26/03/2022;MOT;EUROMOT;XS2431032585;World Bank Green Bond Tf 7,25% Ge27 Mxn;MXN;25000;Senior;21/01/2022;;21/01/2027;;
26/03/2022;MOT;EUROMOT;XS2431032403;World Bank Green Bond Tf 9,75% Ge27 Brl;BRL;10000;Senior;21/01/2022;;21/01/2027;;
26/03/2022;MOT;EUROMOT;XS2431025613;World Bank Green Bond Tf 6,5% Ge27 Zar;ZAR;20000;Senior;21/01/2022;;21/01/2027;;
26/03/2022;MOT;EUROMOT;XS2431024996;World Bank Green Bond Tf 6,75% Ge27 Rub;RUB;100000;Senior;21/01/2022;;21/01/2027;;
26/03/2022;MOT;EUROMOT;XS2425613176;Ebrd Tf 5,25% Ge27 Inr;INR;100000;Senior;12/01/2022;;12/01/2027;;
26/03/2022;MOT;EUROMOT;XS2408944242;Ebrd Tf 14,2% Nv26 Try;TRY;1000;Senior;23/11/2021;;23/11/2026;;
26/03/2022;MOT;EUROMOT;XS2407748016;Intsanpaolo Tf 2,3% Nv28 Usd;USD;2000;Senior;18/11/2021;;18/11/2028;;
26/03/2022;MOT;EUROMOT;XS2398666110;Gs Group Mc Fb27 Eur;EUR;1000;Senior;17/02/2022;;17/02/2027;;
26/03/2022;MOT;EUROMOT;XS2395954998;Intsanpaolo Tf 2,5% Ot31 Usd;USD;2000;Senior;14/10/2021;;14/10/2031;;
26/03/2022;MOT;EUROMOT;XS2393520734;Ovs Slb Tf 2,25% Nv27 Call Eur;EUR;1000;Senior;10/11/2021;;10/11/2027;;
26/03/2022;MOT;EUROMOT;XS2393511071;World Bank Green Bond Tf 6,25% Ot26 Mxn;MXN;100000;Senior;07/10/2021;;07/10/2026;;
26/03/2022;MOT;EUROMOT;XS2393509414;World Bank Green Bond Tf 5,25% Ot26 Rub;RUB;100000;Senior;07/10/2021;;07/10/2026;;
26/03/2022;MOT;EUROMOT;XS2391850703;Eib Tf 8% St26 Brl;BRL;5000;Senior;30/09/2021;;30/09/2026;;
26/03/2022;MOT;EUROMOT;XS2387370526;Afdb Zc St51 Zar;ZAR;1000000;Senior;16/09/2021;;16/09/2051;;
26/03/2022;MOT;EUROMOT;XS2377768366;Wiit Tf 2,375% Ot26 Call Eur;EUR;1000;Senior;07/10/2021;;07/10/2026;;
26/03/2022;MOT;EUROMOT;XS2364200514;Romania Tf 2,875% Ap42 Eur;EUR;1000;Senior;13/07/2021;;13/04/2042;;
26/03/2022;MOT;EUROMOT;XS2364199757;Romania Tf 1,75% Lg30 Eur;EUR;1000;Senior;13/07/2021;;13/07/2030;;
26/03/2022;MOT;EUROMOT;XS2351324947;Intsanpaolo Mc Infl Link Gn28 Usd;USD;2000;Senior;15/06/2021;;15/06/2028;;
26/03/2022;MOT;EUROMOT;XS2351324517;Intsanpaolo Tf 1,35% Gn26 Usd;USD;2000;Senior;15/06/2021;;15/06/2026;;
26/03/2022;MOT;EUROMOT;XS2339217775;World Bank Zc Mg31 Rub;RUB;100000;Senior;06/05/2021;;06/05/2031;;
26/03/2022;MOT;EUROMOT;XS2338004497;Eib Green Bond Tf 1,25% Fb27 Nok;NOK;10000;Senior;06/05/2021;;17/02/2027;;
26/03/2022;MOT;EUROMOT;XS2337791482;Adb Tf 5% Mg26 Rub;RUB;100000;Senior;07/05/2021;;07/05/2026;;
26/03/2022;MOT;EUROMOT;XS2331288212;Iwb Tf 2,5% Mg27 Call Eur;EUR;1000;Senior;13/05/2021;;13/05/2027;;
26/03/2022;MOT;EUROMOT;XS2330514899;Romania Tf 2,75% Ap41 Eur;EUR;1000;Senior;14/04/2021;;14/04/2041;;
26/03/2022;MOT;EUROMOT;XS2330503694;Romania Tf 2% Ap33 Eur;EUR;1000;Senior;14/04/2021;;14/04/2033;;
26/03/2022;MOT;EUROMOT;XS2322452637;Intsanpaolo Tf 2,25% Mz28 Aud;AUD;2000;Senior;29/03/2021;;29/03/2028;;
26/03/2022;MOT;EUROMOT;XS2322452553;Intsanpaolo Tf 2,7% Mz31 Usd;USD;2000;Senior;29/03/2021;;29/03/2031;;
26/03/2022;MOT;EUROMOT;XS2308323661;Eib Tf 0,2% Mz36 Eur;EUR;1000;Senior;03/03/2021;;17/03/2036;;
26/03/2022;MOT;EUROMOT;XS2307046354;Iadb Tf 6,5% Mz31 Brl;BRL;10000;Senior;04/03/2021;;04/03/2031;;
26/03/2022;MOT;EUROMOT;XS2306852828;Ifc Zc Fb41 Brl;BRL;5000;Senior;25/02/2021;;25/02/2041;;
26/03/2022;MOT;EUROMOT;XS2302922302;Eib Tf 1% Fb28 Pln;PLN;1000;Senior;25/02/2021;;25/02/2028;;
26/03/2022;MOT;EUROMOT;XS2298601514;Eib Tf 4,5% Fb28 Mxn;MXN;1000;Senior;16/02/2021;;16/02/2028;;
26/03/2022;MOT;EUROMOT;XS2296644094;Ebrd Tf 4,25% Fb28 Idr;IDR;10000000;Senior;05/02/2021;;07/02/2028;;
26/03/2022;MOT;EUROMOT;XS2294840363;Intsanpaolo Tf 1,4% Fb31 Gbp;GBP;1000;Senior;08/02/2021;;08/02/2031;;
26/03/2022;MOT;EUROMOT;XS2294835017;Intsanpaolo Tf 1,9% Fb29 Usd;USD;2000;Senior;08/02/2021;;08/02/2029;;
26/03/2022;MOT;EUROMOT;XS2293889759;Ifc Tf 6,25% Fb28 Brl;BRL;5000;Senior;04/02/2021;;04/02/2028;;
26/03/2022;MOT;EUROMOT;XS2289795465;Newlat Food Tf 2,625% Fb27 Call Eur;EUR;1000;Senior;19/02/2021;;19/02/2027;;
26/03/2022;MOT;EUROMOT;XS2288932853;Kfw Green Bond Tf 5,8% Ge28 Zar;ZAR;2500000;Senior;19/01/2021;;19/01/2028;;
26/03/2022;MOT;EUROMOT;XS2285181074;World Bank Green Bond Tf 5,75% Ge28 Brl;BRL;10000;Senior;15/01/2021;;14/01/2028;;
26/03/2022;MOT;EUROMOT;XS2262211076;Romania Tf 1,375% Dc29 Eur;EUR;1000;Senior;02/12/2020;;02/12/2029;;
26/03/2022;MOT;EUROMOT;XS2259191430;Hungary Tf 1,5% Nv50 Eur;EUR;1000;Senior;17/11/2020;;17/11/2050;;
26/03/2022;MOT;EUROMOT;XS2259191273;Hungary Tf 0,5% Nv30 Eur;USD;1000;Senior;17/11/2020;;18/11/2030;;
26/03/2022;MOT;EUROMOT;XS2258400162;Romania Tf 2,625% Dc40 Eur;EUR;1000;Senior;02/12/2020;;02/12/2040;;
26/03/2022;MOT;EUROMOT;XS2241390983;Intsanpaolo Tf 2,1% Nv30 Usd;USD;2000;Senior;13/11/2020;;13/11/2030;;
26/03/2022;MOT;EUROMOT;XS2241390710;Intsanpaolo Sc Nv27 Usd;USD;2000;Senior;13/11/2020;;13/11/2027;;
26/03/2022;MOT;EUROMOT;XS2236340522;Eib Tf 6,5% St32 Zar;ZAR;10000;Senior;28/09/2020;;28/09/2032;;
26/03/2022;MOT;EUROMOT;XS2234571771;Bulgaria Tf 1,375% St50 Eur;EUR;1000;Senior;23/09/2020;;23/09/2050;;
26/03/2022;MOT;EUROMOT;XS2234571425;Bulgaria Tf 0,375% St30 Eur;EUR;1000;Senior;23/09/2020;;23/09/2030;;
26/03/2022;MOT;EUROMOT;XS2228199209;Ifc Zc St30 Rub;RUB;50000;Senior;14/09/2020;;09/09/2030;;
26/03/2022;MOT;EUROMOT;XS2225429872;Eib Zc St35 Zar;ZAR;5000;Senior;02/09/2020;;02/09/2035;;
26/03/2022;MOT;EUROMOT;XS2209794408;Kfw Green Bond Tf 0% St28 Eur;EUR;1000;Senior;28/07/2020;;15/09/2028;;
26/03/2022;MOT;EUROMOT;XS2201851685;Romania Tf 4% Fb51 Usd;USD;2000;Senior;14/07/2020;;14/02/2051;;
26/03/2022;MOT;EUROMOT;XS2201851172;Romania Tf 3% Fb31 Usd;USD;2000;Senior;14/07/2020;;14/02/2031;;
26/03/2022;MOT;EUROMOT;XS2194790262;Eib Green Bond Tf 0,01% Nv35 Eur;EUR;1000;Senior;29/06/2020;;15/11/2035;;
26/03/2022;MOT;EUROMOT;XS2189259018;Eib Tf 0,25% Gn40 Eur;EUR;1000;Senior;15/06/2020;;15/06/2040;;
26/03/2022;MOT;EUROMOT;XS2181689659;Hungary Green Bond Tf 1,75% Gn35 Eur;EUR;1000;Senior;05/06/2020;;05/06/2035;;
26/03/2022;MOT;EUROMOT;XS2178857954;Romania Tf 3,624% Mg30 Eur;EUR;1000;Senior;26/05/2020;;26/05/2030;;
26/03/2022;MOT;EUROMOT;XS2177447179;Ifc Zc Mg30 Brl;BRL;5000;Senior;20/05/2020;;20/05/2030;;
26/03/2022;MOT;EUROMOT;XS2161992511;Hungary Tf 1,625% Ap32 Eur;EUR;1000;Senior;28/04/2020;;28/04/2032;;
26/03/2022;MOT;EUROMOT;XS2141592365;Imi Sc Gn26 Usd;USD;2000;Senior;05/06/2020;;05/06/2026;;
26/03/2022;MOT;EUROMOT;XS2122575678;World Bank Sustainable Tf 1% Dc29 Gbp;GBP;1000;Senior;21/02/2020;;21/12/2029;;
26/03/2022;MOT;EUROMOT;XS2113033281;World Bank Sustainable Tf 0,75% Dc26 Gbp;GBP;1000;Senior;04/02/2020;;15/12/2026;;
26/03/2022;MOT;EUROMOT;XS2110832040;Eib Tf 0,75% Lg27 Gbp;GBP;1000;Senior;31/01/2020;;22/07/2027;;
26/03/2022;MOT;EUROMOT;XS2109813142;Romania Tf 3,375% Ge50 Eur;EUR;1000;Senior;28/01/2020;;28/01/2050;;
26/03/2022;MOT;EUROMOT;XS2109812508;Romania Tf 2% Ge32 Eur;EUR;1000;Senior;28/01/2020;;28/01/2032;;
26/03/2022;MOT;EUROMOT;XS2109438387;Imi Mc Ge30 Eur;EUR;1000;Senior;31/01/2020;;31/01/2030;;
26/03/2022;MOT;EUROMOT;XS2105803527;Eib Tf 7,25% Ge30 Zar;ZAR;10000;Senior;23/01/2020;;23/01/2030;;
26/03/2022;MOT;EUROMOT;XS2102495673;Eib Tf 0,05% Ge30 Eur;EUR;1000;Senior;16/01/2020;;16/01/2030;;
26/03/2022;MOT;EUROMOT;XS2102154171;Afdb Zc Ge50 Zar;ZAR;100000;Senior;17/01/2020;;17/01/2050;;
26/03/2022;MOT;EUROMOT;XS2080969665;Gs Fin Corp Mc Dc26 Usd;USD;2000;Senior;19/12/2019;;19/12/2026;;
26/03/2022;MOT;EUROMOT;XS2077560162;Ifc Tf 7,25% Nv26 Zar;ZAR;10000;Senior;12/11/2019;;12/11/2026;;
26/03/2022;MOT;EUROMOT;XS2066560421;Imi Opera V Sc Ot26 Usd;USD;2000;Senior;23/10/2019;;23/10/2026;;
26/03/2022;MOT;EUROMOT;XS2061620824;Gs Fin Corp Mc Gn31 Call Usd;USD;2000;Senior;08/06/2021;;08/06/2031;;
26/03/2022;MOT;EUROMOT;XS2055781962;Eib Tf 0,05% Ot34 Eur;EUR;1000;Senior;25/09/2019;;13/10/2034;;
26/03/2022;MOT;EUROMOT;XS2027596530;Romania Tf 2,124% Lg31 Eur;EUR;1000;Senior;16/07/2019;;16/07/2031;;
26/03/2022;MOT;EUROMOT;XS2020595117;World Bank Sustainable Zc Gn27 Mxn;MXN;10000;Senior;28/06/2019;;30/06/2027;;
26/03/2022;MOT;EUROMOT;XS2015227494;Eib Tf 0,125% Gn29 Eur;EUR;1000;Senior;20/06/2019;;20/06/2029;;
26/03/2022;MOT;EUROMOT;XS2013682609;Imi Serie X Mc Gn29 Eur;EUR;1000;Senior;24/06/2019;;24/06/2029;;
26/03/2022;MOT;EUROMOT;XS2011087306;Gs Fin Corp Mc Dc30 Call Usd;USD;2000;Senior;22/12/2020;;22/12/2030;;
26/03/2022;MOT;EUROMOT;XS1999841445;Kfw Green Bond Tf 0,01% Mg27 Eur;EUR;1000;Senior;22/05/2019;;05/05/2027;;
26/03/2022;MOT;EUROMOT;XS1998930926;World Bank Sustainable Tf 0,25% Mg29 Eur;EUR;1000;Senior;21/05/2019;;21/05/2029;;
26/03/2022;MOT;EUROMOT;XS1996367238;Imi Opera Iv Sc Mg26 Usd;USD;2000;Senior;21/05/2019;;21/05/2026;;
26/03/2022;MOT;EUROMOT;XS1978552237;Eib Tf 0,1% Ot26 Eur;EUR;1000;Senior;09/04/2019;;15/10/2026;;
26/03/2022;MOT;EUROMOT;XS1972726787;Ifc Tf 8,25% Ap29 Zar;ZAR;10000;Senior;02/04/2019;;02/04/2029;;
26/03/2022;MOT;EUROMOT;XS1970549561;Romania Tf 3,5% Ap34 Eur;EUR;1000;Senior;03/04/2019;;03/04/2034;;
26/03/2022;MOT;EUROMOT;XS1970502339;Gs Group Tf 2,5% Mz31 Call Usd;USD;2000;Senior;31/03/2021;;31/03/2031;;
26/03/2022;MOT;EUROMOT;XS1968706876;Romania Tf 4,625% Ap49 Eur;EUR;1000;Senior;03/04/2019;;03/04/2049;;
26/03/2022;MOT;EUROMOT;XS1963242752;Imi Serie Xii Mc Mz29 Usd;USD;2000;Senior;20/03/2019;;20/03/2029;;
26/03/2022;MOT;EUROMOT;XS1960361720;Poland Green Bond Tf 2% Mz49 Eur;EUR;1000;Senior;07/03/2019;;08/03/2049;;
26/03/2022;MOT;EUROMOT;XS1959367571;World Bank Mc Mz27 Usd;USD;1000;Senior;20/03/2019;;20/03/2027;;
26/03/2022;MOT;EUROMOT;XS1958656982;Imi Opera Ii Sc Mz29 Eur;EUR;1000;Senior;11/03/2019;;11/03/2029;;
26/03/2022;MOT;EUROMOT;XS1958534528;Poland Green Bond Tf 1% Mz29 Eur;EUR;1000;Senior;07/03/2019;;07/03/2029;;
26/03/2022;MOT;EUROMOT;XS1956050923;Cyprus Tf 2,75% Fb34 Eur;EUR;1000;Senior;26/02/2019;;26/02/2034;;
26/03/2022;MOT;EUROMOT;XS1942622215;Eib Tf 1,25% Nv29 Sek;SEK;10000;Senior;30/01/2019;;12/11/2029;;
26/03/2022;MOT;EUROMOT;XS1938387237;Eib Tf 0,625% Ge29 Eur;EUR;1000;Senior;22/01/2019;;22/01/2029;;
26/03/2022;MOT;EUROMOT;XS1937018841;Imi Serie Ix Mc Ge27 Eur;EUR;1000;Senior;24/01/2019;;24/01/2027;;
26/03/2022;MOT;EUROMOT;XS1934867547;Romania Tf 2% Dc26 Eur;EUR;1000;Senior;03/04/2019;;08/12/2026;;
26/03/2022;MOT;EUROMOT;XS1913451776;World Bank Sustainable Mc Nv28 Usd;USD;2000;Senior;30/11/2018;;30/11/2028;;
26/03/2022;MOT;EUROMOT;XS1897340854;Kfw Green Bond Tf 0,5% St26 Eur;EUR;1000;Senior;24/10/2018;;28/09/2026;;
26/03/2022;MOT;EUROMOT;XS1892221570;Afdb Zc Ot28 Try;TRY;10000;Senior;11/10/2018;;11/10/2028;;
26/03/2022;MOT;EUROMOT;XS1892141620;Romania Tf 2,875% Mz29 Eur;EUR;1000;Senior;11/10/2018;;11/03/2029;;
26/03/2022;MOT;EUROMOT;XS1892127470;Romania Tf 4,125% Mz39 Eur;EUR;1000;Senior;11/10/2018;;11/03/2039;;
26/03/2022;MOT;EUROMOT;XS1878833695;Eib Sustainable Tf 0,375% Mg26 Eur;EUR;1000;Senior;13/09/2018;;15/05/2026;;
26/03/2022;MOT;EUROMOT;XS1854164024;Imi Opera Ii Sc Lg26 Eur;EUR;1000;Senior;16/07/2018;;16/07/2026;;
26/03/2022;MOT;EUROMOT;XS1844348570;World Bank Tf 8,25% Dc26 Zar;ZAR;5000;Senior;02/07/2018;;21/12/2026;;
26/03/2022;MOT;EUROMOT;XS1843434876;Croatia Tf 1,125% Gn29 Eur;EUR;100000;Senior;19/06/2019;;19/06/2029;;
26/03/2022;MOT;EUROMOT;XS1841783894;Gs Fin Corp Mc Lg28 Usd;USD;2000;Senior;25/07/2018;;25/07/2028;;
26/03/2022;MOT;EUROMOT;XS1837994794;Romania Tf 5,125% Gn48 Usd;USD;2000;Senior;15/06/2018;;15/06/2048;;
26/03/2022;MOT;EUROMOT;XS1826356773;Gs Fin Corp Tf 4,15% Gn28 Usd;USD;2000;Senior;15/06/2018;;15/06/2028;;
26/03/2022;MOT;EUROMOT;XS1822868698;Imi Serie Vi Mc Mg28 Eur;EUR;1000;Senior;24/05/2018;;24/05/2028;;
26/03/2022;MOT;EUROMOT;XS1822866643;Imi Serie X Mc Mg26 Usd;USD;2000;Senior;24/05/2018;;24/05/2026;;
26/03/2022;MOT;EUROMOT;XS1813572663;World Bank Sustainable Mc Mg28 Usd;USD;2000;Senior;18/05/2018;;18/05/2028;;
26/03/2022;MOT;EUROMOT;XS1796816251;Gs Fin Corp Mc Mg28 Eur;EUR;1000;Senior;18/05/2018;;18/05/2028;;
26/03/2022;MOT;EUROMOT;XS1792116532;Ifc Zc Mz38 Mxn;MXN;100000;Senior;23/03/2018;;23/03/2038;;
26/03/2022;MOT;EUROMOT;XS1791485011;Eib Tf 0,875% Ge28 Eur;EUR;1000;Senior;14/03/2018;;14/01/2028;;
26/03/2022;MOT;EUROMOT;XS1774694597;Ifc Zc Fb38 Mxn;MXN;100000;Senior;22/02/2018;;22/02/2038;;
26/03/2022;MOT;EUROMOT;XS1768650167;Gs Fin Corp Mc Mz28 Eur;EUR;1000;Senior;07/03/2018;;07/03/2028;;
26/03/2022;MOT;EUROMOT;XS1768074319;Romania Tf 3,375% Fb38 Eur;EUR;1000;Senior;08/02/2018;;08/02/2038;;
26/03/2022;MOT;EUROMOT;XS1768067297;Romania Tf 2,5% Fb30 Eur;EUR;1000;Senior;08/02/2018;;08/02/2030;;
26/03/2022;MOT;EUROMOT;XS1766612672;Poland Green Bond Tf 1,125% Ag26 Eur;EUR;1000;Senior;07/02/2018;;07/08/2026;;
26/03/2022;MOT;EUROMOT;XS1753775730;Ifc Tf 7,75% Ge30 Mxn;MXN;10000;Senior;18/01/2018;;18/01/2030;;
26/03/2022;MOT;EUROMOT;XS1753042743;Eib Tf 1,5% Ot48 Eur;EUR;1000;Senior;18/01/2018;;16/10/2048;;
26/03/2022;MOT;EUROMOT;XS1751479426;Imi Serie Ix Mc Ge28 Usd;USD;2000;Senior;22/01/2018;;22/01/2028;;
26/03/2022;MOT;EUROMOT;XS1751359016;Eib Tf 1,375% Mg28 Sek;SEK;10000;Senior;22/01/2018;;12/05/2028;;
26/03/2022;MOT;EUROMOT;XS1748803282;Ifc Tf 7,5% Ge28 Mxn;MXN;10000;Senior;18/01/2018;;18/01/2028;;
26/03/2022;MOT;EUROMOT;XS1721365671;World Bank Sustainable Tv Lib3m Dc27 Usd;USD;2000;Senior;07/12/2017;;07/12/2027;;
26/03/2022;MOT;EUROMOT;XS1720700191;Ifc Zc Nv47 Mxn;MXN;100000;Senior;21/11/2017;;21/11/2047;;
26/03/2022;MOT;EUROMOT;XS1720194981;Imi Serie Vii Mc Nv27 Eur;EUR;1000;Senior;24/11/2017;;24/11/2027;;
26/03/2022;MOT;EUROMOT;XS1717013335;Ifc Zc Nv27 Try;TRY;10000;Senior;15/11/2017;;15/11/2027;;
26/03/2022;MOT;EUROMOT;XS1713475306;Croatia Tf 2,75% Ge30 Eur;EUR;100000;Senior;27/11/2017;;27/01/2030;;
26/03/2022;MOT;EUROMOT;XS1713462668;Croatia Tf 2,7% Gn28 Eur;EUR;100000;Senior;15/06/2018;;15/06/2028;;
26/03/2022;MOT;EUROMOT;XS1697550512;Eib Zc Ot32 Zar;ZAR;10000;Senior;18/10/2017;;18/10/2032;;
26/03/2022;MOT;EUROMOT;XS1696593380;Bnp Arbitr Mc Ot27 Usd;USD;2000;Senior;06/10/2017;;06/10/2027;;
26/03/2022;MOT;EUROMOT;XS1696445516;Hungary Tf 1,75% Ot27 Eur;EUR;1000;Senior;10/10/2017;;10/10/2027;;
26/03/2022;MOT;EUROMOT;XS1678838423;Cs Mc Ot27 Usd;USD;1000;Senior;24/10/2017;;25/10/2027;;
26/03/2022;MOT;EUROMOT;XS1673620875;World Bank Sustainable Mc St27 Usd;USD;2000;Senior;21/09/2017;;21/09/2027;;
26/03/2022;MOT;EUROMOT;XS1649562458;Cs Mc St27 Usd;USD;1000;Senior;01/09/2017;;01/09/2027;;
26/03/2022;MOT;EUROMOT;XS1649504096;Ifc Tf 7% Lg27 Mxn;MXN;10000;Senior;20/07/2017;;20/07/2027;;
26/03/2022;MOT;EUROMOT;XS1641457277;Eib Green Bond Tf 1,5% Nv47 Eur;EUR;1000;Senior;05/07/2017;;15/11/2047;;
26/03/2022;MOT;EUROMOT;XS1639852505;World Bank Sustainable Tf 1,5% Lg27 Cad;CAD;2000;Senior;24/07/2017;;24/07/2027;;
26/03/2022;MOT;EUROMOT;XS1639838694;World Bank Sustainable Tf 2,25% Lg27 Pln;PLN;10000;Senior;24/07/2017;;24/07/2027;;
26/03/2022;MOT;EUROMOT;XS1621760302;Ifc Zc Mg27 Brl;BRL;5000;Senior;26/05/2017;;26/05/2027;;
26/03/2022;MOT;EUROMOT;XS1620777083;World Bank Zc Mg27 Try;TRY;50000;Senior;26/05/2017;;26/05/2027;;
26/03/2022;MOT;EUROMOT;XS1615677280;Rentenbank Tf 0,625% Mg27 Eur;EUR;1000;Senior;18/05/2017;;18/05/2027;;
26/03/2022;MOT;EUROMOT;XS1612977717;Eib Tf 1,125% Ap33 Eur;EUR;1000;Senior;16/05/2017;;13/04/2033;;
26/03/2022;MOT;EUROMOT;XS1610658467;Gs Group Tf 1% Dc31 Call Eur;EUR;1000;Senior;17/12/2021;;17/12/2031;;
26/03/2022;MOT;EUROMOT;XS1609294308;Worldbank Sustainable 2,25% Mg27call Usd;USD;2000;Senior;22/05/2017;;22/05/2027;;
26/03/2022;MOT;EUROMOT;XS1608207566;Imi Collezio Mc Mg27 Eur;EUR;1000;Senior;17/05/2017;;17/05/2027;;
26/03/2022;MOT;EUROMOT;XS1605368536;Eib Tf 8% Mg27 Zar;ZAR;5000;Senior;05/05/2017;;05/05/2027;;
26/03/2022;MOT;EUROMOT;XS1599193403;Romania Tf 2,375% Ap27 Eur;EUR;1000;Senior;19/04/2017;;19/04/2027;;
26/03/2022;MOT;EUROMOT;XS1588672144;Eib Tf 6,5% Lg27 Mxn;MXN;1000;Senior;07/04/2017;;07/07/2027;;
26/03/2022;MOT;EUROMOT;XS1586710698;World Bank Sustainable Sc Mg27 Call Usd;USD;2000;Senior;05/05/2017;;05/05/2027;;
26/03/2022;MOT;EUROMOT;XS1584894650;Poland Tf 1,375% Ot27 Eur;EUR;1000;Senior;23/03/2017;;22/10/2027;;
26/03/2022;MOT;EUROMOT;XS1578046937;World Bank Zc Mz27 Mxn;MXN;50000;Senior;13/03/2017;;13/03/2027;;
26/03/2022;MOT;EUROMOT;XS1574936123;Citigroup Gm Mc Ot27 Usd;USD;2000;Senior;20/10/2017;;20/10/2027;;
26/03/2022;MOT;EUROMOT;XS1572222526;Eib Green Bond Tf 1,5% Mz27 Sek;SEK;10000;Senior;02/03/2017;;02/03/2027;;
26/03/2022;MOT;EUROMOT;XS1567811341;Cs Mc Mz27 Gbp;GBP;1000;Senior;15/03/2017;;15/03/2027;;
26/03/2022;MOT;EUROMOT;XS1566184385;Ifc Zc Fb29 Try;TRY;10000;Senior;15/02/2017;;15/02/2029;;
26/03/2022;MOT;EUROMOT;XS1566126345;Eib Zc Fb27 Try;TRY;1000;Senior;16/02/2017;;16/02/2027;;
26/03/2022;MOT;EUROMOT;XS1562584158;Afdb Zc Fb32 Mxn;MXN;10000;Senior;09/02/2017;;09/02/2032;;
26/03/2022;MOT;EUROMOT;XS1561100600;Gs Fin Corp Mc Ap27 Eur;EUR;1000;Senior;20/04/2017;;20/04/2027;;
26/03/2022;MOT;EUROMOT;XS1561100519;Gs Fin Corp Mc Lg27 Usd;USD;2000;Senior;11/07/2017;;11/07/2027;;
26/03/2022;MOT;EUROMOT;XS1561083673;Gs Fin Corp Mc Ag27 Eur;EUR;1000;Senior;24/08/2017;;24/08/2027;;
26/03/2022;MOT;EUROMOT;XS1561048924;Gs Fin Corp Mc Dc27 Usd;USD;2000;Senior;20/12/2017;;20/12/2027;;
26/03/2022;MOT;EUROMOT;XS1555910485;Sg Tv Mz27 Usd;USD;2000;Senior;24/03/2017;;24/03/2027;;
26/03/2022;MOT;EUROMOT;XS1555570016;Ifc Zc Ge37 Mxn;MXN;10000000;Senior;27/01/2017;;27/01/2037;;
26/03/2022;MOT;EUROMOT;XS1555331617;Eib Tf 0,5% Ge27 Eur;EUR;1000;Senior;25/01/2017;;15/01/2027;;
26/03/2022;MOT;EUROMOT;XS1552684687;Cs Mc Fb27 Usd;USD;1000;Senior;21/02/2017;;21/02/2027;;
26/03/2022;MOT;EUROMOT;XS1551929760;Imi Serie Iv Mc Ge27 Eur;EUR;1000;Senior;25/01/2017;;25/01/2027;;
26/03/2022;MOT;EUROMOT;XS1551056234;Ifc Zc Ge17-Ge37 Mxn;MXN;100000;Senior;20/01/2017;;20/01/2037;;
26/03/2022;MOT;EUROMOT;XS1550144668;World Bank Sustainable Tf 3% Fb27 Aud;AUD;2000;Senior;06/02/2017;;06/02/2027;;
26/03/2022;MOT;EUROMOT;XS1550135088;World Bank Sustainable Tf 3,6% Fb27 Nzd;NZD;2000;Senior;07/02/2017;;06/02/2027;;
26/03/2022;MOT;EUROMOT;XS1547492410;Eib Tf 8% Ge27 Mxn;MXN;1000;Senior;11/01/2017;;11/01/2027;;
26/03/2022;MOT;EUROMOT;XS1532610323;Cs Mc Ge27 Usd;USD;1000;Senior;09/01/2017;;09/01/2027;;
26/03/2022;MOT;EUROMOT;XS1515372271;Bnp Arbitr Sc Nv26 Call Usd;USD;2000;Senior;23/11/2016;;23/11/2026;;
26/03/2022;MOT;EUROMOT;XS1508585772;World Bank Tf 0,625% Ge33 Eur;EUR;1000;Senior;25/10/2016;;12/01/2033;;
26/03/2022;MOT;EUROMOT;XS1508566558;Poland Tf 2% Ot46 Eur;EUR;1000;Senior;25/10/2016;;25/10/2046;;
26/03/2022;MOT;EUROMOT;XS1508566392;Poland Tf 1% Ot28 Eur;EUR;1000;Senior;25/10/2016;;25/10/2028;;
26/03/2022;MOT;EUROMOT;XS1507486584;Eib Tf Nv26 Call Usd;USD;2000;Senior;21/11/2016;;21/11/2026;;
26/03/2022;MOT;EUROMOT;XS1505567088;Eib Tf 0,875% St47 Eur;EUR;1000;Senior;17/10/2016;;13/09/2047;;
26/03/2022;MOT;EUROMOT;XS1505555075;Ifc Zc Ot26 Mxn;MXN;100000;Senior;19/10/2016;;19/10/2026;;
26/03/2022;MOT;EUROMOT;XS1503043694;Eib Tf 0,25% St29 Eur;EUR;1000;Senior;12/10/2016;;14/09/2029;;
26/03/2022;MOT;EUROMOT;XS1500528234;Ifc Zc Ot41 Mxn;MXN;100000;Senior;07/10/2016;;07/10/2041;;
26/03/2022;MOT;EUROMOT;XS1500338618;Eib Green Bond Tf 0,5% Nv37 Eur;EUR;1000;Senior;05/10/2016;;13/11/2037;;
26/03/2022;MOT;EUROMOT;XS1492818866;Eib Tf 2,75% Ag26 Pln;PLN;1000;Senior;29/09/2016;;25/08/2026;;
26/03/2022;MOT;EUROMOT;XS1490787113;Imi Collezio Mc St26 Eur;EUR;1000;Senior;28/09/2016;;28/09/2026;;
26/03/2022;MOT;EUROMOT;XS1490735740;Ifc Zc St26 Try;TRY;10000;Senior;23/09/2016;;23/09/2026;;
26/03/2022;MOT;EUROMOT;XS1490724975;Eib Tf 1% St26 Gbp;GBP;1000;Senior;21/09/2016;;21/09/2026;;
26/03/2022;MOT;EUROMOT;XS1487983386;Afdb Zc St36 Zar;ZAR;100000;Senior;09/09/2016;;09/09/2036;;
26/03/2022;MOT;EUROMOT;XS1457442025;Gs Intl Mc Ge27 Usd;USD;2000;Senior;20/01/2017;;20/01/2027;;
26/03/2022;MOT;EUROMOT;XS1457382296;Gs Intl Mc Ot26 Usd;USD;2000;Senior;28/10/2016;;28/10/2026;;
26/03/2022;MOT;EUROMOT;XS1444047697;Cs Mc St26 Aud;AUD;2000;Senior;14/09/2016;;14/09/2026;;
26/03/2022;MOT;EUROMOT;XS1429037929;Coe Tf 0,375% Gn26 Eur;EUR;1000;Senior;08/06/2016;;08/06/2026;;
26/03/2022;MOT;EUROMOT;XS1422953932;Eib Tf 1% Ap32 Eur;EUR;1000;Senior;31/05/2016;;14/04/2032;;
26/03/2022;MOT;EUROMOT;XS1420357318;Romania Tf 2,875% Mg28 Eur;EUR;1000;Senior;26/05/2016;;26/05/2028;;
26/03/2022;MOT;EUROMOT;XS1410230806;World Bank Mc Gn26 Usd;USD;2000;Senior;28/06/2016;;28/06/2026;;
26/03/2022;MOT;EUROMOT;XS1408406020;Bnp Arbitr T Misto Mg26 Nzd;NZD;2000;Senior;25/05/2016;;25/05/2026;;
26/03/2022;MOT;EUROMOT;XS1408405725;Bnp Arbitr T Misto Mg26 Usd;USD;2000;Senior;25/05/2016;;25/05/2026;;
26/03/2022;MOT;EUROMOT;XS1396701168;Cs Mc Gn26 Gbp;GBP;1000;Senior;07/06/2016;;07/06/2026;;
26/03/2022;MOT;EUROMOT;XS1396632504;Cs Mc Lg26 Usd;USD;1000;Senior;13/07/2016;;13/07/2026;;
26/03/2022;MOT;EUROMOT;XS1390069091;Afdb Zc Ap46 Zar;ZAR;100000;Senior;05/04/2016;;05/04/2046;;
26/03/2022;MOT;EUROMOT;XS1379091546;Imi Collezio Mc Mg26 Eur;EUR;1000;Senior;10/05/2016;;10/05/2026;;
26/03/2022;MOT;EUROMOT;XS1361554584;Eib Tf 1,125% St36 Eur;EUR;1000;Senior;10/02/2016;;15/09/2036;;
26/03/2022;MOT;EUROMOT;XS1347679448;Eib Tf 1,75% Nv26 Sek;SEK;10000;Senior;21/01/2016;;12/11/2026;;
26/03/2022;MOT;EUROMOT;XS1346201889;Poland Tf 2,375% Ge36 Eur;EUR;1000;Senior;18/01/2016;;18/01/2036;;
26/03/2022;MOT;EUROMOT;XS1318212633;Gs Intl Mc Gn26 Usd;USD;2000;Senior;20/06/2016;;20/06/2026;;
26/03/2022;MOT;EUROMOT;XS1317825948;Gs Intl Mc Ind Link St26 Eur;EUR;1000;Senior;02/09/2016;;02/09/2026;;
26/03/2022;MOT;EUROMOT;XS1317278361;Gs Intl Switchable Tf 4,65% Mg26 Usd;USD;2000;Senior;17/05/2016;;17/05/2026;;
26/03/2022;MOT;EUROMOT;XS1317187646;Gs Intl Mc Mz28 Eur;EUR;1000;Senior;10/03/2016;;10/03/2028;;
26/03/2022;MOT;EUROMOT;XS1313004928;Romania Tf 3,875% Ot35 Eur;EUR;1000;Senior;29/10/2015;;29/10/2035;;
26/03/2022;MOT;EUROMOT;XS1241085353;Gs Intl Mc Nv27 Eur;EUR;1000;Senior;26/11/2015;;26/11/2027;;
26/03/2022;MOT;EUROMOT;XS1238805102;World Bank Zc Mg35 Zar;ZAR;10000;Senior;29/05/2015;;29/05/2035;;
26/03/2022;MOT;EUROMOT;XS1236580517;Sg Mc Ge28 Usd;USD;2000;Senior;04/01/2016;;04/01/2028;;
26/03/2022;MOT;EUROMOT;XS1218809389;World Bank Tf 0,5% Ap30 Eur;EUR;1000;Senior;16/04/2015;;16/04/2030;;
26/03/2022;MOT;EUROMOT;XS1209947271;Poland Tf 0,875% Mg27 Eur;EUR;1000;Senior;07/04/2015;;10/05/2027;;
26/03/2022;MOT;EUROMOT;XS1183208328;Eib Sustainable Tf 1% Mz31 Eur;EUR;1000;Senior;05/02/2015;;14/03/2031;;
26/03/2022;MOT;EUROMOT;XS1167524922;Eib Tf 8,125% Dc26 Zar;ZAR;5000;Senior;22/01/2015;;21/12/2026;;
26/03/2022;MOT;EUROMOT;XS1107718279;Eib Green Bond Tf 1,25% Nv26 Eur;EUR;1000;Senior;10/09/2014;;13/11/2026;;
26/03/2022;MOT;EUROMOT;XS1107247725;Eib Sustainable Tf 1,75% St45 Eur;EUR;1000;Senior;08/09/2014;;15/09/2045;;
26/03/2022;MOT;EUROMOT;XS0975634204;Eib Tf 3% Ot33 Eur;EUR;1000;Senior;01/10/2013;;14/10/2033;;
26/03/2022;MOT;EUROMOT;XS0960306578;Eib Tf 2,75% St30 Eur;EUR;1000;Senior;09/08/2013;;13/09/2030;;
26/03/2022;MOT;EUROMOT;XS0884635524;Eib Tf 2.75% Mz40 Eur;EUR;1000;Senior;05/02/2013;;15/03/2040;;
26/03/2022;MOT;EUROMOT;XS0878008225;Eib Tf 2.625% Mz35 Eur;EUR;1000;Senior;23/01/2013;;15/03/2035;;
26/03/2022;MOT;EUROMOT;XS0768478868;Eib Tf 3,75% Dc27 Gbp;GBP;1000;Senior;12/04/2012;;07/12/2027;;
26/03/2022;MOT;EUROMOT;XS0755873253;Eib Tf 3.5% Ap27 Eur;EUR;1000;Senior;14/03/2012;;15/04/2027;;
26/03/2022;MOT;EUROMOT;XS0752034206;Eib Mz42 Eur 3,625;EUR;1000;Senior;02/03/2012;;14/03/2042;;
26/03/2022;MOT;EUROMOT;XS0740808802;Eib Tf 3.875% Gn37 Gbp;GBP;1000;Senior;07/02/2012;;08/06/2037;;
26/03/2022;MOT;EUROMOT;XS0505157965;Eib Ap30 Eur 4;EUR;1000;Senior;29/04/2010;;15/04/2030;;
26/03/2022;MOT;EUROMOT;XS0415532273;Eib Tf 4.5% Gn29 Gbp;GBP;1000;Senior;16/03/2009;;07/06/2029;;
26/03/2022;MOT;EUROMOT;XS0295479983;Eib Tf 4.5% Mz44 Gbp;GBP;1000;Senior;18/04/2007;;07/03/2044;;
26/03/2022;MOT;EUROMOT;XS0219724878;Eib Tf 4% Ot37 Eur;EUR;1000;Senior;18/05/2005;;15/10/2037;;
26/03/2022;MOT;EUROMOT;XS0202407093;Eib Tf 4.625% Ot54 Gbp;GBP;1000;Senior;12/10/2004;;12/10/2054;;
26/03/2022;MOT;EUROMOT;XS0138038624;Kfw Tf 5,75% Gn32 Gbp;GBP;1000;Senior;07/06/2001;;07/06/2032;;
26/03/2022;MOT;EUROMOT;XS0138037733;Kfw Tf 6% Dc28 Gbp;GBP;1000;Senior;07/12/2000;;07/12/2028;;
26/03/2022;MOT;EUROMOT;XS0114126294;Eib 32 Gbp 5.625;GBP;1000;Senior;18/07/2000;;07/06/2032;;
26/03/2022;MOT;EUROMOT;XS0098449456;Italy 29eur Frn;EUR;1000;Senior;28/06/1999;;28/06/2029;;
26/03/2022;MOT;EUROMOT;XS0096499057;Eib 39 Gbp 5;GBP;1000;Senior;27/04/1999;;15/04/2039;;
26/03/2022;MOT;EUROMOT;XS0091740018;Ebrd Tf 5,625% Dc28 Gbp;GBP;1000;Senior;21/10/1998;;07/12/2028;;
26/03/2022;MOT;EUROMOT;XS0085727559;Eib 28 Gbp 6;GBP;1000;Senior;25/03/1998;;07/12/2028;;
26/03/2022;MOT;EUROMOT;XS0084291201;Ebrd Zc Dc29 Zar;ZAR;50000;Senior;02/03/1998;;31/12/2029;;
26/03/2022;MOT;EUROMOT;XS0084124725;Ebrd Zc Fb28 Aud;AUD;10000;Senior;10/02/1998;;10/02/2028;;
26/03/2022;MOT;EUROMOT;XS0083662923;Ebrd Zc Fb48 Call Itl;ITL;1000000;Senior;04/02/1998;;04/02/2048;;
26/03/2022;MOT;EUROMOT;XS0082826255;Ebrd Zc Dc28 Zar;ZAR;50000;Senior;05/01/1998;;29/12/2028;;
26/03/2022;MOT;EUROMOT;XS0082720698;World Bank Zc Dc28 Zar;ZAR;5000;Senior;29/12/1997;;29/12/2028;;
26/03/2022;MOT;EUROMOT;XS0080713497;Ebrd Zc Dc27 Zar;ZAR;50000;Senior;22/10/1997;;30/12/2027;;
26/03/2022;MOT;EUROMOT;XS0077056546;Nordic Inv B Zc Lg27 Zar;ZAR;5000;Senior;09/07/1997;;09/07/2027;;
26/03/2022;MOT;EUROMOT;XS0076593267;Ebrd Zc Gn27 Zar;ZAR;5000;Senior;17/06/1997;;17/06/2027;;
26/03/2022;MOT;EUROMOT;XS0074789503;Ebrd Zc Ap27 Zar;ZAR;5000;Senior;07/04/1997;;07/04/2027;;
26/03/2022;MOT;EUROMOT;XS0070553820;Eib Nv26 Zc Usd;USD;10000;Senior;06/11/1996;;06/11/2026;;
26/03/2022;MOT;EUROMOT;US77586TAE64;Romania Tf 6,125% Ge44 Usd;USD;2000;Senior;22/01/2014;;22/01/2044;;
26/03/2022;MOT;EUROMOT;US515110BT00;Rentenbank Tf 2,5% Nv27 Usd;USD;1000;Senior;15/11/2017;;15/11/2027;;
26/03/2022;MOT;EUROMOT;US515110BR44;Rentenbank Tf 1,75% Lg26 Usd;USD;1000;Senior;27/07/2016;;27/07/2026;;
26/03/2022;MOT;EUROMOT;US500769HS68;Kfw Tf 2,875% Ap28 Usd;USD;1000;Senior;31/01/2018;;03/04/2028;;
26/03/2022;MOT;EUROMOT;US465410CC03;Italy Tf 3,875% Mg51 Usd;USD;200000;Senior;06/05/2021;;06/05/2051;;
26/03/2022;MOT;EUROMOT;US465410BZ07;Italy Tf 4% Ot49 Usd;USD;200000;Senior;17/10/2019;;17/10/2049;;
26/03/2022;MOT;EUROMOT;US465410BY32;Italy Tf 2,875% Ot29 Usd;USD;200000;Senior;17/10/2019;;17/10/2029;;
26/03/2022;MOT;EUROMOT;US465410BG26;Italy 33usd 5,375;USD;1000;Senior;27/02/2003;;15/06/2033;;
26/03/2022;MOT;EUROMOT;US45905UAD63;World Bank Zc Lg27 Zar;ZAR;50000;Senior;14/07/1997;;14/07/2027;;
26/03/2022;MOT;EUROMOT;US45905CAA27;World Bank Tf 4,75% Fb35 Usd;USD;1000;Senior;09/02/2005;;15/02/2035;;
26/03/2022;MOT;EUROMOT;US459058JR58;World Bank Sustainable Tf 1,25% Fb31 Usd;USD;1000;Senior;10/02/2021;;10/02/2031;;
26/03/2022;MOT;EUROMOT;US459058JN45;World Bank Sustainable Tf 0,75% Nv27 Usd;USD;1000;Senior;24/11/2020;;24/11/2027;;
26/03/2022;MOT;EUROMOT;US459058JG93;World Bank Sustainable Tf 0,75% Ag30 Usd;USD;1000;Senior;26/08/2020;;26/08/2030;;
26/03/2022;MOT;EUROMOT;US459058JC89;World Bank Sustainable Tf 0,875% Mg30usd;USD;1000;Senior;14/05/2020;;14/05/2030;;
26/03/2022;MOT;EUROMOT;US459058HJ50;World Bank Sustainable Tf 1,75% Ot29 Usd;USD;1000;Senior;23/10/2019;;23/10/2029;;
26/03/2022;MOT;EUROMOT;US459058FT50;World Bank Tf 1,875% Ot26 Usd;USD;1000;Senior;27/10/2016;;27/10/2026;;
26/03/2022;MOT;EUROMOT;US4581X0CY26;Iadb Tf 2,375% Lg27 Usd;USD;1000;Senior;07/07/2017;;07/07/2027;;
26/03/2022;MOT;EUROMOT;US4581X0CU04;Iadb Tf 2% Gn26 Usd;USD;1000;Senior;02/06/2016;;02/06/2026;;
26/03/2022;MOT;EUROMOT;US445545AF36;Hungary Tf 7,625% Mz41 Usd;USD;2000;Senior;29/03/2011;;29/03/2041;;
26/03/2022;MOT;EUROMOT;US298785JL15;Eib Tf 1,25% Fb31 Usd;USD;1000;Senior;16/02/2021;;14/02/2031;;
26/03/2022;MOT;EUROMOT;US298785JA59;Eib Green Bond Tf 1,625% Ot29 Usd;USD;1000;Senior;09/10/2019;;09/10/2029;;
26/03/2022;MOT;EUROMOT;US298785HM16;Eib Green Bond Tf 2,375% Mg27 Usd;USD;1000;Senior;24/05/2017;;24/05/2027;;
26/03/2022;MOT;EUROMOT;US298785DV50;Eib 36 Usd 4,875;USD;1000;Senior;02/03/2006;;15/02/2036;;
26/03/2022;MOT;EUROMOT;SI0002104105;Slovenia Tf 0% Fb31 Eur;EUR;1000;Senior;12/01/2021;;12/02/2031;;
26/03/2022;MOT;EUROMOT;SE0009496367;Sweden Tf 0,75% Mg28 Sek;SEK;5000;Senior;12/05/2016;;12/05/2028;;
26/03/2022;MOT;EUROMOT;SE0007125927;Sweden Tf 1% Nv26 Sek;SEK;5000;Senior;22/05/2015;;12/11/2026;;
26/03/2022;MOT;EUROMOT;PTOTEXOE0024;Portugal Tf 1,95% Gn29 Eur;EUR;1000;Senior;16/01/2019;;15/06/2029;;
26/03/2022;MOT;EUROMOT;PTOTEWOE0017;Portugal Tf 2,25% Ap34 Eur;EUR;1000;Senior;18/04/2018;;18/04/2034;;
26/03/2022;MOT;EUROMOT;PTOTEVOE0018;Portugal Tf 2,125% Ot28 Eur;EUR;1000;Senior;17/01/2018;;17/10/2028;;
26/03/2022;MOT;EUROMOT;PTOTEUOE0019;Portugal Tf 4,125% Ap27 Eur;EUR;1000;Senior;18/01/2017;;14/04/2027;;
26/03/2022;MOT;EUROMOT;PTOTETOE0012;Portugal Tf 2,875% Lg26 Eur;EUR;1000;Senior;21/01/2016;;21/07/2026;;
26/03/2022;MOT;EUROMOT;PTOTEROE0014;Portugal Tf 3,875% Fb30 Eur;EUR;1000;Senior;10/09/2014;;15/02/2030;;
26/03/2022;MOT;EUROMOT;PTOTEPOE0032;Portugal Tf 1,15% Ap42 Eur;EUR;1000;Senior;19/01/2022;;11/04/2042;;
26/03/2022;MOT;EUROMOT;PTOTEOOE0033;Portugal Tf 0,3% Ot31 Eur;EUR;1000;Senior;14/04/2021;;17/10/2031;;
26/03/2022;MOT;EUROMOT;PTOTENOE0034;Portugal Tf 0,9% Ot35 Eur;EUR;1000;Senior;08/07/2020;;12/10/2035;;
26/03/2022;MOT;EUROMOT;PTOTEMOE0035;Portugal Tf 0,7% Ot27 Eur;EUR;1000;Senior;08/04/2020;;15/10/2027;;
26/03/2022;MOT;EUROMOT;PTOTELOE0028;Portugal Tf 0,475% Ot30 Eur;EUR;1000;Senior;15/01/2020;;18/10/2030;;
26/03/2022;MOT;EUROMOT;PTOTECOE0037;Portugal Tf 1% Ap52 Eur;EUR;1000;Senior;10/02/2021;;12/04/2052;;
26/03/2022;MOT;EUROMOT;PTOTEBOE0020;Portugal Tf 4,1% Fb45 Eur;EUR;1000;Senior;20/01/2015;;15/02/2045;;
26/03/2022;MOT;EUROMOT;PTOTE5OE0007;Portugal Tf 4.1% Ap37 Eur;EUR;1000;Senior;22/03/2006;;15/04/2037;;
26/03/2022;MOT;EUROMOT;NL0015614579;Netherlands Tf 0% Ge52 Eur;EUR;1000;Senior;24/09/2020;;15/01/2052;;
26/03/2022;MOT;EUROMOT;NL0015031501;Netherlands Tf 0% Ge27 Eur;EUR;1000;Senior;28/05/2020;;15/01/2027;;
26/03/2022;MOT;EUROMOT;NL0015000RP1;Netherlands Tf 0,5% Lg32 Eur;EUR;1000;Senior;17/02/2022;;15/07/2032;;
26/03/2022;MOT;EUROMOT;NL0015000LS8;Netherlands Tf 0% Ge29 Eur;EUR;1000;Senior;30/09/2021;;15/01/2029;;
26/03/2022;MOT;EUROMOT;NL0015000B11;Netherlands Tf 0% Ge38 Eur;EUR;1000;Senior;15/04/2021;;15/01/2038;;
26/03/2022;MOT;EUROMOT;NL00150006U0;Netherlands Tf 0% Lg31 Eur;EUR;1000;Senior;11/02/2021;;15/07/2031;;
26/03/2022;MOT;EUROMOT;NL0014555419;Netherlands Tf 0% Lg30 Eur;EUR;1000;Senior;12/03/2020;;15/07/2030;;
26/03/2022;MOT;EUROMOT;NL0013552060;Netherlands Green Bond Tf 0,5% Ge40 Eur;EUR;1000;Senior;23/05/2019;;15/01/2040;;
26/03/2022;MOT;EUROMOT;NL0013332430;Netherlands Tf 0,25% Lg29 Eur;EUR;1000;Senior;14/02/2019;;15/07/2029;;
26/03/2022;MOT;EUROMOT;NL0012818504;Netherlands Tf 0,75% Lg28 Eur;EUR;1000;Senior;15/03/2018;;15/07/2028;;
26/03/2022;MOT;EUROMOT;NL0012171458;Netherlands Tf 0,75% Lg27 Eur;EUR;1000;Senior;09/02/2017;;15/07/2027;;
26/03/2022;MOT;EUROMOT;NL0011819040;Netherlands Tf 0,5% Lg26 Eur;EUR;1000;Senior;24/03/2016;;15/07/2026;;
26/03/2022;MOT;EUROMOT;NL0010721999;Netherlands Tf 2,75% Ge47 Eur;EUR;1000;Senior;21/02/2014;;15/01/2047;;
26/03/2022;MOT;EUROMOT;NL0010071189;Netherlands Tf 2.5% Ge33 Eur;EUR;1000;Senior;09/03/2012;;15/01/2033;;
26/03/2022;MOT;EUROMOT;NL0009446418;Netherlands Tf 3,75% Ge42 Eur;EUR;1000;Senior;21/05/2010;;15/01/2042;;
26/03/2022;MOT;EUROMOT;NL0000102317;Netherlands Tf 5,5% Ge28 Eur;EUR;1000;Senior;15/01/1998;;15/01/2028;;
26/03/2022;MOT;EUROMOT;NL0000102234;Netherlands Tf 4% Ge37 Eur;EUR;1000;Senior;25/04/2005;;15/01/2037;;
26/03/2022;MOT;EUROMOT;IE00BV8C9B83;Ireland Tf 1,7% Mg37 Eur;EUR;1000;Senior;11/01/2017;;15/05/2037;;
26/03/2022;MOT;EUROMOT;IE00BV8C9418;Ireland Tf 1% Mg26 Eur;EUR;1000;Senior;14/01/2016;;15/05/2026;;
26/03/2022;MOT;EUROMOT;IE00BV8C9186;Ireland Tf 2% Fb45 Eur;EUR;1000;Senior;10/02/2015;;18/02/2045;;
26/03/2022;MOT;EUROMOT;IE00BMQ5JM72;Ireland Tf 0,55% Ap41 Eur;EUR;1000;Senior;22/04/2021;;22/04/2041;;
26/03/2022;MOT;EUROMOT;IE00BMQ5JL65;Ireland Tf 0% Ot31 Eur;EUR;1000;Senior;12/01/2021;;18/10/2031;;
26/03/2022;MOT;EUROMOT;IE00BMD03L28;Ireland Tf 0,35% Ot32 Eur;EUR;1000;Senior;20/01/2022;;18/10/2032;;
26/03/2022;MOT;EUROMOT;IE00BKFVC899;Ireland Tf 0,2% Ot30 Eur;EUR;1000;Senior;16/06/2020;;18/10/2030;;
26/03/2022;MOT;EUROMOT;IE00BKFVC568;Ireland Tf 0,2% Mg27 Eur;EUR;1000;Senior;16/04/2020;;15/05/2027;;
26/03/2022;MOT;EUROMOT;IE00BKFVC345;Ireland Tf 0,4% Mg35 Eur;EUR;1000;Senior;15/01/2020;;15/05/2035;;
26/03/2022;MOT;EUROMOT;IE00BJ38CR43;Ireland Tf 2,4% Mg30 Eur;EUR;1000;Senior;11/11/2014;;15/05/2030;;
26/03/2022;MOT;EUROMOT;IE00BH3SQB22;Ireland Tf 1,5% Mg50 Eur;EUR;1000;Senior;16/05/2019;;15/05/2050;;
26/03/2022;MOT;EUROMOT;IE00BH3SQ895;Ireland Tf 1,1% Mg29 Eur;EUR;1000;Senior;16/01/2019;;15/05/2029;;
26/03/2022;MOT;EUROMOT;IE00BFZRQ242;Ireland Green Bond Tf 1,35% Mz31 Eur;EUR;1000;Senior;17/10/2018;;18/03/2031;;
26/03/2022;MOT;EUROMOT;IE00BFZRPZ02;Ireland Tf 1,3% Mg33 Eur;EUR;1000;Senior;17/04/2018;;15/05/2033;;
26/03/2022;MOT;EUROMOT;IE00BDHDPR44;Ireland Tf 0,9% Mg28 Eur;EUR;1000;Senior;10/01/2018;;15/05/2028;;
26/03/2022;MOT;EUROMOT;GR0138017836;Ggb Tf 1,875% Ge52 Eur;EUR;1000;Senior;24/03/2021;;24/01/2052;;
26/03/2022;MOT;EUROMOT;GR0138015814;Ggb Tf 4,2% Ge42 Eur;EUR;1;Senior;05/12/2017;;30/01/2042;;
26/03/2022;MOT;EUROMOT;GR0138014809;Ggb Fb42 Sc Eur;EUR;1;Senior;24/02/2012;;24/02/2042;;
26/03/2022;MOT;EUROMOT;GR0138013793;Ggb Fb41 Sc Eur;EUR;1;Senior;24/02/2012;;24/02/2041;;
26/03/2022;MOT;EUROMOT;GR0138012787;Ggb Fb40 Sc Eur;EUR;1;Senior;24/02/2012;;24/02/2040;;
26/03/2022;MOT;EUROMOT;GR0138011771;Ggb Fb39 Sc Eur;EUR;1;Senior;24/02/2012;;24/02/2039;;
26/03/2022;MOT;EUROMOT;GR0138010765;Ggb Fb38 Sc Eur;EUR;1;Senior;24/02/2012;;24/02/2038;;
26/03/2022;MOT;EUROMOT;GR0138009759;Ggb Fb37 Sc Eur;EUR;1;Senior;24/02/2012;;24/02/2037;;
26/03/2022;MOT;EUROMOT;GR0138008744;Ggb Fb36 Sc Eur;EUR;1;Senior;24/02/2012;;24/02/2036;;
26/03/2022;MOT;EUROMOT;GR0138007738;Ggb Fb35 Sc Eur;EUR;1;Senior;24/02/2012;;24/02/2035;;
26/03/2022;MOT;EUROMOT;GR0138006722;Ggb Fb34 Sc Eur;EUR;1;Senior;24/02/2012;;24/02/2034;;
26/03/2022;MOT;EUROMOT;GR0138005716;Ggb Fb33 Sc Eur;EUR;1;Senior;24/02/2012;;24/02/2033;;
26/03/2022;MOT;EUROMOT;GR0133011248;Ggb Tf 4% Ge37 Eur;EUR;1;Senior;05/12/2017;;30/01/2037;;
26/03/2022;MOT;EUROMOT;GR0133010232;Ggb Fb32 Sc Eur;EUR;1;Senior;24/02/2012;;24/02/2032;;
26/03/2022;MOT;EUROMOT;GR0133009226;Ggb Fb31 Sc Eur;EUR;1;Senior;24/02/2012;;24/02/2031;;
26/03/2022;MOT;EUROMOT;GR0133008210;Ggb Fb30 Sc Eur;EUR;1;Senior;24/02/2012;;24/02/2030;;
26/03/2022;MOT;EUROMOT;GR0133007204;Ggb Fb29 Sc Eur;EUR;1;Senior;24/02/2012;;24/02/2029;;
26/03/2022;MOT;EUROMOT;GR0133006198;Ggb Fb28 Sc Eur;EUR;1;Senior;24/02/2012;;24/02/2028;;
26/03/2022;MOT;EUROMOT;GR0128016731;Ggb Tf 1,875% Fb35 Eur;EUR;1000;Senior;04/02/2020;;04/02/2035;;
26/03/2022;MOT;EUROMOT;GR0128015725;Ggb Tf 3,9% Ge33 Eur;EUR;1;Senior;05/12/2017;;30/01/2033;;
26/03/2022;MOT;EUROMOT;GR0128014710;Ggb Fb27 Sc Eur;EUR;1;Senior;24/02/2012;;24/02/2027;;
26/03/2022;MOT;EUROMOT;GR0124038721;Ggb Tf 1,75% Gn32 Eur;EUR;1000;Senior;26/01/2022;;18/06/2032;;
26/03/2022;MOT;EUROMOT;GR0124037715;Ggb Tf 0,75% Gn31 Eur;EUR;1000;Senior;05/02/2021;;18/06/2031;;
26/03/2022;MOT;EUROMOT;GR0124036709;Ggb Tf 1,5% Gn30 Eur;EUR;1000;Senior;18/06/2020;;18/06/2030;;
26/03/2022;MOT;EUROMOT;GR0124035693;Ggb Tf 3,875% Mz29 Eur;EUR;1000;Senior;12/03/2019;;12/03/2029;;
26/03/2022;MOT;EUROMOT;GR0124034688;Ggb Tf 3,75% Ge28 Eur;EUR;1;Senior;05/12/2017;;30/01/2028;;
26/03/2022;MOT;EUROMOT;GR0118020685;Ggb Tf 2% Ap27 Eur;EUR;1000;Senior;22/04/2020;;22/04/2027;;
26/03/2022;MOT;EUROMOT;GR0118019679;Ggb Tf 1,875% Lg26 Eur;EUR;1000;Senior;23/07/2019;;23/07/2026;;
26/03/2022;MOT;EUROMOT;FR0014008181;Oatei Tf 0,1% Lg53 Eur;EUR;1000;Senior;25/07/2021;;25/07/2053;;
26/03/2022;MOT;EUROMOT;FR0014007L00;Oat Tf 0% Mg32 Eur;EUR;1000;Senior;25/05/2021;;25/05/2032;;
26/03/2022;MOT;EUROMOT;FR0014004J31;Oat Tf 0,75% Mg53 Eur;EUR;1000;Senior;25/05/2021;;25/05/2053;;
26/03/2022;MOT;EUROMOT;FR0014003513;Oat Tf 0% Fb27 Eur;EUR;1000;Senior;25/02/2021;;25/02/2027;;
26/03/2022;MOT;EUROMOT;FR0014002WK3;Oat Tf 0% Nv31 Eur;EUR;1000;Senior;25/11/2020;;25/11/2031;;
26/03/2022;MOT;EUROMOT;FR0014002JM6;Oat Green Bond Tf 0,5% Gn44 Eur;EUR;1000;Senior;25/06/2020;;25/06/2044;;
26/03/2022;MOT;EUROMOT;FR0014001NN8;Oat Tf 0,5% Mg72 Eur;EUR;1000;Senior;25/05/2020;;25/05/2072;;
26/03/2022;MOT;EUROMOT;FR0014001N38;Oatei Tf 0,1% Lg31 Eur;EUR;1000;Senior;25/07/2020;;25/07/2031;;
26/03/2022;MOT;EUROMOT;FR0013516549;Oat Tf 0% Nv30 Eur;EUR;1000;Senior;25/11/2019;;25/11/2030;;
26/03/2022;MOT;EUROMOT;FR0013515806;Oat Tf 0,5% Mg40 Eur;EUR;1000;Senior;25/05/2020;;25/05/2040;;
26/03/2022;MOT;EUROMOT;FR0013480613;Oat Tf 0,75% Mg52 Eur;EUR;1000;Senior;25/05/2019;;25/05/2052;;
26/03/2022;MOT;EUROMOT;FR0013451507;Oat Tf 0% Nv29 Eur;EUR;1000;Senior;25/11/2018;;25/11/2029;;
26/03/2022;MOT;EUROMOT;FR0013410552;Oatei Tf 0,1% Mz29 Eur;EUR;1000;Senior;01/03/2019;;01/03/2029;;
26/03/2022;MOT;EUROMOT;FR0013407236;Oat Tf 0,5% Mg29 Eur;EUR;1000;Senior;25/05/2018;;25/05/2029;;
26/03/2022;MOT;EUROMOT;FR0013404969;Oat Tf 1,5% Mg50 Eur;EUR;1000;Senior;25/05/2018;;25/05/2050;;
26/03/2022;MOT;EUROMOT;FR0013341682;Oat Tf 0,75% Nv28 Eur;EUR;1000;Senior;25/11/2017;;25/11/2028;;
26/03/2022;MOT;EUROMOT;FR0013327491;Oatei Tf 0,1% Lg36 Eur;EUR;1000;Senior;25/07/2017;;25/07/2036;;
26/03/2022;MOT;EUROMOT;FR0013313582;Oat Tf 1,25% Mg34 Eur;EUR;1000;Senior;25/05/2017;;25/05/2034;;
26/03/2022;MOT;EUROMOT;FR0013286192;Oat Tf 0,75% Mg28 Eur;EUR;1000;Senior;25/05/2017;;25/05/2028;;
26/03/2022;MOT;EUROMOT;FR0013257524;Oat Tf 2% Mg48 Eur;EUR;1000;Senior;25/05/2017;;25/05/2048;;
26/03/2022;MOT;EUROMOT;FR0013250560;Oat Tf 1% Mg27 Eur;EUR;1000;Senior;25/05/2016;;25/05/2027;;
26/03/2022;MOT;EUROMOT;FR0013234333;Oat Green Bond Tf 1,75% Gn39 Eur;EUR;1000;Senior;25/06/2016;;25/06/2039;;
26/03/2022;MOT;EUROMOT;FR0013209871;Oatei 0,1% Lg47 Eur;EUR;1000;Senior;25/07/2016;;25/07/2047;;
26/03/2022;MOT;EUROMOT;FR0013200813;Oat Tf 0,25% Nv26 Eur;EUR;1000;Senior;25/11/2015;;25/11/2026;;
26/03/2022;MOT;EUROMOT;FR0013154044;Oat Tf 1,25% Mg36 Eur;EUR;1000;Senior;25/05/2015;;25/05/2036;;
26/03/2022;MOT;EUROMOT;FR0013154028;Oat Tf 1,75% Mg66 Eur;EUR;1000;Senior;25/05/2015;;25/05/2066;;
26/03/2022;MOT;EUROMOT;FR0013131877;Oat Tf 0,5% Mg26 Eur;EUR;1000;Senior;25/05/2015;;25/05/2026;;
26/03/2022;MOT;EUROMOT;FR0012993103;Oat Tf 1,5% Mg31 Eur;EUR;1000;Senior;25/05/2015;;25/05/2031;;
26/03/2022;MOT;EUROMOT;FR0011982776;Oatei Tf 0.7% Lg30 Eur;EUR;1000;Senior;25/07/2013;;25/07/2030;;
26/03/2022;MOT;EUROMOT;FR0011883966;Oat Tf 2.5% Mg30 Eur;EUR;1000;Senior;25/05/2013;;25/05/2030;;
26/03/2022;MOT;EUROMOT;FR0011461037;Oat Tf 3,25% Mg45 Eur;EUR;1000;Senior;25/05/2012;;25/05/2045;;
26/03/2022;MOT;EUROMOT;FR0011317783;Oat Tf 2,75% Ot27 Eur;EUR;1000;Senior;25/10/2011;;25/10/2027;;
26/03/2022;MOT;EUROMOT;FR0011008705;Oatei Lg27 Eur 1,85;EUR;1000;Senior;25/07/2010;;25/07/2027;;
26/03/2022;MOT;EUROMOT;FR0010870956;Oat Tf 4% Ap60 Eur;EUR;1000;Senior;25/04/2009;;25/04/2060;;
26/03/2022;MOT;EUROMOT;FR0010773192;Oat Ap41 Eur 4,5;EUR;1000;Senior;25/04/2009;;25/04/2041;;
26/03/2022;MOT;EUROMOT;FR0010447367;Oatei Lg40 Eur 1,8;EUR;1000;Senior;25/07/2006;;25/07/2040;;
26/03/2022;MOT;EUROMOT;FR0010371401;Oat Ott38 Eur 4;EUR;1000;Senior;25/10/2005;;25/10/2038;;
26/03/2022;MOT;EUROMOT;FR0010171975;Oat Tf 4% Ap55 Eur;EUR;1000;Senior;25/04/2004;;25/04/2055;;
26/03/2022;MOT;EUROMOT;FR0010070060;Oat Apr35 Eur 4,75;EUR;1000;Senior;25/04/2003;;25/04/2035;;
26/03/2022;MOT;EUROMOT;FR0000571218;Oat Apr29 Eur 5,5;EUR;1000;Senior;25/04/1997;;25/04/2029;;
26/03/2022;MOT;EUROMOT;FR0000188799;Oatei Lug32 Eur 3,15;EUR;1000;Senior;25/07/2002;;25/07/2032;;
26/03/2022;MOT;EUROMOT;FR0000187635;Oat Oct32 Eur 5,75;EUR;1000;Senior;25/10/2000;;25/10/2032;;
26/03/2022;MOT;EUROMOT;FR0000186413;Oati Lug29 Eur 3,4;EUR;1000;Senior;25/07/1999;;25/07/2029;;
26/03/2022;MOT;EUROMOT;FI4000517677;Finland Tf 0,5% Ap43 Eur;EUR;1000;Senior;02/02/2022;;15/04/2043;;
26/03/2022;MOT;EUROMOT;FI4000511449;Finland Tf 0% St26 Eur;EUR;1000;Senior;31/08/2021;;15/09/2026;;
26/03/2022;MOT;EUROMOT;FI4000507231;Finland Tf 0,125% St31 Eur;EUR;1000;Senior;26/05/2021;;15/09/2031;;
26/03/2022;MOT;EUROMOT;FI4000480488;Finland Tf 0,125% Ap52 Eur;EUR;1000;Senior;09/02/2021;;15/04/2052;;
26/03/2022;MOT;EUROMOT;FI4000441878;Finland Tf 0% St30 Eur;EUR;1000;Senior;02/09/2020;;15/09/2030;;
26/03/2022;MOT;EUROMOT;FI4000440557;Finland Tf 0,25% St40 Eur;EUR;1000;Senior;17/06/2020;;15/09/2040;;
26/03/2022;MOT;EUROMOT;FI4000415153;Finland Tf 0,125% Ap36 Eur;EUR;1000;Senior;11/02/2020;;15/04/2036;;
26/03/2022;MOT;EUROMOT;FI4000369467;Finland Tf 0,5% St29 Eur;EUR;1000;Senior;12/02/2019;;15/09/2029;;
26/03/2022;MOT;EUROMOT;FI4000348727;Finland Tf 0,5% St28 Eur;EUR;1000;Senior;04/09/2018;;15/09/2028;;
26/03/2022;MOT;EUROMOT;FI4000306758;Finland Tf 1,125% Ap34 Eur;EUR;1000;Senior;13/02/2018;;15/04/2034;;
26/03/2022;MOT;EUROMOT;FI4000278551;Finland Tf 0,5% St27 Eur;EUR;1000;Senior;06/09/2017;;15/09/2027;;
26/03/2022;MOT;EUROMOT;FI4000242870;Finland Tf 1,375% Ap47 Eur;EUR;1000;Senior;15/02/2017;;15/04/2047;;
26/03/2022;MOT;EUROMOT;FI4000148630;Finland Tf 0,75% Ap31 Eur;EUR;1000;Senior;10/03/2015;;15/04/2031;;
26/03/2022;MOT;EUROMOT;FI4000046545;Finland Tf 2,625% Lg42 Eur;EUR;1000;Senior;03/07/2012;;04/07/2042;;
26/03/2022;MOT;EUROMOT;FI4000037635;Finland Tf 2,75% Lg28 Eur;EUR;1000;Senior;07/02/2012;;04/07/2028;;
26/03/2022;MOT;EUROMOT;EU000A3KWCF4;Eu Next Gen Tf 0% Ot28 Eur;EUR;1000;Senior;21/09/2021;;04/10/2028;;
26/03/2022;MOT;EUROMOT;EU000A3KTGW6;Eu Next Gen Tf 0,7% Lg51 Eur;EUR;1000;Senior;06/07/2021;;06/07/2051;;
26/03/2022;MOT;EUROMOT;EU000A3KTGV8;Eu Next Gen Tf 0% Lg26 Eur;EUR;1000;Senior;06/07/2021;;06/07/2026;;
26/03/2022;MOT;EUROMOT;EU000A3KT6B1;Eu Next Gen Tf 0,45% Lg41 Eur;EUR;1000;Senior;20/07/2021;;04/07/2041;;
26/03/2022;MOT;EUROMOT;EU000A3KT6A3;Eu Next Gen Tf 0% Ap31 Eur;EUR;1000;Senior;20/07/2021;;22/04/2031;;
26/03/2022;MOT;EUROMOT;EU000A3KSXE1;Eu Next Gen Tf 0% Lg31 Eur;EUR;1000;Senior;22/06/2021;;04/07/2031;;
26/03/2022;MOT;EUROMOT;EU000A3KRJR4;Eu Sure Bond Tf 0,75% Ge47 Eur;EUR;1000;Senior;25/05/2021;;04/01/2047;;
26/03/2022;MOT;EUROMOT;EU000A3KRJQ6;Eu Sure Bond Tf 0% Lg29 Eur;EUR;1000;Senior;25/05/2021;;04/07/2029;;
26/03/2022;MOT;EUROMOT;EU000A3KP2Z3;Eu Tf 0,25% Ap36 Eur;EUR;1000;Senior;27/04/2021;;22/04/2036;;
26/03/2022;MOT;EUROMOT;EU000A3KNYG5;Eu Sure Bond Tf 0,45% Mg46 Eur;EUR;1000;Senior;30/03/2021;;02/05/2046;;
26/03/2022;MOT;EUROMOT;EU000A3KM903;Eu Sure Bond Tf 0,2% Gn36 Eur;EUR;1000;Senior;16/03/2021;;04/06/2036;;
26/03/2022;MOT;EUROMOT;EU000A3K4DC0;Eu Tf 0,875% Mz37 Eur;EUR;1000;Senior;11/03/2022;;11/03/2037;;
26/03/2022;MOT;EUROMOT;EU000A3K4DA4;Eu Tf 0,25% Ot26 Eur;EUR;1000;Senior;15/02/2022;;22/10/2026;;
26/03/2022;MOT;EUROMOT;EU000A3K4C42;Eu Next Gen Green Bond Tf 0,4% Fb37 Eur;EUR;1000;Senior;19/10/2021;;04/02/2037;;
26/03/2022;MOT;EUROMOT;EU000A287074;Eu Sure Bond Tf 0% Gn28 Eur;EUR;1000;Senior;02/02/2021;;02/06/2028;;
26/03/2022;MOT;EUROMOT;EU000A285VM2;Eu Sure Bond Tf 0% Lg35 Eur;EUR;1000;Senior;01/12/2020;;04/07/2035;;
26/03/2022;MOT;EUROMOT;EU000A284469;Eu Sure Bond Tf 0,3% Nv50 Eur;EUR;1000;Senior;17/11/2020;;04/11/2050;;
26/03/2022;MOT;EUROMOT;EU000A283867;Eu Sure Bond Tf 0,1% Ot40 Eur;EUR;1000;Senior;27/10/2020;;04/10/2040;;
26/03/2022;MOT;EUROMOT;EU000A283859;Eu Sure Bond Tf 0% Ot30 Eur;EUR;1000;Senior;27/10/2020;;04/10/2030;;
26/03/2022;MOT;EUROMOT;EU000A1ZR7H3;Eu Tf 1,375% Ot29 Eur;EUR;1000;Senior;12/11/2014;;04/10/2029;;
26/03/2022;MOT;EUROMOT;EU000A1Z99P9;Esm Tf 0,01% Ot31 Eur;EUR;1000;Senior;04/05/2021;;15/10/2031;;
26/03/2022;MOT;EUROMOT;EU000A1Z99L8;Esm Tf 0,01% Mz30 Eur;EUR;1000;Senior;04/03/2020;;04/03/2030;;
26/03/2022;MOT;EUROMOT;EU000A1Z99H6;Esm Tf 0,5% Mz29 Eur;EUR;1000;Senior;05/03/2019;;05/03/2029;;
26/03/2022;MOT;EUROMOT;EU000A1Z99F0;Esm Tf 0,75% St28 Eur;EUR;1000;Senior;05/09/2018;;05/09/2028;;
26/03/2022;MOT;EUROMOT;EU000A1Z99D5;Esm Tf 1,2% Mg33 Eur;EUR;1000;Senior;23/05/2018;;23/05/2033;;
26/03/2022;MOT;EUROMOT;EU000A1Z99B9;Esm Tf 0,75% Mz27 Eur;EUR;1000;Senior;14/03/2017;;15/03/2027;;
26/03/2022;MOT;EUROMOT;EU000A1Z99A1;Esm Tf 1,8% Nv46 Eur;EUR;1000;Senior;01/02/2017;;02/11/2046;;
26/03/2022;MOT;EUROMOT;EU000A1Z6TV6;Eu Tf 1,5% Ot35 Eur;EUR;1000;Senior;22/09/2015;;04/10/2035;;
26/03/2022;MOT;EUROMOT;EU000A1U9977;Esm Tf 0,875% Lg42 Eur;EUR;1000;Senior;19/07/2016;;18/07/2042;;
26/03/2022;MOT;EUROMOT;EU000A1U9969;Esm Tf 1,125% Mg32 Eur;EUR;1000;Senior;03/05/2016;;03/05/2032;;
26/03/2022;MOT;EUROMOT;EU000A1U9936;Esm Tf 1,85% Dc55 Eur;EUR;1000;Senior;01/12/2015;;01/12/2055;;
26/03/2022;MOT;EUROMOT;EU000A1U9928;Esm Tf 1,625% Nv36 Eur;EUR;1000;Senior;17/11/2015;;17/11/2036;;
26/03/2022;MOT;EUROMOT;EU000A1U9902;Esm Tf 1,75% Ot45 Eur;EUR;1000;Senior;20/10/2015;;20/10/2045;;
26/03/2022;MOT;EUROMOT;EU000A1HBXS7;Eu Tf 2.5% Nv27 Eur;EUR;1000;Senior;30/10/2012;;04/11/2027;;
26/03/2022;MOT;EUROMOT;EU000A1GY6W8;European Union Ap42 Eur 3,75;EUR;1000;Senior;16/01/2012;;04/04/2042;;
26/03/2022;MOT;EUROMOT;EU000A1GVVF8;European Union St26 Eur 3;EUR;1000;Senior;29/09/2011;;04/09/2026;;
26/03/2022;MOT;EUROMOT;EU000A1G6TV9;European Union Ap28 Eur 2,875;EUR;1000;Senior;03/07/2012;;04/04/2028;;
26/03/2022;MOT;EUROMOT;EU000A1G30R0;Eu Tf 3,375% Ap38 Eur;EUR;1000;Senior;24/04/2012;;04/04/2038;;
26/03/2022;MOT;EUROMOT;EU000A1G1Q17;Eu Tf 3,375% Ap32 Eur;EUR;1000;Senior;05/03/2012;;04/04/2032;;
26/03/2022;MOT;EUROMOT;EU000A1G0EG5;Efsf Tf 0,7% Ge50 Eur;EUR;1000;Senior;20/01/2020;;20/01/2050;;
26/03/2022;MOT;EUROMOT;EU000A1G0EE0;Efsf Tf 0,05% Ot29 Eur;EUR;1000;Senior;17/07/2019;;17/10/2029;;
26/03/2022;MOT;EUROMOT;EU000A1G0ED2;Efsf Tf 0,875% Ap35 Eur;EUR;1000;Senior;10/04/2019;;10/04/2035;;
26/03/2022;MOT;EUROMOT;EU000A1G0DY0;Efsf Tf 0,875% Lg27 Eur;EUR;1000;Senior;25/07/2017;;26/07/2027;;
26/03/2022;MOT;EUROMOT;EU000A1G0DW4;Efsf Tf 1,8% Lg48 Eur;EUR;1000;Senior;11/07/2017;;10/07/2048;;
26/03/2022;MOT;EUROMOT;EU000A1G0DT0;Efsf Tf 1,25% Mg33 Eur;EUR;1000;Senior;24/05/2017;;24/05/2033;;
26/03/2022;MOT;EUROMOT;EU000A1G0DR4;Efsf Tf 0,75% Mg27 Eur;EUR;1000;Senior;03/05/2017;;03/05/2027;;
26/03/2022;MOT;EUROMOT;EU000A1G0DN3;Efsf Tf 2% Fb56 Eur;EUR;1000;Senior;28/02/2017;;28/02/2056;;
26/03/2022;MOT;EUROMOT;EU000A1G0DL7;Efsf Tf 1,7% Fb43 Eur;EUR;1000;Senior;13/02/2017;;13/02/2043;;
26/03/2022;MOT;EUROMOT;EU000A1G0DJ1;Efsf Tf 1,375% Mg47 Eur;EUR;1000;Senior;31/05/2016;;31/05/2047;;
26/03/2022;MOT;EUROMOT;EU000A1G0DH5;Efsf Tf 0,4% Mg26 Eur;EUR;1000;Senior;31/05/2016;;31/05/2026;;
26/03/2022;MOT;EUROMOT;EU000A1G0DD4;Efsf Tf 1,2% Fb45 Eur;EUR;1000;Senior;17/02/2015;;17/02/2045;;
26/03/2022;MOT;EUROMOT;EU000A1G0DB8;Efsf Tf 2,35% Lg44 Eur;EUR;1000;Senior;29/07/2014;;29/07/2044;;
26/03/2022;MOT;EUROMOT;EU000A1G0D96;Efsf Tf 1,75% Lg53 Eur;EUR;1000;Senior;17/07/2018;;17/07/2053;;
26/03/2022;MOT;EUROMOT;EU000A1G0D88;Efsf Tf 0,625% Ot26 Eur;EUR;1000;Senior;17/04/2018;;16/10/2026;;
26/03/2022;MOT;EUROMOT;EU000A1G0D70;Efsf Tf 0,95% Fb28 Eur;EUR;1000;Senior;14/02/2018;;14/02/2028;;
26/03/2022;MOT;EUROMOT;EU000A1G0D05;Efsf Tf 1,45% St40 Eur;EUR;1000;Senior;05/09/2017;;05/09/2040;;
26/03/2022;MOT;EUROMOT;EU000A1G0BL1;Efsf Tf 2,75% Dc29 Eur;EUR;1000;Senior;03/12/2013;;03/12/2029;;
26/03/2022;MOT;EUROMOT;EU000A1G0BJ5;Efsf Tf 3% St34 Eur;EUR;1000;Senior;04/09/2013;;04/09/2034;;
26/03/2022;MOT;EUROMOT;EU000A1G0AT6;Efsf Ap37 Eur 3,375;EUR;1000;Senior;19/06/2012;;03/04/2037;;
26/03/2022;MOT;EUROMOT;EU000A1G0AJ7;Efsf Mz32 Eur 3,875;EUR;1000;Senior;26/03/2012;;30/03/2032;;
26/03/2022;MOT;EUROMOT;EU000A18Z2D4;Eu Tf 0,75% Ap31 Eur;EUR;1000;Senior;13/04/2016;;04/04/2031;;
26/03/2022;MOT;EUROMOT;EU000A18YZ05;Eu Tf 1,125% Ap36 Eur;EUR;1000;Senior;15/03/2016;;04/04/2036;;
26/03/2022;MOT;EUROMOT;ES0000012K53;Obligaciones Tf 0,8% Lg29 Eur;EUR;1000;Senior;08/03/2022;;30/07/2029;;
26/03/2022;MOT;EUROMOT;ES0000012K46;Obligaciones Tf 1,9% Ot52 Eur;EUR;1000;Senior;16/02/2022;;31/10/2052;;
26/03/2022;MOT;EUROMOT;ES0000012K20;Obligaciones Tf 0,7% Ap32 Eur;EUR;1000;Senior;18/01/2022;;30/04/2032;;
26/03/2022;MOT;EUROMOT;ES0000012J15;Bonos Tf 0% Ge27 Eur;EUR;1000;Senior;26/10/2021;;31/01/2027;;
26/03/2022;MOT;EUROMOT;ES0000012J07;Obligaciones Green Bond Tf 1% Lg42 Eur;EUR;1000;Senior;14/09/2021;;30/07/2042;;
26/03/2022;MOT;EUROMOT;ES0000012I32;Obligaciones Tf 0,5% Ot31 Eur;EUR;1000;Senior;29/06/2021;;31/10/2031;;
26/03/2022;MOT;EUROMOT;ES0000012I24;Obligaciones Tf 0,85% Lg37 Eur;EUR;1000;Senior;20/04/2021;;30/07/2037;;
26/03/2022;MOT;EUROMOT;ES0000012I08;Bonos Tf 0% Ge28 Eur;EUR;1000;Senior;23/03/2021;;31/01/2028;;
26/03/2022;MOT;EUROMOT;ES0000012H58;Obligaciones Tf 1,45% Ot71 Eur;EUR;1000;Senior;16/02/2021;;31/10/2071;;
26/03/2022;MOT;EUROMOT;ES0000012H41;Obligaciones Tf 0,1% Ap31 Eur;EUR;1000;Senior;20/01/2021;;30/04/2031;;
26/03/2022;MOT;EUROMOT;ES0000012G42;Obligaciones Tf 1,2% Ot40 Eur;EUR;1000;Senior;16/06/2020;;31/10/2040;;
26/03/2022;MOT;EUROMOT;ES0000012G34;Obligaciones Tf 1,25% Ot30 Eur;EUR;1000;Senior;30/04/2020;;31/10/2030;;
26/03/2022;MOT;EUROMOT;ES0000012G26;Obligaciones Tf 0,8% Lg27 Eur;EUR;1000;Senior;31/03/2020;;30/07/2027;;
26/03/2022;MOT;EUROMOT;ES0000012G00;Obligaciones Tf 1% Ot50 Eur;EUR;1000;Senior;03/03/2020;;31/10/2050;;
26/03/2022;MOT;EUROMOT;ES0000012F76;Obligaciones Tf 0,5% Ap30 Eur;EUR;1000;Senior;21/01/2020;;30/04/2030;;
26/03/2022;MOT;EUROMOT;ES0000012F43;Obligaciones Tf 0,6% Ot29 Eur;EUR;1000;Senior;19/06/2019;;31/10/2029;;
26/03/2022;MOT;EUROMOT;ES0000012E69;Obligaciones Tf 1,85% Lg35 Eur;EUR;1000;Senior;05/03/2019;;30/07/2035;;
26/03/2022;MOT;EUROMOT;ES0000012E51;Obligaciones Tf 1,45% Ap29 Eur;EUR;1000;Senior;29/01/2019;;30/04/2029;;
26/03/2022;MOT;EUROMOT;ES0000012C12;Obligacionesei 0,7% Nv33 Eur;EUR;1000;Senior;30/11/2017;;30/11/2033;;
26/03/2022;MOT;EUROMOT;ES0000012B88;Obligaciones Tf 1,4% Lg28 Eur;EUR;1000;Senior;03/07/2018;;30/07/2028;;
26/03/2022;MOT;EUROMOT;ES0000012B47;Obligaciones Tf 2,7% Ot48 Eur;EUR;1000;Senior;27/02/2018;;31/10/2048;;
26/03/2022;MOT;EUROMOT;ES0000012B39;Obligaciones Tf 1,4% Ap28 Eur;EUR;1000;Senior;30/01/2018;;30/04/2028;;
26/03/2022;MOT;EUROMOT;ES0000012A89;Obligaciones Tf 1,45% Ot27 Eur;EUR;1000;Senior;04/07/2017;;31/10/2027;;
26/03/2022;MOT;EUROMOT;ES0000012932;Obligaciones Tf 4,2% Ge37 Eur;EUR;1000;Senior;31/01/2005;;31/01/2037;;
26/03/2022;MOT;EUROMOT;ES00000128S2;Obligacionesei 0,65% Nv27 Eur;EUR;1000;Senior;30/11/2016;;30/11/2027;;
26/03/2022;MOT;EUROMOT;ES00000128Q6;Obligaciones Tf 2,35% Lg33 Eur;EUR;1000;Senior;01/03/2017;;30/07/2033;;
26/03/2022;MOT;EUROMOT;ES00000128P8;Obligaciones Tf 1,5% Ap27 Eur;EUR;1000;Senior;31/01/2017;;30/04/2027;;
26/03/2022;MOT;EUROMOT;ES00000128H5;Obligaciones Tf 1,3% Ot26 Eur;EUR;1000;Senior;26/07/2016;;31/10/2026;;
26/03/2022;MOT;EUROMOT;ES00000128E2;Obligaciones Tf 3,45% Lg66 Eur;EUR;1000;Senior;18/05/2016;;30/07/2066;;
26/03/2022;MOT;EUROMOT;ES00000128C6;Obligaciones Tf 2,9% Ot46 Eur;EUR;1000;Senior;15/03/2016;;31/10/2046;;
26/03/2022;MOT;EUROMOT;ES00000127C8;Obligacionesei 1% Nv30 Eur;EUR;1000;Senior;30/11/2014;;30/11/2030;;
26/03/2022;MOT;EUROMOT;ES00000127A2;Obligaciones Tf 1,95% Lg30 Eur;EUR;1000;Senior;04/03/2015;;30/07/2030;;
26/03/2022;MOT;EUROMOT;ES00000126D8;Obligaciones Tf 4% Ot64 Eur;EUR;1000;Senior;08/09/2014;;31/10/2064;;
26/03/2022;MOT;EUROMOT;ES00000124H4;Obligaciones Tf 5,15% Ot44 Eur;EUR;1000;Senior;16/10/2013;;31/10/2044;;
26/03/2022;MOT;EUROMOT;ES00000124C5;Obligaciones Tf 5,15% Ot28 Eur;EUR;1000;Senior;16/07/2013;;31/10/2028;;
26/03/2022;MOT;EUROMOT;ES0000012411;Obligaciones Tf 5,75% Lg32 Eur;EUR;1000;Senior;30/07/2002;;30/07/2032;;
26/03/2022;MOT;EUROMOT;ES00000123C7;Obligaciones Tf 5,9% Lg26 Eur;EUR;1000;Senior;15/03/2011;;30/07/2026;;
26/03/2022;MOT;EUROMOT;ES00000121S7;Obligaciones Tf 4,7% Lg41 Eur;EUR;1000;Senior;28/09/2009;;30/07/2041;;
26/03/2022;MOT;EUROMOT;ES00000120N0;Obligaciones Tf 4,9% Lg40 Eur;EUR;1000;Senior;20/06/2007;;30/07/2040;;
26/03/2022;MOT;EUROMOT;ES0000011868;Obligaciones Tf 6% Ge29 Eur;EUR;1000;Senior;31/01/1999;;31/01/2029;;
26/03/2022;MOT;EUROMOT;DE000A2TSTU4;Kfw Tf 0% St26 Eur;EUR;1000;Senior;24/09/2019;;30/09/2026;;
26/03/2022;MOT;EUROMOT;DE000A2LQSN2;Kfw Tf 0,75% Ge29 Eur;EUR;1000;Senior;15/01/2019;;15/01/2029;;
26/03/2022;MOT;EUROMOT;DE000A2LQSH4;Kfw Tf 0,75% Gn28 Eur;EUR;1000;Senior;27/09/2018;;28/06/2028;;
26/03/2022;MOT;EUROMOT;DE000A2LQHT2;Kfw Tf 1,125% Mg33 Eur;EUR;1000;Senior;09/05/2018;;09/05/2033;;
26/03/2022;MOT;EUROMOT;DE000A2GSNR0;Kfw Tf 0,625% Ge28 Eur;EUR;1000;Senior;16/01/2018;;07/01/2028;;
26/03/2022;MOT;EUROMOT;DE000A2GSFA2;Kfw Tf 0,5% St27 Eur;EUR;1000;Senior;12/09/2017;;15/09/2027;;
26/03/2022;MOT;EUROMOT;DE000A2GSE59;Kfw Tf 1,125% St32 Eur;EUR;1000;Senior;18/07/2017;;15/09/2032;;
26/03/2022;MOT;EUROMOT;DE000A2DAR65;Kfw Tf 0,625% Fb27 Eur;EUR;1000;Senior;21/02/2017;;22/02/2027;;
26/03/2022;MOT;EUROMOT;DE000A2DAR40;Kfw Tf 1,125% Gn37 Eur;EUR;1000;Senior;24/01/2017;;15/06/2037;;
26/03/2022;MOT;EUROMOT;DE000A254PP9;Kfw Tf 0% Mz27 Eur;EUR;1000;Senior;12/02/2020;;31/03/2027;;
26/03/2022;MOT;EUROMOT;DE000A168Y48;Kfw Tf 1,25% Lg36 Eur;EUR;1000;Senior;04/02/2016;;04/07/2036;;
26/03/2022;MOT;EUROMOT;DE000A11QTK7;Kfw Tf 1,375% Lg35 Eur;EUR;1000;Senior;31/07/2015;;31/07/2035;;
26/03/2022;MOT;EUROMOT;DE000A11QTF7;Kfw Tf 0,375% Ap30 Eur;EUR;1000;Senior;23/04/2015;;23/04/2030;;
26/03/2022;MOT;EUROMOT;DE0001345908;Eib Nv26 Zc Eur;EUR;1;Senior;05/11/1996;;05/11/2026;;
26/03/2022;MOT;EUROMOT;DE0001141851;Bobl Tf 0% Ap27 Eur;EUR;1000;Senior;20/01/2022;;16/04/2027;;
26/03/2022;MOT;EUROMOT;DE0001141844;Bobl Tf 0% Ot26 Eur;EUR;1000;Senior;09/07/2021;;09/10/2026;;
26/03/2022;MOT;EUROMOT;DE0001135481;Bund Lg44 Eur 2,5;EUR;1000;Senior;27/04/2012;;04/07/2044;;
26/03/2022;MOT;EUROMOT;DE0001135432;Bund Lg42 Eur 3,25;EUR;1000;Senior;04/07/2010;;04/07/2042;;
26/03/2022;MOT;EUROMOT;DE0001135366;Bund Lg40 Eur 4,75;EUR;1000;Senior;04/07/2008;;04/07/2040;;
26/03/2022;MOT;EUROMOT;DE0001135325;Bund Lug39 Eur 4,25;EUR;1000;Senior;26/01/2007;;04/07/2039;;
26/03/2022;MOT;EUROMOT;DE0001135275;Bund Gen37 Eur 4;EUR;1000;Senior;04/01/2005;;04/01/2037;;
26/03/2022;MOT;EUROMOT;DE0001135226;Bund Lug34 Eur 4,75;EUR;1000;Senior;31/01/2003;;04/07/2034;;
26/03/2022;MOT;EUROMOT;DE0001135176;Bund Gen31 Eur 5,5;EUR;1000;Senior;27/10/2000;;04/01/2031;;
26/03/2022;MOT;EUROMOT;DE0001135143;Bund Tf 6.25% Ge30 Eur;EUR;1000;Senior;04/01/2000;;04/01/2030;;
26/03/2022;MOT;EUROMOT;DE0001135085;Bund Lg28 Eur 4,75;EUR;1000;Senior;04/07/1998;;04/07/2028;;
26/03/2022;MOT;EUROMOT;DE0001135069;Bund Tf 5,625% Ge28 Eur;EUR;1000;Senior;04/01/1998;;04/01/2028;;
26/03/2022;MOT;EUROMOT;DE0001135044;Bund Tf 6,5% Lg27 Eur;EUR;1000;Senior;04/07/1997;;04/07/2027;;
26/03/2022;MOT;EUROMOT;DE0001102580;Bund Tf 0% Fb32 Eur;EUR;1000;Senior;07/01/2022;;15/02/2032;;
26/03/2022;MOT;EUROMOT;DE0001102572;Bund Tf 0% Ag52 Eur;EUR;1000;Senior;15/08/2021;;15/08/2052;;
26/03/2022;MOT;EUROMOT;DE0001102564;Bund Tf 0% Ag31 Eur;EUR;1000;Senior;18/06/2021;;15/08/2031;;
26/03/2022;MOT;EUROMOT;DE0001102556;Bund Tf 0% Nv28 Eur;EUR;1000;Senior;29/04/2021;;15/11/2028;;
26/03/2022;MOT;EUROMOT;DE0001102549;Bund Tf 0% Mg36 Eur;EUR;1000;Senior;05/03/2021;;15/05/2036;;
26/03/2022;MOT;EUROMOT;DE0001102531;Bund Tf 0% Fb31 Eur;EUR;1000;Senior;08/01/2021;;15/02/2031;;
26/03/2022;MOT;EUROMOT;DE0001102523;Bund Tf 0% Nv27 Eur;EUR;1000;Senior;14/05/2020;;15/11/2027;;
26/03/2022;MOT;EUROMOT;DE0001102515;Bund Tf 0% Mg35 Eur;EUR;1000;Senior;13/05/2020;;15/05/2035;;
26/03/2022;MOT;EUROMOT;DE0001102507;Bund Tf 0% Ag30 Eur;EUR;1000;Senior;19/06/2020;;15/08/2030;;
26/03/2022;MOT;EUROMOT;DE0001102499;Bund Tf 0% Fb30 Eur;EUR;1000;Senior;10/01/2020;;15/02/2030;;
26/03/2022;MOT;EUROMOT;DE0001102481;Bund Tf 0% Ag50 Eur;EUR;1000;Senior;15/08/2019;;15/08/2050;;
26/03/2022;MOT;EUROMOT;DE0001102473;Bund Tf 0% Ag29 Eur;EUR;1000;Senior;12/07/2019;;15/08/2029;;
26/03/2022;MOT;EUROMOT;DE0001102465;Bund Tf 0,25% Fb29 Eur;EUR;1000;Senior;11/01/2019;;15/02/2029;;
26/03/2022;MOT;EUROMOT;DE0001102457;Bund Tf 0,25% Ag28 Eur;EUR;1000;Senior;13/07/2018;;15/08/2028;;
26/03/2022;MOT;EUROMOT;DE0001102440;Bund Tf 0,5% Fb28 Eur;EUR;1000;Senior;12/01/2018;;15/02/2028;;
26/03/2022;MOT;EUROMOT;DE0001102432;Bund Tf 1,25% Ag48 Eur;EUR;1000;Senior;15/08/2017;;15/08/2048;;
26/03/2022;MOT;EUROMOT;DE0001102424;Bund Tf 0,5% Ag27 Eur;EUR;1000;Senior;14/07/2017;;15/08/2027;;
26/03/2022;MOT;EUROMOT;DE0001102416;Bund Tf 0,25% Fb27 Eur;EUR;1000;Senior;13/01/2017;;15/02/2027;;
26/03/2022;MOT;EUROMOT;DE0001102408;Bund Tf 0% Ag26 Eur;EUR;1000;Senior;15/07/2016;;15/08/2026;;
26/03/2022;MOT;EUROMOT;DE0001102341;Bund Tf 2,50% Ag46 Eur;EUR;1000;Senior;28/02/2014;;15/08/2046;;
26/03/2022;MOT;EUROMOT;DE0001030732;Bund Green Bond Tf 0% Ag31 Eur;EUR;1000;Senior;18/06/2021;;15/08/2031;;
26/03/2022;MOT;EUROMOT;DE0001030724;Bund Green Bond Tf 0% Ag50 Eur;EUR;1000;Senior;15/08/2020;;15/08/2050;;
26/03/2022;MOT;EUROMOT;DE0001030708;Bund Green Bond Tf 0% Ag30 Eur;EUR;1000;Senior;19/06/2020;;15/08/2030;;
26/03/2022;MOT;EUROMOT;DE0001030583;Bundei 0,1% Ap33 Eur;EUR;1000;Senior;11/02/2021;;15/04/2033;;
26/03/2022;MOT;EUROMOT;DE0001030575;Bundei 0,1% Ap46 Eur;EUR;1000;Senior;15/04/2015;;15/04/2046;;
26/03/2022;MOT;EUROMOT;DE0001030559;Bundei 0,5% Ap30 Eur;EUR;1000;Senior;10/04/2014;;15/04/2030;;
26/03/2022;MOT;EUROMOT;BE0000355645;Belgium Tf 1,4% Gn53 Eur;EUR;1000;Senior;22/02/2022;;22/06/2053;;
26/03/2022;MOT;EUROMOT;BE0000354630;Belgium Tf 0,35% Gn32 Eur;EUR;1000;Senior;25/01/2022;;22/06/2032;;
26/03/2022;MOT;EUROMOT;BE0000353624;Belgium Tf 0,65% Gn71 Eur;EUR;1000;Senior;09/02/2021;;22/06/2071;;
26/03/2022;MOT;EUROMOT;BE0000352618;Belgium Tf 0% Ot31 Eur;EUR;1000;Senior;19/01/2021;;22/10/2031;;
26/03/2022;MOT;EUROMOT;BE0000351602;Belgium Tf 0% Ot27 Eur;EUR;1000;Senior;07/04/2020;;22/10/2027;;
26/03/2022;MOT;EUROMOT;BE0000350596;Belgium Tf 0,4% Gn40 Eur;EUR;1000;Senior;25/02/2020;;22/06/2040;;
26/03/2022;MOT;EUROMOT;BE0000349580;Belgium Tf 0,1% Gn30 Eur;EUR;1000;Senior;22/01/2020;;22/06/2030;;
26/03/2022;MOT;EUROMOT;BE0000348574;Belgium Tf 1,7% Gn50 Eur;EUR;1000;Senior;05/02/2019;;22/06/2050;;
26/03/2022;MOT;EUROMOT;BE0000347568;Belgium Tf 0,9% Gn29 Eur;EUR;1000;Senior;15/01/2019;;22/06/2029;;
26/03/2022;MOT;EUROMOT;BE0000346552;Belgium Green Bond Tf 1,25% Ap33 Eur;EUR;1000;Senior;05/03/2018;;22/04/2033;;
26/03/2022;MOT;EUROMOT;BE0000345547;Belgium Tf 0,8% Gn28 Eur;EUR;1000;Senior;23/01/2018;;22/06/2028;;
26/03/2022;MOT;EUROMOT;BE0000344532;Belgium Tf 1,45% Gn37 Eur;EUR;1000;Senior;31/05/2017;;22/06/2037;;
26/03/2022;MOT;EUROMOT;BE0000343526;Belgium Tf 2,25% Gn57 Eur;EUR;1000;Senior;14/02/2017;;22/06/2057;;
26/03/2022;MOT;EUROMOT;BE0000341504;Belgium Tf 0,8% Gn27 Eur;EUR;1000;Senior;24/01/2017;;22/06/2027;;
26/03/2022;MOT;EUROMOT;BE0000340498;Belgium Tf 2,15% Gn66 Eur;EUR;1000;Senior;06/05/2016;;22/06/2066;;
26/03/2022;MOT;EUROMOT;BE0000338476;Belgium Tf 1,6% Gn47 Eur;EUR;1000;Senior;08/03/2016;;22/06/2047;;
26/03/2022;MOT;EUROMOT;BE0000337460;Belgium Tf 1% Gn26 Eur;EUR;1000;Senior;20/01/2016;;22/06/2026;;
26/03/2022;MOT;EUROMOT;BE0000336454;Belgium Tf 1,9% Gn38 Eur;EUR;1000;Senior;16/09/2015;;22/06/2038;;
26/03/2022;MOT;EUROMOT;BE0000335449;Belgium Tf 1% Gn31 Eur;EUR;1000;Senior;17/02/2015;;22/06/2031;;
26/03/2022;MOT;EUROMOT;BE0000333428;Belgium Tf 3% Gn34 Eur;EUR;1000;Senior;18/03/2014;;22/06/2034;;
26/03/2022;MOT;EUROMOT;BE0000331406;Belgium Tf 3,75% Gn45 Eur;EUR;1000;Senior;17/09/2013;;22/06/2045;;
26/03/2022;MOT;EUROMOT;BE0000326356;Belgium Tf 4% Mz32 Eur;EUR;1000;Senior;21/03/2012;;28/03/2032;;
26/03/2022;MOT;EUROMOT;BE0000320292;Belgium Tf 4,25% Mz41 Eur;EUR;1000;Senior;21/04/2010;;28/03/2041;;
26/03/2022;MOT;EUROMOT;BE0000304130;Belgium Tf 5% Mz35 Eur;EUR;1000;Senior;19/05/2004;;28/03/2035;;
26/03/2022;MOT;EUROMOT;BE0000291972;Belgium Tf 5,50% Mz28 Eur;EUR;1000;Senior;28/03/1997;;28/03/2028;;
26/03/2022;MOT;EUROMOT;AU3CB0235612;Eib Tf 3,1% Ag26 Aud;AUD;1000;Senior;17/02/2016;;17/08/2026;;
26/03/2022;MOT;EUROMOT;AT0000A2VB47;Austria Tf 0% Ot28 Eur;EUR;1000;Senior;26/01/2022;;20/10/2028;;
26/03/2022;MOT;EUROMOT;AT0000A2T198;Austria Tf 0,25% Ot36 Eur;EUR;1000;Senior;23/09/2021;;20/10/2036;;
26/03/2022;MOT;EUROMOT;AT0000A2QQB6;Austria Tf 0,7% Ap71 Eur;EUR;1000;Senior;20/04/2021;;20/04/2071;;
26/03/2022;MOT;EUROMOT;AT0000A2NW83;Austria Tf 0% Fb31 Eur;EUR;1000;Senior;03/02/2021;;20/02/2031;;
26/03/2022;MOT;EUROMOT;AT0000A2KQ43;Austria Tf 0% Ot40 Eur;EUR;1000;Senior;22/10/2020;;20/10/2040;;
26/03/2022;MOT;EUROMOT;AT0000A2HLC4;Austria Tf 0,85% Gn2120 Eur;EUR;1000;Senior;30/06/2020;;30/06/2120;;
26/03/2022;MOT;EUROMOT;AT0000A2EJ08;Austria Tf 0,75% Mz51 Eur;EUR;1000;Senior;02/04/2020;;20/03/2051;;
26/03/2022;MOT;EUROMOT;AT0000A2CQD2;Austria Tf 0% Fb30 Eur;EUR;1000;Senior;05/02/2020;;20/02/2030;;
26/03/2022;MOT;EUROMOT;AT0000A269M8;Austria Tf 0,5% Fb29 Eur;EUR;1000;Senior;05/02/2019;;20/02/2029;;
26/03/2022;MOT;EUROMOT;AT0000A1ZGE4;Austria Tf 0,75% Fb28 Eur;EUR;1000;Senior;25/01/2018;;20/02/2028;;
26/03/2022;MOT;EUROMOT;AT0000A1XML2;Austria Tf 2,1% St2117 Eur;EUR;1000;Senior;20/09/2017;;20/09/2117;;
26/03/2022;MOT;EUROMOT;AT0000A1VGK0;Austria Tf 0,5% Ap27 Eur;EUR;1000;Senior;20/04/2017;;20/04/2027;;
26/03/2022;MOT;EUROMOT;AT0000A1PEF7;Austria Tf 1,5% Nv86 Eur;EUR;1000;Senior;02/11/2016;;02/11/2086;;
26/03/2022;MOT;EUROMOT;AT0000A1K9F1;Austria Tf 1,5% Fb47 Eur;EUR;1000;Senior;23/02/2016;;20/02/2047;;
26/03/2022;MOT;EUROMOT;AT0000A1K9C8;Austria Tf 0,75% Ot26 Eur;EUR;1000;Senior;23/02/2016;;20/10/2026;;
26/03/2022;MOT;EUROMOT;AT0000A10683;Austria Tf 2,4% Mg34 Eur;EUR;1000;Senior;17/04/2013;;23/05/2034;;
26/03/2022;MOT;EUROMOT;AT0000A0VRQ6;Austria Tf 3,15% Gn44 Eur;EUR;1000;Senior;03/07/2012;;20/06/2044;;
26/03/2022;MOT;EUROMOT;AT0000A0U299;Austria Tf 3,8% Ge62 Eur;EUR;1000;Senior;26/01/2012;;26/01/2062;;
26/03/2022;MOT;EUROMOT;AT0000A04967;Austria Mz37 Eur 4,15;EUR;1000;Senior;15/03/2006;;15/03/2037;;
26/03/2022;MOT;EUROMOT;AT0000383864;Austria Tf 6.25% Lg27 Eur;EUR;1000;Senior;15/07/1997;;15/07/2027;;
26/03/2022;MOT;BTP;IT0005484552;Btp Tf 1,1% Ap27 Eur;EUR;1000;Senior;01/03/2022;;01/04/2027;;
26/03/2022;MOT;BTP;IT0005482994;Btpi Tf 0,1% Mg33 Eur;EUR;1000;Senior;15/11/2021;;15/05/2033;;
26/03/2022;MOT;BTP;IT0005480980;Btp Tf 2,15% St52 Eur;EUR;1000;Senior;12/01/2022;;01/09/2052;;
26/03/2022;MOT;BTP;IT0005467482;Btp Tf 0,45% Fb29 Eur;EUR;1000;Senior;15/11/2021;;15/02/2029;;
26/03/2022;MOT;BTP;IT0005466351;Btp Futura Nv33 Eur;EUR;1000;Senior;16/11/2021;;16/11/2033;;
26/03/2022;MOT;BTP;IT0005466013;Btp Tf 0,95% Gn32 Eur;EUR;1000;Senior;01/11/2021;;01/06/2032;;
26/03/2022;MOT;BTP;IT0005454241;Btp Tf 0% Ag26 Eur;EUR;1000;Senior;01/08/2021;;01/08/2026;;
26/03/2022;MOT;BTP;IT0005449969;Btp Tf 0,95% Dc31 Eur;EUR;1000;Senior;01/06/2021;;01/12/2031;;
26/03/2022;MOT;BTP;IT0005445306;Btp Tf 0,5% Lg28 Eur;EUR;1000;Senior;17/05/2021;;15/07/2028;;
26/03/2022;MOT;BTP;IT0005442097;Btp Futura Ap37 Eur;EUR;1000;Senior;27/04/2021;;27/04/2037;;
26/03/2022;MOT;BTP;IT0005441883;Btp Tf 2,15% Mz72 Eur;EUR;1000;Senior;01/03/2021;;01/03/2072;;
26/03/2022;MOT;BTP;IT0005438004;Btpgreen 1,5%Ap45eur;EUR;1000;Senior;30/10/2020;;30/04/2045;;
26/03/2022;MOT;BTP;IT0005436701;Btpi Tf 0,15% Mg51 Eur;EUR;1000;Senior;15/11/2020;;15/05/2051;;
26/03/2022;MOT;BTP;IT0005436693;Btp Tf 0,6% Ag31 Eur;EUR;1000;Senior;01/02/2021;;01/08/2031;;
26/03/2022;MOT;BTP;IT0005433690;Btp Tf 0,25% Mz28 Eur;EUR;1000;Senior;18/01/2021;;15/03/2028;;
26/03/2022;MOT;BTP;IT0005433195;Btp Tf 0,95% Mz37 Eur;EUR;1000;Senior;12/01/2021;;01/03/2037;;
26/03/2022;MOT;BTP;IT0005425761;Btp Futura Nv28 Eur;EUR;1000;Senior;17/11/2020;;17/11/2028;;
26/03/2022;MOT;BTP;IT0005425233;Btp Tf 1,7% St51 Eur;EUR;1000;Senior;01/09/2020;;01/09/2051;;
26/03/2022;MOT;BTP;IT0005422891;Btp Tf 0,90% Ap31 Eur;EUR;1000;Senior;01/10/2020;;01/04/2031;;
26/03/2022;MOT;BTP;IT0005421703;Btp Tf 1,8% Mz41 Eur;EUR;1000;Senior;15/09/2020;;01/03/2041;;
26/03/2022;MOT;BTP;IT0005416570;Btp Tf 0,95% St27 Eur;EUR;1000;Senior;16/07/2020;;15/09/2027;;
26/03/2022;MOT;BTP;IT0005415416;Btpi Tf 0,65% Mg26 Eur;EUR;1000;Senior;29/06/2020;;15/05/2026;;
26/03/2022;MOT;BTP;IT0005415291;Btp Futura Lg30 Eur;EUR;1000;Senior;14/07/2020;;14/07/2030;;
26/03/2022;MOT;BTP;IT0005413171;Btp Tf 1,65% Dc30 Eur;EUR;1000;Senior;01/06/2020;;01/12/2030;;
26/03/2022;MOT;BTP;IT0005403396;Btp Tf 0,95% Ag30 Eur;EUR;1000;Senior;01/03/2020;;01/08/2030;;
26/03/2022;MOT;BTP;IT0005402117;Btp Tf 1,45% Mz36 Eur;EUR;1000;Senior;18/02/2020;;01/03/2036;;
26/03/2022;MOT;BTP;IT0005398406;Btp Tf 2,45% St50 Eur;EUR;1000;Senior;01/09/2019;;01/09/2050;;
26/03/2022;MOT;BTP;IT0005390874;Btp Tf 0,85% Ge27 Eur;EUR;1000;Senior;15/11/2019;;15/01/2027;;
26/03/2022;MOT;BTP;IT0005388175;Btp Italia Ot27 Eur;EUR;1000;Senior;28/10/2019;;28/10/2027;100;
26/03/2022;MOT;BTP;IT0005387052;Btpi Tf 0,4% Mg30 Eur;EUR;1000;Senior;15/05/2019;;15/05/2030;;
26/03/2022;MOT;BTP;IT0005383309;Btp Tf 1,35% Ap30 Eur;EUR;1000;Senior;01/09/2019;;01/04/2030;;
26/03/2022;MOT;BTP;IT0005377152;Btp Tf 3,1% Mz40 Eur;EUR;1000;Senior;01/03/2019;;01/03/2040;;
26/03/2022;MOT;BTP;IT0005370306;Btp Tf 2,10% Lg26 Eur;EUR;1000;Senior;15/04/2019;;15/07/2026;;
26/03/2022;MOT;BTP;IT0005365165;Btp Tf 3,00% Ag29 Eur;EUR;1000;Senior;01/02/2019;;01/08/2029;;
26/03/2022;MOT;BTP;IT0005363111;Btp Tf 3,85% St49 Eur;EUR;1000;Senior;01/09/2018;;01/09/2049;;
26/03/2022;MOT;BTP;IT0005358806;Btp Tf 3,35% Mz35 Eur;EUR;1000;Senior;01/09/2018;;01/03/2035;;
26/03/2022;MOT;BTP;IT0005340929;Btp Tf 2,80% Dc28 Eur;EUR;1000;Senior;01/08/2018;;01/12/2028;;
26/03/2022;MOT;BTP;IT0005332835;Btp Italia Mg26 Eur;EUR;1000;Senior;21/05/2018;;21/05/2026;100;
26/03/2022;MOT;BTP;IT0005323032;Btp Tf 2,00% Fb28 Eur;EUR;1000;Senior;01/02/2018;;01/02/2028;;
26/03/2022;MOT;BTP;IT0005321325;Btp Tf 2,95% St38 Eur;EUR;1000;Senior;01/09/2017;;01/09/2038;;
26/03/2022;MOT;BTP;IT0005274805;Btp Tf 2,05% Ag27 Eur;EUR;1000;Senior;04/07/2017;;01/08/2027;;
26/03/2022;MOT;BTP;IT0005273013;Btp Tf 3,45% Mz48 Eur;EUR;1000;Senior;01/03/2017;;01/03/2048;;
26/03/2022;MOT;BTP;IT0005246134;Btpi Tf 1,30% Mg28 Eur;EUR;1000;Senior;15/11/2016;;15/05/2028;;
26/03/2022;MOT;BTP;IT0005240830;Btp Tf 2,20% Gn27 Eur;EUR;1000;Senior;01/02/2017;;01/06/2027;;
26/03/2022;MOT;BTP;IT0005240350;Btp Tf 2,45% St33 Eur;EUR;1000;Senior;01/09/2016;;01/09/2033;;
26/03/2022;MOT;BTP;IT0005217390;Btp Tf 2,8% Mz67 Eur;EUR;1000;Senior;01/09/2016;;01/03/2067;;
26/03/2022;MOT;BTP;IT0005210650;Btp Tf 1.25% Dc26 Eur;EUR;1000;Senior;01/08/2016;;01/12/2026;;
26/03/2022;MOT;BTP;IT0005177909;Btp Tf 2,25% St36 Eur;EUR;1000;Senior;01/03/2016;;01/09/2036;;
26/03/2022;MOT;BTP;IT0005170839;Btp Tf 1,60% Gn26 Eur;EUR;1000;Senior;01/03/2016;;01/06/2026;;
26/03/2022;MOT;BTP;IT0005162828;Btp Tf 2,7% Mz47 Eur;EUR;1000;Senior;09/02/2016;;01/03/2047;;
26/03/2022;MOT;BTP;IT0005138828;Btpi Tf 1,25% St32 Eur;EUR;1000;Senior;15/09/2015;;15/09/2032;;
26/03/2022;MOT;BTP;IT0005094088;Btp Tf 1,65% Mz32 Eur;EUR;1000;Senior;01/03/2015;;01/03/2032;;
26/03/2022;MOT;BTP;IT0005083057;Btp Tf 3,25% St46 Eur;EUR;1000;Senior;01/09/2014;;01/09/2046;;
26/03/2022;MOT;BTP;IT0005024234;Btp Tf 3,50% Mz30 Eur;EUR;1000;Senior;01/03/2014;;01/03/2030;;
26/03/2022;MOT;BTP;IT0004976558;Btp Coupon Strip Zc Mz30 Eur;EUR;1000;Senior;22/05/2013;;01/03/2030;;
26/03/2022;MOT;BTP;IT0004976525;Btp Coupon Strip Zc St28 Eur;EUR;1000;Senior;22/05/2013;;01/09/2028;;
26/03/2022;MOT;BTP;IT0004923998;Btp Tf 4,75% St44 Eur;EUR;1000;Senior;01/03/2013;;01/09/2044;;
26/03/2022;MOT;BTP;IT0004889033;Btp Tf 4,75% St28 Eur;EUR;1000;Senior;22/01/2013;;01/09/2028;;
26/03/2022;MOT;BTP;IT0004848492;Btp Coupon Strip Zc Mg31 Eur;EUR;1000;Senior;17/03/2000;;01/05/2031;;
26/03/2022;MOT;BTP;IT0004848484;Btp Coupon Strip Zc Nv29 Eur;EUR;1000;Senior;18/11/1998;;01/11/2029;;
26/03/2022;MOT;BTP;IT0004848476;Btp Coupon Strip Zc Nv27 Eur;EUR;1000;Senior;18/11/1997;;01/11/2027;;
26/03/2022;MOT;BTP;IT0004848443;Btp Coupon Strip Zc Nv26 Eur;EUR;1000;Senior;27/07/1998;;01/11/2026;;
26/03/2022;MOT;BTP;IT0004735152;Btpi-15st26 3,1%;EUR;1000;Senior;15/03/2011;;15/09/2026;;
26/03/2022;MOT;BTP;IT0004545890;Btpi-15st41 2,55%;EUR;1000;Senior;15/09/2009;;15/09/2041;;
26/03/2022;MOT;BTP;IT0004532559;Btp-1st40 5%;EUR;1000;Senior;01/09/2009;;01/09/2040;;
26/03/2022;MOT;BTP;IT0004286966;Btp-1ag39 5%;EUR;1000;Senior;01/08/2007;;01/08/2039;;
26/03/2022;MOT;BTP;IT0003934657;Btp-1fb37 4%;EUR;1000;Senior;01/08/2005;;01/02/2037;;
26/03/2022;MOT;BTP;IT0003745541;Btpi-15st35 2,35%;EUR;1000;Senior;15/09/2004;;15/09/2035;;
26/03/2022;MOT;BTP;IT0003535157;Btp-1ag34 5%;EUR;1000;Senior;01/08/2003;;01/08/2034;;
26/03/2022;MOT;BTP;IT0003256820;Btp-1fb33 5,75%;EUR;1000;Senior;01/02/2002;;01/02/2033;;
26/03/2022;MOT;BTP;IT0001444378;Btp-1mg31 6%;EUR;1000;Senior;01/11/1999;;01/05/2031;;
26/03/2022;MOT;BTP;IT0001278511;Btp-1nv29 5,25%;EUR;1000;Senior;01/11/1998;;01/11/2029;;
26/03/2022;MOT;BTP;IT0001174611;Btp-1nv27 6,5%;EUR;1000;Senior;01/11/1997;;01/11/2027;;
26/03/2022;MOT;BTP;IT0001086567;Btp-1nv26 7,25%;EUR;1000;Senior;01/11/1996;;01/11/2026;;
